"Supplied Name","guid","scientificName","family","kingdom","acceptedNameUsage","Kingdom","Phylum","Class","Order","Family","TaxonRank","TaxonomicStatus"
"Nome Científico",,,,,"acceptedNameUsage","kingdom","phylum","class","order","family","taxonRank","taxonomicStatus"
"Abramites hypselonotus (Günther, 1868)","CPNT","Abramites hypselonotus (Günther, 1868)","Anostomidae",,,"Animalia","Chordata","Actinopterygii","Characiformes","Anostomidae","species","ACCEPTED"
"Acacia auriculiformis A.Cunn. ex Benth.","85CB","Acacia auriculiformis A.Cunn. ex Benth.","Fabaceae",,,"Plantae","Tracheophyta","Magnoliopsida","Fabales","Fabaceae","species","ACCEPTED"
"Acacia caven (Molina) Molina","BH42","Vachellia caven (Molina) Seigler & Ebinger","Fabaceae",,"Vachellia caven (Molina) Seigler & Ebinger","Plantae","Tracheophyta","Magnoliopsida","Fabales","Fabaceae","species","SYNONYM"
"Acacia decurrens Willd.","9HL5","Acacia decurrens Willd.","Fabaceae",,,"Plantae","Tracheophyta","Magnoliopsida","Fabales","Fabaceae","species","ACCEPTED"
"Acacia farnesiana (L.) Willd.","6RLQ","Vachellia farnesiana (L.) Wight & Arn.","Fabaceae",,"Vachellia farnesiana Wight & Arn.","Plantae","Tracheophyta","Magnoliopsida","Fabales","Fabaceae","species","SYNONYM"
"Acacia holosericea A.Cunn. ex G.Don","3NMP","Acacia holosericea A.Cunn. ex G.Don","Fabaceae",,,"Plantae","Tracheophyta","Magnoliopsida","Fabales","Fabaceae","species","ACCEPTED"
"Acacia longifolia (Andrews) Willd.","38YW","Acacia longifolia (Andrews) Willd.","Fabaceae",,,"Plantae","Tracheophyta","Magnoliopsida","Fabales","Fabaceae","species","ACCEPTED"
"Acacia mangium Willd.","7J6D","Acacia mangium Willd.","Fabaceae",,,"Plantae","Tracheophyta","Magnoliopsida","Fabales","Fabaceae","species","ACCEPTED"
"Acacia mearnsii De Wild.","J3WF","Acacia mearnsii De Wild.","Fabaceae",,,"Plantae","Tracheophyta","Magnoliopsida","Fabales","Fabaceae","species","ACCEPTED"
"Acacia melanoxylon R.Br.","6R3V","Acacia melanoxylon R.Br.","Fabaceae",,,"Plantae","Tracheophyta","Magnoliopsida","Fabales","Fabaceae","species","ACCEPTED"
"Acacia podalyriifolia Cunn. ex Don","273719","Acacia podalyriifolia","Fabaceae",,,"Plantae","Tracheophyta","Magnoliopsida","Fabales","Fabaceae","species","ACCEPTED"
"Acer negundo L.","B97F","Acer negundo L.","Sapindaceae",,,"Plantae","Tracheophyta","Magnoliopsida","Sapindales","Sapindaceae","species","ACCEPTED"
"Achatina fulica (Férussac, 1821)","CWMT","Lissachatina fulica (Férussac, 1821)","Achatinidae",,"Lissachatina fulica (Férussac, 1821)","Animalia","Mollusca","Gastropoda","Stylommatophora","Achatinidae","species","SYNONYM"
"Achillea millefolium L.","63RY","Achillea millefolium L.","Asteraceae",,,"Plantae","Tracheophyta","Magnoliopsida","Asterales","Asteraceae","species","ACCEPTED"
"Acmella alba (L'Hér.) R.K.Jansen","FGLT","Acmella alba (L'Hér.) R.K.Jansen","Asteraceae",,,"Plantae","Tracheophyta","Magnoliopsida","Asterales","Asteraceae","species","ACCEPTED"
"Acmella alpestris (Griseb.) R.K.Jansen","H2WS","Acmella alpestris (Griseb.) R.K.Jansen","Asteraceae",,,"Plantae","Tracheophyta","Magnoliopsida","Asterales","Asteraceae","species","ACCEPTED"
"Acmella grisea (Chodat) R.K.Jansen","62PT","Acmella grisea (Chodat) R.K.Jansen","Asteraceae",,,"Plantae","Tracheophyta","Magnoliopsida","Asterales","Asteraceae","species","ACCEPTED"
"Acmella oleracea (L.) R.K.Jansen","4B8G","Acmella oleracea (L.) R.K.Jansen","Asteraceae",,,"Plantae","Tracheophyta","Magnoliopsida","Asterales","Asteraceae","species","ACCEPTED"
"Acmella oppositifolia (Lamarck) R.K.Jansen","392367","Acmella oppositifolia","Asteraceae",,,"Plantae","Tracheophyta","Magnoliopsida","Asterales","Asteraceae","species","ACCEPTED"
"Adenanthera pavonina L.","7RV","Adenanthera pavonina L.","Fabaceae",,,"Plantae","Tracheophyta","Magnoliopsida","Fabales","Fabaceae","species","ACCEPTED"
"Aedes aegypti (Linnaeus, 1762)","4CTQ","Aedes (Stegomyia) aegypti (Linnaeus, 1762)","Culicidae",,,"Animalia","Arthropoda","Insecta","Diptera","Culicidae","species","ACCEPTED"
"Aedes albopictus Skuse, 1894","CLJW","Aedes (Stegomyia) albopictus (Skuse, 1894)","Culicidae",,,"Animalia","Arthropoda","Insecta","Diptera","Culicidae","species","ACCEPTED"
"Agabiformius lentus (Budde-Lund, 1885)","CPS","Agabiformius lentus (Budde-Lund, 1885)","Porcellionidae",,,"Animalia","Arthropoda","Malacostraca","Isopoda","Porcellionidae","species","ACCEPTED"
"Agave americana L.","GLPG","Agave americana L.","Asparagaceae",,,"Plantae","Tracheophyta","Liliopsida","Asparagales","Asparagaceae","species","ACCEPTED"
"Agave sisalana Perrine","HXVJ","Agave sisalana Perrine ex Engelm.","Asparagaceae",,,"Plantae","Tracheophyta","Liliopsida","Asparagales","Asparagaceae","species","ACCEPTED"
"Agrostemma githago L.","42N6","Agrostemma githago L.","Caryophyllaceae",,,"Plantae","Tracheophyta","Magnoliopsida","Caryophyllales","Caryophyllaceae","species","ACCEPTED"
"Agrostis capillaris L.","BP7","Agrostis capillaris L.","Poaceae",,,"Plantae","Tracheophyta","Liliopsida","Poales","Poaceae","species","ACCEPTED"
"Aira elegantissima Schur","CMFR","Aira elegantissima Schur","Poaceae",,"Aira elegans Willd. ex Roem. & Schult.","Plantae","Tracheophyta","Liliopsida","Poales","Poaceae","species","SYNONYM"
"Albizia falcata (L.) Backer","7FNZ","Falcataria falcata (L.) Greuter & R.Rankin","Fabaceae",,"Falcataria moluccana (Miq.) Barneby & J.W.Grimes","Plantae","Tracheophyta","Magnoliopsida","Fabales","Fabaceae","species","HETEROTYPIC_SYNONYM"
"Albizia julibrissin Durazz.","6V3D","Albizia julibrissin Durazz.","Fabaceae",,,"Plantae","Tracheophyta","Magnoliopsida","Fabales","Fabaceae","species","ACCEPTED"
"Albizia lebbeck (L.) Benth.","KWC","Albizia lebbeck (L.) Benth.","Fabaceae",,,"Plantae","Tracheophyta","Magnoliopsida","Fabales","Fabaceae","species","ACCEPTED"
"Albizia procera Benth.","7WLK","Albizia procera (Roxb.) Benth.","Fabaceae",,,"Plantae","Tracheophyta","Magnoliopsida","Fabales","Fabaceae","species","ACCEPTED"
"Aldama tuberosa (Griseb.) E.E.Schill. & Panero","6NZ3","Aldama tuberosa (Griseb.) E.E.Schill. & Panero","Asteraceae",,,"Plantae","Tracheophyta","Magnoliopsida","Asterales","Asteraceae","species","ACCEPTED"
"Aleurites moluccanus Willd.","7PBT","Aleurites moluccanus (L.) Willd.","Euphorbiaceae",,,"Plantae","Tracheophyta","Magnoliopsida","Malpighiales","Euphorbiaceae","species","ACCEPTED"
"Alexandrium tamarense (Lebour) Balech, 1995","F3LR","Alexandrium catenella (Whedon & Kofoid) Balech",,,,"Chromista","Myzozoa","Dinophyceae","Thoracosphaerales","Thoracosphaeraceae","species","ACCEPTED"
"Alitta succinea (Leuckart, 1847)","BVL2","Alitta succinea (Leuckart, 1847)","Nereididae",,,"Animalia","Annelida","Polychaeta","Phyllodocida","Nereididae","species","ACCEPTED"
"Alloteropsis cimicina (L.) Stapf","9DD3","Alloteropsis cimicina (L.) Stapf","Poaceae",,,"Plantae","Tracheophyta","Liliopsida","Poales","Poaceae","species","ACCEPTED"
"Alocasia macrorrhizos (L.) G.Don","GHM5","Alocasia macrorrhizos (L.) G.Don","Araceae",,,"Plantae","Tracheophyta","Liliopsida","Alismatales","Araceae","species","ACCEPTED"
"Alpinia zerumbet (Pers.) B.L.Burtt & R.M.Sm.","7T72","Alpinia zerumbet (Pers.) B.L.Burtt & R.M.Sm.","Zingiberaceae",,,"Plantae","Tracheophyta","Liliopsida","Zingiberales","Zingiberaceae","species","ACCEPTED"
"Alternanthera bettzichiana (Regel) Voss","FMQQ","Alternanthera bettzichiana (Regel) G.Nicholson","Amaranthaceae",,"Alternanthera ficoidea R.Br.","Plantae","Tracheophyta","Magnoliopsida","Caryophyllales","Amaranthaceae","species","SYNONYM"
"Alternanthera pubiflora Kuntze","HVF7","Alternanthera pubiflora (Benth.) Kuntze","Amaranthaceae",,,"Plantae","Tracheophyta","Magnoliopsida","Caryophyllales","Amaranthaceae","species","ACCEPTED"
"Alysicarpus vaginalis DC.","3MRZ","Alysicarpus vaginalis (L.) DC.","Fabaceae",,,"Plantae","Tracheophyta","Magnoliopsida","Fabales","Fabaceae","species","ACCEPTED"
"Amaranthus blitum L.","CL9","Amaranthus blitum L.","Amaranthaceae",,,"Plantae","Tracheophyta","Magnoliopsida","Caryophyllales","Amaranthaceae","species","ACCEPTED"
"Amaranthus caudatus L.","7TNY","Amaranthus caudatus L.","Amaranthaceae",,,"Plantae","Tracheophyta","Magnoliopsida","Caryophyllales","Amaranthaceae","species","ACCEPTED"
"Amaranthus cruentus L.","7PNN","Amaranthus cruentus L.","Amaranthaceae",,,"Plantae","Tracheophyta","Magnoliopsida","Caryophyllales","Amaranthaceae","species","ACCEPTED"
"Amaranthus deflexus L.","B4C5","Amaranthus deflexus L.","Amaranthaceae",,,"Plantae","Tracheophyta","Magnoliopsida","Caryophyllales","Amaranthaceae","species","ACCEPTED"
"Amaranthus hybridus L.","3D4F","Amaranthus hybridus L.","Amaranthaceae",,,"Plantae","Tracheophyta","Magnoliopsida","Caryophyllales","Amaranthaceae","species","ACCEPTED"
"Amaranthus muricatus (Moq.) Hieron.","8RB8","Amaranthus muricatus (Moq.) Hieron.","Amaranthaceae",,,"Plantae","Tracheophyta","Magnoliopsida","Caryophyllales","Amaranthaceae","species","ACCEPTED"
"Amaranthus retroflexus L.","9GNK","Amaranthus retroflexus L.","Amaranthaceae",,,"Plantae","Tracheophyta","Magnoliopsida","Caryophyllales","Amaranthaceae","species","ACCEPTED"
"Amaranthus spinosus L.","7L2S","Amaranthus spinosus L.","Amaranthaceae",,,"Plantae","Tracheophyta","Magnoliopsida","Caryophyllales","Amaranthaceae","species","ACCEPTED"
"Amaryllis belladonna L.","K2S","Amaryllis belladonna L.","Amaryllidaceae",,,"Plantae","Tracheophyta","Liliopsida","Asparagales","Amaryllidaceae","species","ACCEPTED"
"Amazona aestiva (Linnaeus, 1758)","J9HW","Amazona aestiva (Linnaeus, 1758)","Psittacidae",,,"Animalia","Chordata","Aves","Psittaciformes","Psittacidae","species","ACCEPTED"
"Ambrosia artemisiifolia L.","GMGR","Ambrosia artemisiifolia L.","Asteraceae",,,"Plantae","Tracheophyta","Magnoliopsida","Asterales","Asteraceae","species","ACCEPTED"
"Ammi majus L.","BN8D","Ammi majus L.","Apiaceae",,,"Plantae","Tracheophyta","Magnoliopsida","Apiales","Apiaceae","species","ACCEPTED"
"Amphibalanus amphitrite Darwin, 1854","BCRH","Amphibalanus amphitrite (Darwin, 1854)","Balanidae",,,"Animalia","Arthropoda","Maxillopoda","Sessilia","Balanidae","species","ACCEPTED"
"Amphibalanus reticulatus Utinomi, 1967","GL49","Amphibalanus reticulatus (Utinomi, 1967)","Balanidae",,,"Animalia","Arthropoda","Maxillopoda","Sessilia","Balanidae","species","ACCEPTED"
"Amphibalanus subalbidus (Henry, 1973)","DC6S","Amphibalanus subalbidus (Henry, 1974)","Balanidae",,,"Animalia","Arthropoda","Maxillopoda","Sessilia","Balanidae","species","ACCEPTED"
"Amphibalanus venustus (Darwin, 1854)","FH42","Amphibalanus venustus (Darwin, 1854)","Balanidae",,,"Animalia","Arthropoda","Maxillopoda","Sessilia","Balanidae","species","ACCEPTED"
"Anagallis arvensis L.","DFZY","Lysimachia arvensis (L.) U. Manns & Anderb.","Primulaceae",,"Lysimachia arvensis (L.) U.Manns & Anderb.","Plantae","Tracheophyta","Magnoliopsida","Ericales","Primulaceae","species","SYNONYM"
"Anas platyrhynchos Linnaeus, 1758","F3KW","Anas platyrhynchos Linnaeus, 1758","Anatidae",,,"Animalia","Chordata","Aves","Anseriformes","Anatidae","species","ACCEPTED"
"Andropogon gayanus Kunth","FSPV","Andropogon gayanus Kunth","Poaceae",,,"Plantae","Tracheophyta","Liliopsida","Poales","Poaceae","species","ACCEPTED"
"Anethum graveolens L.","F4M3","Anethum graveolens L.","Apiaceae",,,"Plantae","Tracheophyta","Magnoliopsida","Apiales","Apiaceae","species","ACCEPTED"
"Anguilla japonica Temminck & Schlegel, 1846","B9NB","Anguilla japonica Temminck & Schlegel, 1846","Anguillidae",,,"Animalia","Chordata","Actinopterygii","Anguilliformes","Anguillidae","species","ACCEPTED"
"Annona squamosa L.","BFWN","Annona squamosa L.","Annonaceae",,,"Plantae","Tracheophyta","Magnoliopsida","Magnoliales","Annonaceae","species","ACCEPTED"
"Anoda cristata (L.) Schltdl.","6D47","Anoda cristata (L.) Schltdl.","Malvaceae",,,"Plantae","Tracheophyta","Magnoliopsida","Malvales","Malvaceae","species","ACCEPTED"
"Anolis porcatus Gray, 1840","5TMY","Anolis porcatus Gray, 1840","Dactyloidae",,,"Animalia","Chordata","Reptilia","Squamata","Dactyloidae","species","ACCEPTED"
"Anthemis cotula L.","3M3H","Anthemis cotula L.","Asteraceae",,,"Plantae","Tracheophyta","Magnoliopsida","Asterales","Asteraceae","species","ACCEPTED"
"Anthemis mixta L.","4FTJ","Anthemis mixta L.","Asteraceae",,"Cladanthus mixtus (L.) Chevall.","Plantae","Tracheophyta","Magnoliopsida","Asterales","Asteraceae","species","SYNONYM"
"Anthidium manicatum (Linnaeus, 1758)","68GD","Anthidium (Anthidium) manicatum (Linnaeus, 1758)","Megachilidae",,,"Animalia","Arthropoda","Insecta","Hymenoptera","Megachilidae","species","ACCEPTED"
"Anthonomus grandis Boheman, 1843","D4HX","Anthonomus grandis Boheman, 1843","Curculionidae",,,"Animalia","Arthropoda","Insecta","Coleoptera","Curculionidae","species","DOUBTFUL"
"Anthoxanthum odoratum L.","3WKR","Anthoxanthum odoratum L.","Poaceae",,,"Plantae","Tracheophyta","Liliopsida","Poales","Poaceae","species","ACCEPTED"
"Anthurium magnificum Linden","HMDB","Anthurium magnificum Linden","Araceae",,,"Plantae","Tracheophyta","Liliopsida","Alismatales","Araceae","species","ACCEPTED"
"Antigonon leptopus Hook. & Arn.","3YWG","Antigonon leptopus Hook. & Arn.","Polygonaceae",,,"Plantae","Tracheophyta","Magnoliopsida","Caryophyllales","Polygonaceae","species","ACCEPTED"
"Aphyocharax dentatus Eigenmann & Kennedy, 1903","6MVJ","Aphyocharax dentatus Eigenmann & Kennedy, 1903","Characidae",,,"Animalia","Chordata","Actinopterygii","Characiformes","Characidae","species","ACCEPTED"
"Apis mellifera carnica Pollmann, 1879",,,,,,"Animalia","Arthropoda","Insecta","Hymenoptera","Apidae","species","ACCEPTED"
"Apis mellifera Linnaeus, 1758","CLCS","Apis mellifera Linnaeus, 1758","Apidae",,,"Animalia","Arthropoda","Insecta","Hymenoptera","Apidae","species","ACCEPTED"
"Apistogramma erythrura Staeck & Schindler, 2008","5MN","Apistogramma erythrura Staeck & Schindler, 2008","Cichlidae",,,"Animalia","Chordata","Actinopterygii","Perciformes","Cichlidae","species","ACCEPTED"
"Apium graveolens L.","GNT5","Apium graveolens L.","Apiaceae",,,"Plantae","Tracheophyta","Magnoliopsida","Apiales","Apiaceae","species","ACCEPTED"
"Apium prostratum Vent.","HT4R","Apium prostratum Labill. ex Vent.","Apiaceae",,,"Plantae","Tracheophyta","Magnoliopsida","Apiales","Apiaceae","species","ACCEPTED"
"Apium sellowianum H.Wolff","64ZT","Apium sellowianum H.Wolff","Apiaceae",,,"Plantae","Tracheophyta","Magnoliopsida","Apiales","Apiaceae","species","ACCEPTED"
"Apocyclops borneoensis Lindberg, 1954","5TY9","Apocyclops borneoensis Lindberg, 1954","Cyclopidae",,,"Animalia","Arthropoda","Hexanauplia","Cyclopoida","Cyclopidae","species","ACCEPTED"
"Arachis hypogaea L.","6NYG","Arachis hypogaea L.","Fabaceae",,,"Plantae","Tracheophyta","Magnoliopsida","Fabales","Fabaceae","species","ACCEPTED"
"Arachniodes macrostegia (Hook.) R.M.Tryon & D.S.Conant","D2H9","Arachniodes macrostegia (Hook.) R.M.Tryon & D.S.Conant","Dryopteridaceae",,"Polystichopsis macrostegia (Hook.) Nakaike","Plantae","Tracheophyta","Polypodiopsida","Polypodiales","Dryopteridaceae","species","HETEROTYPIC_SYNONYM"
"Archontophoenix cunninghamiana H.Wendl. & Drude","645F","Archontophoenix cunninghamiana (H.Wendl.) H.Wendl. & Drude","Arecaceae",,,"Plantae","Tracheophyta","Liliopsida","Arecales","Arecaceae","species","ACCEPTED"
"Arctium minus Bernh.","6BPJ","Arctium minus (Hill) Bernh.","Asteraceae",,,"Plantae","Tracheophyta","Magnoliopsida","Asterales","Asteraceae","species","ACCEPTED"
"Arenaria groenlandica (Retz.) Spreng.","CJPC","Arenaria groenlandica (Retz.) Spreng.","Caryophyllaceae",,"Mononeuria groenlandica (Retz.) Dillenb. & Kadereit","Plantae","Tracheophyta","Magnoliopsida","Caryophyllales","Caryophyllaceae","species","SYNONYM"
"Arenaria lanuginosa Rohrb.","9DMB","Arenaria lanuginosa (Michx.) Rohrb.","Caryophyllaceae",,,"Plantae","Tracheophyta","Magnoliopsida","Caryophyllales","Caryophyllaceae","species","ACCEPTED"
"Argemone mexicana L.","FG6K","Argemone mexicana L.","Papaveraceae",,,"Plantae","Tracheophyta","Magnoliopsida","Ranunculales","Papaveraceae","species","ACCEPTED"
"Aristichthys nobilis (Richardson, 1845)","9NN2","Hypophthalmichthys nobilis (Richardson, 1845)","Cyprinidae",,"Hypophthalmichthys nobilis (Richardson, 1845)","Animalia","Chordata","Actinopterygii","Cypriniformes","Cyprinidae","species","SYNONYM"
"Aristida adscensionis L.","35Z","Aristida adscensionis L.","Poaceae",,,"Plantae","Tracheophyta","Liliopsida","Poales","Poaceae","species","ACCEPTED"
"Arracacia xanthorrhiza Bancr.","6Y6S","Arracacia xanthorrhiza Bancr.","Apiaceae",,,"Plantae","Tracheophyta","Magnoliopsida","Apiales","Apiaceae","species","ACCEPTED"
"Artemisia verlotiorum Lamotte","4V72","Artemisia verlotiorum Lamotte","Asteraceae",,,"Plantae","Tracheophyta","Magnoliopsida","Asterales","Asteraceae","species","ACCEPTED"
"Artemisia vulgaris L.","7PNH","Artemisia vulgaris L.","Asteraceae",,,"Plantae","Tracheophyta","Magnoliopsida","Asterales","Asteraceae","species","ACCEPTED"
"Artocarpus altilis (Parkinson) Fosberg","77HZ","Artocarpus altilis (Parkinson) Fosberg","Moraceae",,,"Plantae","Tracheophyta","Magnoliopsida","Rosales","Moraceae","species","ACCEPTED"
"Artocarpus heterophyllus Lam.","DTMK","Artocarpus heterophyllus Lam.","Moraceae",,,"Plantae","Tracheophyta","Magnoliopsida","Rosales","Moraceae","species","ACCEPTED"
"Arundo donax L.","4RN4","Arundo donax L.","Poaceae",,,"Plantae","Tracheophyta","Liliopsida","Poales","Poaceae","species","ACCEPTED"
"Ascidia curvata (Traustedt, 1882)","FLJS","Ascidia curvata (Traustedt, 1882)","Ascidiidae",,,"Animalia","Chordata","Ascidiacea","Phlebobranchia","Ascidiidae","species","ACCEPTED"
"Ascidia sydneiensis Stimpson, 1855","4SR4","Ascidia sydneiensis Stimpson, 1855","Ascidiidae",,,"Animalia","Chordata","Ascidiacea","Phlebobranchia","Ascidiidae","species","ACCEPTED"
"Asclepias curassavica L.","B2ZF","Asclepias curassavica L.","Apocynaceae",,,"Plantae","Tracheophyta","Magnoliopsida","Gentianales","Apocynaceae","species","ACCEPTED"
"Asclepias physocarpa (E.Mey.) Schltr.","7JBY","Gomphocarpus physocarpus E.Mey.","Apocynaceae",,"Gomphocarpus physocarpus E.Mey.","Plantae","Tracheophyta","Magnoliopsida","Gentianales","Apocynaceae","species","SYNONYM"
"Asparagus densiflorus (Kunth) Jessop","F3TM","Asparagus densiflorus (Kunth) Jessop","Asparagaceae",,,"Plantae","Tracheophyta","Liliopsida","Asparagales","Asparagaceae","species","ACCEPTED"
"Asparagus plumosus Baker","G7MR","Asparagus setaceus (Kunth) Jessop","Asparagaceae",,"Asparagus setaceus (Kunth) Jessop","Plantae","Tracheophyta","Liliopsida","Asparagales","Asparagaceae","species","SYNONYM"
"Astronotus crassipinnis (Heckel, 1840)","F4QD","Astronotus crassipinnis (Heckel, 1840)","Cichlidae",,,"Animalia","Chordata","Actinopterygii","Perciformes","Cichlidae","species","ACCEPTED"
"Astronotus ocellatus (Agassiz, 1831)","74LY","Astronotus ocellatus (Agassiz, 1831)","Cichlidae",,,"Animalia","Chordata","Actinopterygii","Perciformes","Cichlidae","species","ACCEPTED"
"Asystasia gangetica (L.) T.Anderson","FV4G","Asystasia gangetica (L.) T.Anderson","Acanthaceae",,,"Plantae","Tracheophyta","Magnoliopsida","Lamiales","Acanthaceae","species","ACCEPTED"
"Avena barbata Pott ex Link","CPV7","Avena barbata Pott ex Link","Poaceae",,,"Plantae","Tracheophyta","Liliopsida","Poales","Poaceae","species","ACCEPTED"
"Avena fatua L.","CP7V","Avena fatua L.","Poaceae",,,"Plantae","Tracheophyta","Liliopsida","Poales","Poaceae","species","ACCEPTED"
"Avena sativa L.","BNK","Avena sativa L.","Poaceae",,,"Plantae","Tracheophyta","Liliopsida","Poales","Poaceae","species","ACCEPTED"
"Avena sterilis L.","DPGN","Avena sterilis L.","Poaceae",,,"Plantae","Tracheophyta","Liliopsida","Poales","Poaceae","species","ACCEPTED"
"Avipoxvirus","408300","Avipoxvirus","Poxviridae",,,"Viruses",,,,"Poxviridae","species","ACCEPTED"
"Axis axis (Erxleben, 1777)","F3","Axis axis (Erxleben, 1777)","Cervidae",,,"Animalia","Chordata","Mammalia","Artiodactyla","Cervidae","species","ACCEPTED"
"Axonopus compressus (Sw.) P.Beauv.","9KB3","Axonopus compressus (Sw.) P. Beauv.","Poaceae",,,"Plantae","Tracheophyta","Liliopsida","Poales","Poaceae","species","ACCEPTED"
"Azadirachta indica A.Juss.","F9XF","Azadirachta indica A.Juss.","Meliaceae",,,"Plantae","Tracheophyta","Magnoliopsida","Sapindales","Meliaceae","species","ACCEPTED"
"Balanus trigonus Darwin, 1854","DKTZ","Balanus trigonus Darwin, 1854","Balanidae",,,"Animalia","Arthropoda","Maxillopoda","Sessilia","Balanidae","species","ACCEPTED"
"Baltimora recta L.","J3J6","Baltimora recta L.","Asteraceae",,,"Plantae","Tracheophyta","Magnoliopsida","Asterales","Asteraceae","species","ACCEPTED"
"Bambusa dissimulator McClure","H5J2","Bambusa dissimulator McClure","Poaceae",,,"Plantae","Tracheophyta","Liliopsida","Poales","Poaceae","species","ACCEPTED"
"Bambusa multiplex (Lour.) Raeusch. ex Schult. & Schult.f.","J9TF","Bambusa multiplex (Lour.) Raeusch. ex Schult. & Schult.f.","Poaceae",,,"Plantae","Tracheophyta","Liliopsida","Poales","Poaceae","species","ACCEPTED"
"Bambusa textilis McClure","GSGN","Bambusa textilis McClure","Poaceae",,,"Plantae","Tracheophyta","Liliopsida","Poales","Poaceae","species","ACCEPTED"
"Bambusa tulda Roxb.","9GZ5","Bambusa tulda Roxb.","Poaceae",,,"Plantae","Tracheophyta","Liliopsida","Poales","Poaceae","species","ACCEPTED"
"Bambusa tuldoides Munro","GGDV","Bambusa tuldoides Munro","Poaceae",,,"Plantae","Tracheophyta","Liliopsida","Poales","Poaceae","species","ACCEPTED"
"Bambusa ventricosa McClure","7Y3Q","Bambusa ventricosa McClure","Poaceae",,,"Plantae","Tracheophyta","Liliopsida","Poales","Poaceae","species","ACCEPTED"
"Bambusa vulgaris Schrad. ex J.C.Wendl.","B444","Bambusa vulgaris Schrad. ex J.C.Wendl.","Poaceae",,,"Plantae","Tracheophyta","Liliopsida","Poales","Poaceae","species","ACCEPTED"
"Bartsia trixago L.","CWLJ","Bartsia trixago L.","Orobanchaceae",,"Bellardia trixago (L.) All.","Plantae","Tracheophyta","Magnoliopsida","Lamiales","Orobanchaceae","species","SYNONYM"
"Basella alba L.","4XRX","Basella alba L.","Basellaceae",,,"Plantae","Tracheophyta","Magnoliopsida","Caryophyllales","Basellaceae","species","ACCEPTED"
"Batrachochytrium dendrobatidis Longcore, Pessier & D.K.Nichols","5D3N","Batrachochytrium dendrobatidis Longcore et al.",,,,"Fungi","Chytridiomycota","Chytridiomycetes","Rhizophydiales",,"species","ACCEPTED"
"Bemisia tabaci (Gennadius, 1889)","GN8B","Bemisia tabaci (Gennadius, 1889)","Aleyrodidae",,,"Animalia","Arthropoda","Insecta","Hemiptera","Aleyrodidae","species","ACCEPTED"
"Betta splendens Regan, 1910","G2DT","Betta splendens Regan, 1910","Osphronemidae van-der",,,"Animalia","Chordata","Actinopterygii","Perciformes","Osphronemidae","species","ACCEPTED"
"Bidens bipinnata L.","G25R","Bidens bipinnata L.","Asteraceae",,,"Plantae","Tracheophyta","Magnoliopsida","Asterales","Asteraceae","species","ACCEPTED"
"Bidens pilosa L.","BMFF","Bidens pilosa L.","Asteraceae",,,"Plantae","Tracheophyta","Magnoliopsida","Asterales","Asteraceae","species","ACCEPTED"
"Bidens squarrosa Kunth","68CG","Bidens squarrosa Kunth","Asteraceae",,,"Plantae","Tracheophyta","Magnoliopsida","Asterales","Asteraceae","species","ACCEPTED"
"Bidens sulphurea (Cav.) Sch.Bip.","YDL","Cosmos sulphureus Cav.","Asteraceae",,"Cosmos sulphureus Cav.","Plantae","Tracheophyta","Magnoliopsida","Asterales","Asteraceae","species","SYNONYM"
"Bidens tinctoria (Nutt.) Baill.","CYQN","Coreopsis tinctoria Nutt.","Asteraceae",,"Coreopsis tinctoria Nutt.","Plantae","Tracheophyta","Magnoliopsida","Asterales","Asteraceae","species","SYNONYM"
"Bipalium kewense Moseley, 1878","GJVY","Bipalium kewense Moseley, 1878","Geoplanidae",,,"Animalia","Platyhelminthes","Rhabditophora","Tricladida","Geoplanidae","species","ACCEPTED"
"Blackfordia virginica Mayer, 1910","78CG","Blackfordia virginica Mayer, 1910","Blackfordiidae",,,"Animalia","Cnidaria","Hydrozoa","Leptothecata","Blackfordiidae","species","ACCEPTED"
"Blackstonia perfoliata (L.) Huds.","7NLT","Blackstonia perfoliata (L.) Huds.","Gentianaceae",,,"Plantae","Tracheophyta","Magnoliopsida","Gentianales","Gentianaceae","species","ACCEPTED"
"Boehmeria nivea Gaudich.","G3JS","Boehmeria nivea (L.) Gaudich.","Urticaceae",,,"Plantae","Tracheophyta","Magnoliopsida","Rosales","Urticaceae","species","ACCEPTED"
"Boerhavia coccinea Mill.","53PK","Boerhavia coccinea Mill.","Nyctaginaceae",,,"Plantae","Tracheophyta","Magnoliopsida","Caryophyllales","Nyctaginaceae","species","ACCEPTED"
"Boerhavia diffusa L.","5DHM","Boerhavia diffusa L.","Nyctaginaceae",,,"Plantae","Tracheophyta","Magnoliopsida","Caryophyllales","Nyctaginaceae","species","ACCEPTED"
"Boerhavia erecta L.","HG7J","Boerhavia erecta L.","Nyctaginaceae",,,"Plantae","Tracheophyta","Magnoliopsida","Caryophyllales","Nyctaginaceae","species","ACCEPTED"
"Bombus terrestris (Linnaeus, 1758)","9XTB","Bombus terrestris (Linnaeus, 1758)","Apidae",,,"Animalia","Arthropoda","Insecta","Hymenoptera","Apidae","species","ACCEPTED"
"Boophilus microplus Lahille, 1905",,,,,"Rhipicephalus microplus Canestrini, 1888","Animalia","Arthropoda","Arachnida","Ixodida","Ixodidae","species","SYNONYM"
"Borreria aristeguietaena Steyerm.","HQV4","Borreria aristeguietaeana Steyerm.","Rubiaceae",,,"Plantae","Tracheophyta","Magnoliopsida","Gentianales","Rubiaceae","species","ACCEPTED"
"Borreria latifolia (Aubl.) K.Schum.","JB73","Borreria latifolia (Aubl.) K.Schum.","Rubiaceae",,"Spermacoce alata Aubl.","Plantae","Tracheophyta","Magnoliopsida","Gentianales","Rubiaceae","species","SYNONYM"
"Bos taurus Linnaeus, 1758","VTZ","Bos taurus Linnaeus, 1758","Bovidae",,,"Animalia","Chordata","Mammalia","Artiodactyla","Bovidae","species","ACCEPTED"
"Bostricobranchus digonas Abbott, 1951","5W4D","Bostricobranchus digonas Abbot, 1951","Molgulidae",,"Bostrichobranchus digonas Abbott, 1951","Animalia","Chordata","Ascidiacea","Stolidobranchia","Molgulidae","species","SYNONYM"
"Bothriochloa insculpta (A.Rich.) A.Camus","G8P7","Bothriochloa insculpta (Hochst. ex A. Rich.) A. Camus","Poaceae",,,"Plantae","Tracheophyta","Liliopsida","Poales","Poaceae","species","ACCEPTED"
"Bothriochloa ischaemum (L.) Keng","9CR4","Bothriochloa ischaemum (L.) Keng","Poaceae",,,"Plantae","Tracheophyta","Liliopsida","Poales","Poaceae","species","ACCEPTED"
"Bothriochloa pertusa (Willd.) A.Camus","9FDP","Bothriochloa pertusa (L.) A. Camus","Poaceae",,,"Plantae","Tracheophyta","Liliopsida","Poales","Poaceae","species","ACCEPTED"
"Botrylloides nigrum Herdman, 1886","97MJ","Botrylloides nigrum Herdman, 1886","Styelidae",,,"Animalia","Chordata","Ascidiacea","Stolidobranchia","Styelidae","species","ACCEPTED"
"Brachylaena discolor DC.","9C6Y","Brachylaena discolor DC.","Asteraceae",,,"Plantae","Tracheophyta","Magnoliopsida","Asterales","Asteraceae","species","ACCEPTED"
"Bradybaena similaris (Rang, 1831)","3ZQZ","Bradybaena similaris (Férussac, 1821)","Camaenidae",,,"Animalia","Mollusca","Gastropoda","Stylommatophora","Camaenidae","species","ACCEPTED"
"Branchiomma luctuosum (Grube, 1870)","9X4H","Branchiomma luctuosum (Grube, 1870)","Sabellidae",,,"Animalia","Annelida","Polychaeta","Sabellida","Sabellidae","species","ACCEPTED"
"Brassica juncea (L.) Czern.","62MC","Brassica juncea (L.) Czern.","Brassicaceae",,,"Plantae","Tracheophyta","Magnoliopsida","Brassicales","Brassicaceae","species","ACCEPTED"
"Brassica nigra (L.) W.D.J.Koch","C2ZX","Brassica nigra (L.) W.D.J.Koch","Brassicaceae",,,"Plantae","Tracheophyta","Magnoliopsida","Brassicales","Brassicaceae","species","ACCEPTED"
"Brassica rapa L.","84F2","Brassica rapa L.","Brassicaceae",,,"Plantae","Tracheophyta","Magnoliopsida","Brassicales","Brassicaceae","species","ACCEPTED"
"Brillantaisia lamium Benth.","3BF","Brillantaisia lamium (Nees) Benth.","Acanthaceae",,,"Plantae","Tracheophyta","Magnoliopsida","Lamiales","Acanthaceae","species","ACCEPTED"
"Briquetia denudata Chodat & Hassler","CK26","Briquetia denudata (Nees & Mart.) Chodat & Hassl.","Malvaceae",,,"Plantae","Tracheophyta","Magnoliopsida","Malvales","Malvaceae","species","ACCEPTED"
"Briza maxima L.","BT57","Briza maxima L.","Poaceae",,,"Plantae","Tracheophyta","Liliopsida","Poales","Poaceae","species","ACCEPTED"
"Briza minor L.","G2ZX","Briza minor L.","Poaceae",,,"Plantae","Tracheophyta","Liliopsida","Poales","Poaceae","species","ACCEPTED"
"Bromus commutatus Schrad.","3G2D","Bromus commutatus Schrad.","Poaceae",,,"Plantae","Tracheophyta","Liliopsida","Poales","Poaceae","species","ACCEPTED"
"Brotogeris chiriri (Vieillot, 1818)","6CTW","Brotogeris chiriri (Vieillot, 1818)","Psittacidae",,,"Animalia","Chordata","Aves","Psittaciformes","Psittacidae","species","ACCEPTED"
"Browallia americana L.","J3MC","Browallia americana L.","Solanaceae",,,"Plantae","Tracheophyta","Magnoliopsida","Solanales","Solanaceae","species","ACCEPTED"
"Brugmansia suaveolens (Willd.) Bercht. & C.Presl","3YFF","Brugmansia suaveolens (Willd.) Sweet","Solanaceae",,,"Plantae","Tracheophyta","Magnoliopsida","Solanales","Solanaceae","species","ACCEPTED"
"Brycon hilarii (Valenciennes, 1850)","J7VX","Brycon hilarii (Valenciennes, 1850)","Bryconidae",,,"Animalia","Chordata","Actinopterygii","Characiformes","Bryconidae","species","ACCEPTED"
"Bryconamericus exodon Eigenmann, 1907","DBBQ","Bryconamericus exodon Eigenmann, 1907","Stevardiidae",,,"Animalia","Chordata","Actinopterygii","Characiformes","Characidae","species","ACCEPTED"
"Bryophyllum pinnatum (Lam.) Oken","HYF8","Kalanchoe pinnata (Lam.) Pers.","Crassulaceae",,"Kalanchoe pinnata (Lam.) Pers.","Plantae","Tracheophyta","Magnoliopsida","Saxifragales","Crassulaceae","species","SYNONYM"
"Bubalus bubalis (Linnaeus, 1758)","7N9G","Bubalus bubalis Linnaeus, 1758","Bovidae",,,"Animalia","Chordata","Mammalia","Artiodactyla","Bovidae","species","ACCEPTED"
"Bubulcus ibis (Linnaeus, 1758)","FSLC","Bubulcus ibis (Linnaeus, 1758)","Ardeidae",,,"Animalia","Chordata","Aves","Pelecaniformes","Ardeidae","species","ACCEPTED"
"Buddleja davidii Franch.","HFKH","Buddleja davidii Franch.","Scrophulariaceae",,,"Plantae","Tracheophyta","Magnoliopsida","Lamiales","Scrophulariaceae","species","ACCEPTED"
"Buddleja madagascariensis Lam.","J5DB","Buddleja madagascariensis Lam.","Scrophulariaceae",,,"Plantae","Tracheophyta","Magnoliopsida","Lamiales","Scrophulariaceae","species","ACCEPTED"
"Bugula neritina (Linnaeus, 1758)","7MVJ","Bugula neritina (Linnaeus, 1758)","Bugulidae",,,"Animalia","Bryozoa","Gymnolaemata","Cheilostomatida","Bugulidae","species","ACCEPTED"
"Butis koilomatodon (Bleeker, 1849)","BRBZ","Butis koilomatodon (Bleeker, 1849)","Eleotridae",,,"Animalia","Chordata","Actinopterygii","Perciformes","Eleotridae","species","ACCEPTED"
"Caesalpinia pulcherrima (L.) Sw.","FFND","Caesalpinia pulcherrima (L.) Sw.","Fabaceae",,,"Plantae","Tracheophyta","Magnoliopsida","Fabales","Fabaceae","species","ACCEPTED"
"Cajanus cajan (L.) Millsp.","285936","Cajanus cajan","Fabaceae",,,"Plantae","Tracheophyta","Magnoliopsida","Fabales","Fabaceae","species","ACCEPTED"
"Cakile maritima Scop.","5F43","Cakile maritima Scop.","Brassicaceae",,,"Plantae","Tracheophyta","Magnoliopsida","Brassicales","Brassicaceae","species","ACCEPTED"
"Calceolaria chelidonioides Kunth","8MN7","Calceolaria chelidonioides Kunth","Calceolariaceae",,,"Plantae","Tracheophyta","Magnoliopsida","Lamiales","Calceolariaceae","species","ACCEPTED"
"Calceolaria tripartita Ruiz & Pav.","38L","Calceolaria tripartita Ruiz & Pav.","Calceolariaceae",,,"Plantae","Tracheophyta","Magnoliopsida","Lamiales","Calceolariaceae","species","ACCEPTED"
"Callisia repens L.","4SWT","Callisia repens (Jacq.) L.","Commelinaceae",,,"Plantae","Tracheophyta","Liliopsida","Commelinales","Commelinaceae","species","ACCEPTED"
"Callithrix geoffroyi (Humboldt, 1812)","3JN7","Callithrix geoffroyi (Humboldt, 1812)","Cebidae",,,"Animalia","Chordata","Mammalia","Primates","Callitrichidae","species","ACCEPTED"
"Callithrix jacchus (Linnaeus, 1758)","F69M","Callithrix jacchus (Linnaeus, 1758)","Cebidae",,,"Animalia","Chordata","Mammalia","Primates","Callitrichidae","species","ACCEPTED"
"Callithrix penicillata (É.Geoffroy Saint-Hilaire, 1812)","J7TH","Callithrix penicillata (Geoffroy, 1812)","Cebidae",,,"Animalia","Chordata","Mammalia","Primates","Callitrichidae","species","ACCEPTED"
"Calotropis gigantea (L.) W.T.Aiton","B46N","Calotropis gigantea (L.) W.T.Aiton","Apocynaceae",,,"Plantae","Tracheophyta","Magnoliopsida","Gentianales","Apocynaceae","species","ACCEPTED"
"Calotropis procera (Aiton) W.T.Aiton","3Q8J","Calotropis procera (Aiton) W.T.Aiton","Apocynaceae",,,"Plantae","Tracheophyta","Magnoliopsida","Gentianales","Apocynaceae","species","ACCEPTED"
"Calyptocarpus brasiliensis (Nees & Mart.) B.L.Turner","5NPK","Calyptocarpus brasiliensis (Nees & Mart.) B.Turner","Asteraceae",,,"Plantae","Tracheophyta","Magnoliopsida","Asterales","Asteraceae","species","ACCEPTED"
"Calyptrochilum christyanum (Rchb.f.) Summerh.","8XQH","Calyptrochilum christyanum (Rchb.f.) Summerh.","Orchidaceae",,,"Plantae","Tracheophyta","Liliopsida","Asparagales","Orchidaceae","species","ACCEPTED"
"Calystegia sepium R.Br.","WBT","Calystegia sepium (L.) R.Br.","Convolvulaceae",,,"Plantae","Tracheophyta","Magnoliopsida","Solanales","Convolvulaceae","species","ACCEPTED"
"Canis familiaris Linnaeus, 1758","64X","Canis lupus Linnaeus, 1758","Canidae",,"Canis lupus Linnaeus, 1758","Animalia","Chordata","Mammalia","Carnivora","Canidae","species","SYNONYM"
"Canis lupus familiaris Linnaeus, 1758",,,,,,"Animalia","Chordata","Mammalia","Carnivora","Canidae","species","ACCEPTED"
"Capra hircus Linnaeus, 1758","8S7N","Capra hircus Linnaeus, 1758","Bovidae",,,"Animalia","Chordata","Mammalia","Artiodactyla","Bovidae","species","ACCEPTED"
"Capsella bursa-pastoris Medik.","H58V","Capsella bursa-pastoris (L.) Medik.","Brassicaceae",,,"Plantae","Tracheophyta","Magnoliopsida","Brassicales","Brassicaceae","species","ACCEPTED"
"Capsicum chinense Jacq.","55CG","Capsicum chinense Jacq.","Solanaceae",,,"Plantae","Tracheophyta","Magnoliopsida","Solanales","Solanaceae","species","ACCEPTED"
"Capsicum coccineum (Rusby) Hunz.","DSNW","Capsicum coccineum (Rusby) Hunz.","Solanaceae",,,"Plantae","Tracheophyta","Magnoliopsida","Solanales","Solanaceae","species","ACCEPTED"
"Capsicum frutescens L.","3YSZ","Capsicum frutescens L.","Solanaceae",,,"Plantae","Tracheophyta","Magnoliopsida","Solanales","Solanaceae","species","ACCEPTED"
"Carassius auratus auratus",,,,,"Carassius auratus (Linnaeus, 1758)","Animalia","Chordata","Actinopterygii","Cypriniformes","Cyprinidae","species","SYNONYM"
"Cardamine bonariensis Juss. ex Pers.","HZ2R","Cardamine bonariensis Pers.","Brassicaceae",,,"Plantae","Tracheophyta","Magnoliopsida","Brassicales","Brassicaceae","species","ACCEPTED"
"Cardionema ramosissima A.Nelson & J.F.Macbr.","BJBT","Cardionema ramosissima (Weinm.) A.Nelson & J.F.Macbr.","Caryophyllaceae",,,"Plantae","Tracheophyta","Magnoliopsida","Caryophyllales","Caryophyllaceae","species","ACCEPTED"
"Cardiospermum halicacabum L.","5JSD","Cardiospermum halicacabum L.","Sapindaceae",,,"Plantae","Tracheophyta","Magnoliopsida","Sapindales","Sapindaceae","species","ACCEPTED"
"Carduus albidus Bieb.","8SPV","Carduus pycnocephalus L.","Asteraceae",,"Carduus pycnocephalus L.","Plantae","Tracheophyta","Magnoliopsida","Asterales","Asteraceae","species","SYNONYM"
"Carduus nutans L.","BMD4","Carduus nutans L.","Asteraceae",,,"Plantae","Tracheophyta","Magnoliopsida","Asterales","Asteraceae","species","ACCEPTED"
"Carduus tenuiflorus Curt.","9TV8","Carduus tenuiflorus Curtis","Asteraceae",,,"Plantae","Tracheophyta","Magnoliopsida","Asterales","Asteraceae","species","ACCEPTED"
"Carica papaya L.","3W9Q","Carica papaya L.","Caricaceae",,,"Plantae","Tracheophyta","Magnoliopsida","Brassicales","Caricaceae","species","ACCEPTED"
"Carludovica palmata Ruiz & Pav.","398D","Carludovica palmata Ruiz & Pav.","Cyclanthaceae",,,"Plantae","Tracheophyta","Liliopsida","Pandanales","Cyclanthaceae","species","ACCEPTED"
"Carpobrotus edulis N.E.Br.","DVDL","Carpobrotus edulis (L) N.E.Br.","Aizoaceae",,,"Plantae","Tracheophyta","Magnoliopsida","Caryophyllales","Aizoaceae","species","ACCEPTED"
"Carthamus lanatus L.","5MMQ","Carthamus lanatus L.","Asteraceae",,,"Plantae","Tracheophyta","Magnoliopsida","Asterales","Asteraceae","species","ACCEPTED"
"Carum carvi L.","4GW8","Carum carvi L.","Apiaceae",,,"Plantae","Tracheophyta","Magnoliopsida","Apiales","Apiaceae","species","ACCEPTED"
"Caryota urens L.","3V9F","Caryota urens L.","Arecaceae",,,"Plantae","Tracheophyta","Liliopsida","Arecales","Arecaceae","species","ACCEPTED"
"Cassytha filiformis L.","6MR5","Cassytha filiformis L.","Lauraceae",,,"Plantae","Tracheophyta","Magnoliopsida","Laurales","Lauraceae","species","ACCEPTED"
"Casuarina cunninghamiana Miq.","C4KL","Casuarina cunninghamiana Miq.","Casuarinaceae",,,"Plantae","Tracheophyta","Magnoliopsida","Cucurbitales","Casuarinaceae","species","ACCEPTED"
"Casuarina equisetifolia L.","GN3L","Casuarina equisetifolia L.","Casuarinaceae",,,"Plantae","Tracheophyta","Magnoliopsida","Cucurbitales","Casuarinaceae","species","ACCEPTED"
"Casuarina glauca Sieber","3JNG","Casuarina glauca Sieber ex Spreng.","Casuarinaceae",,,"Plantae","Tracheophyta","Magnoliopsida","Cucurbitales","Casuarinaceae","species","ACCEPTED"
"Catapodium rigidum (L.) C.E.Hubb.","DQGZ","Catapodium rigidum (L.) C.E.Hubb.","Poaceae",,,"Plantae","Tracheophyta","Liliopsida","Poales","Poaceae","species","ACCEPTED"
"Cecropia peltata L.","D3VW","Cecropia peltata L.","Urticaceae",,,"Plantae","Tracheophyta","Magnoliopsida","Rosales","Urticaceae","species","ACCEPTED"
"Cedrus deodara (Roxb. ex Lambert) G.Don","8G4V","Cedrus deodara (Roxb. ex D.Don) G.Don","Pinaceae",,,"Plantae","Tracheophyta","Pinopsida","Pinales","Pinaceae","species","ACCEPTED"
"Celosia argentea L.","8S8G","Celosia argentea L.","Amaranthaceae",,,"Plantae","Tracheophyta","Magnoliopsida","Caryophyllales","Amaranthaceae","species","ACCEPTED"
"Cenchrus americanus (L.) Morrone","B2C","Cenchrus americanus (L.) Morrone","Poaceae",,,"Plantae","Tracheophyta","Liliopsida","Poales","Poaceae","species","ACCEPTED"
"Cenchrus ciliaris L.","76","Cenchrus ciliaris L.","Poaceae",,,"Plantae","Tracheophyta","Liliopsida","Poales","Poaceae","species","ACCEPTED"
"Cenchrus clandestinus (Hochst. ex Chiov.) Morrone","Z64","Cenchrus clandestinus (Hochst. ex Chiov.) Morrone","Poaceae",,,"Plantae","Tracheophyta","Liliopsida","Poales","Poaceae","species","ACCEPTED"
"Cenchrus echinatus L.","68HJ","Cenchrus echinatus L.","Poaceae",,,"Plantae","Tracheophyta","Liliopsida","Poales","Poaceae","species","ACCEPTED"
"Cenchrus latifolius (Spreng.) Morrone","4X54","Cenchrus latifolius (Spreng.) Morrone","Poaceae",,,"Plantae","Tracheophyta","Liliopsida","Poales","Poaceae","species","ACCEPTED"
"Cenchrus longisetus M.C.Johnst.","GF52","Cenchrus longisetus M.C.Johnst.","Poaceae",,,"Plantae","Tracheophyta","Liliopsida","Poales","Poaceae","species","ACCEPTED"
"Cenchrus pedicellatus (Trin.) Morrone","BQY5","Cenchrus pedicellatus (Trin.) Morrone","Poaceae",,,"Plantae","Tracheophyta","Liliopsida","Poales","Poaceae","species","ACCEPTED"
"Cenchrus purpureus (Schumach.) Morrone","CLW9","Cenchrus purpureus (Schumach.) Morrone","Poaceae",,,"Plantae","Tracheophyta","Liliopsida","Poales","Poaceae","species","ACCEPTED"
"Cenchrus setigerus Vahl","C32M","Cenchrus setiger Vahl","Poaceae",,"Cenchrus setiger Vahl","Plantae","Tracheophyta","Liliopsida","Poales","Poaceae","species","SYNONYM"
"Centaurea calcitrapa L.","DH2M","Centaurea calcitrapa L.","Asteraceae",,,"Plantae","Tracheophyta","Magnoliopsida","Asterales","Asteraceae","species","ACCEPTED"
"Centaurea melitensis L.","6GVJ","Centaurea melitensis L.","Asteraceae",,,"Plantae","Tracheophyta","Magnoliopsida","Asterales","Asteraceae","species","ACCEPTED"
"Centaurea solstitialis L.","79WG","Centaurea solstitialis L.","Asteraceae",,,"Plantae","Tracheophyta","Magnoliopsida","Asterales","Asteraceae","species","ACCEPTED"
"Centaurium erythraea Rafn","6FZ4","Centaurium erythraea Rafn.","Gentianaceae",,,"Plantae","Tracheophyta","Magnoliopsida","Gentianales","Gentianaceae","species","ACCEPTED"
"Centaurium pulchellum (Sw.) Druce","BTH5","Centaurium pulchellum (Sw.) Druce","Gentianaceae",,,"Plantae","Tracheophyta","Magnoliopsida","Gentianales","Gentianaceae","species","ACCEPTED"
"Centella asiatica Urb.","GCB5","Centella asiatica (L.) Urb.","Apiaceae",,,"Plantae","Tracheophyta","Magnoliopsida","Apiales","Apiaceae","species","ACCEPTED"
"Centunculus minimus L.","6DSF","Lysimachia minima (L.) U. Manns & Anderb.","Primulaceae",,"Lysimachia minima (L.) U.Manns & Anderb.","Plantae","Tracheophyta","Magnoliopsida","Ericales","Primulaceae","species","SYNONYM"
"Cerastium commersonianum Ser.","BTR3","Cerastium commersonianum Ser.","Caryophyllaceae",,,"Plantae","Tracheophyta","Magnoliopsida","Caryophyllales","Caryophyllaceae","species","ACCEPTED"
"Cerastium dicrotrichum Fenzl ex Rohrb.","88WG","Cerastium dicrotrichum Fenzl ex Rohrb.","Caryophyllaceae",,,"Plantae","Tracheophyta","Magnoliopsida","Caryophyllales","Caryophyllaceae","species","ACCEPTED"
"Cerastium glomeratum Thuill.","3FXF","Cerastium glomeratum Thuill.","Caryophyllaceae",,,"Plantae","Tracheophyta","Magnoliopsida","Caryophyllales","Caryophyllaceae","species","ACCEPTED"
"Cerastium humifusum Cambess.","XWT","Cerastium humifusum Cambess.","Caryophyllaceae",,,"Plantae","Tracheophyta","Magnoliopsida","Caryophyllales","Caryophyllaceae","species","ACCEPTED"
"Cerastium mollissimum Poir.","9ZC7","Cerastium mollissimum Poir.","Caryophyllaceae",,,"Plantae","Tracheophyta","Magnoliopsida","Caryophyllales","Caryophyllaceae","species","ACCEPTED"
"Cerastium rivulare Cambess.","DM4R","Cerastium rivulare Cambess.","Caryophyllaceae",,,"Plantae","Tracheophyta","Magnoliopsida","Caryophyllales","Caryophyllaceae","species","ACCEPTED"
"Cerastium selloi Schlecht. ex Rohrb.","GC23","Cerastium selloi Schltdl. ex Rohrb.","Caryophyllaceae",,,"Plantae","Tracheophyta","Magnoliopsida","Caryophyllales","Caryophyllaceae","species","ACCEPTED"
"Cerastium semidecandrum L.","9GX2","Cerastium semidecandrum L.","Caryophyllaceae",,,"Plantae","Tracheophyta","Magnoliopsida","Caryophyllales","Caryophyllaceae","species","ACCEPTED"
"Ceratitis capitata (Wiedemann, 1824)","7Y3L","Ceratitis capitata (Wiedemann, 1824)","Tephritidae",,,"Animalia","Arthropoda","Insecta","Diptera","Tephritidae","species","ACCEPTED"
"Ceratium furcoides (Levander) Langhans","D6KZ","Ceratium furcoides (Levander) Langhans",,,,"Chromista","Myzozoa","Dinophyceae","Gonyaulacales","Ceratiaceae","species","ACCEPTED"
"Ceratophyllum demersum L.","8Y7P","Ceratophyllum demersum L.","Ceratophyllaceae",,,"Plantae","Tracheophyta","Magnoliopsida","Ceratophyllales","Ceratophyllaceae","species","ACCEPTED"
"Cestrum diurnum L.","D2MV","Cestrum diurnum L.","Solanaceae",,,"Plantae","Tracheophyta","Magnoliopsida","Solanales","Solanaceae","species","ACCEPTED"
"Cestrum nocturnum L.","97JL","Cestrum nocturnum L.","Solanaceae",,,"Plantae","Tracheophyta","Magnoliopsida","Solanales","Solanaceae","species","ACCEPTED"
"Charybdis hellerii (A.Milne-Edwards, 1867)","BR3D","Charybdis helerii A. Milne-Edwards, 1867","Portunidae",,,"Animalia","Arthropoda","Malacostraca","Decapoda","Portunidae","species","ACCEPTED"
"Chelonibia patula (Ranzani, 1818)","9MPX","Chelonibia patula (Ranzani, 1818)","Chelonibiidae",,,"Animalia","Arthropoda","Maxillopoda","Sessilia","Chelonibiidae","species","ACCEPTED"
"Chenopodium album L.","BRKY","Chenopodium album L.","Amaranthaceae",,,"Plantae","Tracheophyta","Magnoliopsida","Caryophyllales","Amaranthaceae","species","ACCEPTED"
"Chenopodium hircinum Schrad.","65ND","Chenopodium hircinum Schard.","Amaranthaceae",,,"Plantae","Tracheophyta","Magnoliopsida","Caryophyllales","Amaranthaceae","species","ACCEPTED"
"Chenopodium murale L.","96BG","Chenopodium murale L.","Amaranthaceae",,"Chenopodiastrum murale (L.) S.Fuentes, Uotila & Borsch","Plantae","Tracheophyta","Magnoliopsida","Caryophyllales","Amaranthaceae","species","SYNONYM"
"Chloris barbata Sw.","D73M","Chloris barbata Sw.","Poaceae",,,"Plantae","Tracheophyta","Liliopsida","Poales","Poaceae","species","ACCEPTED"
"Chloris gayana Kunth","96YZ","Chloris gayana Kunth","Poaceae",,,"Plantae","Tracheophyta","Liliopsida","Poales","Poaceae","species","ACCEPTED"
"Christella dentata (Forssk.) Brownsey & Jermy","7CS2","Christella dentata (Forssk.) Brownsey & Jermy","Thelypteridaceae",,,"Plantae","Tracheophyta","Polypodiopsida","Polypodiales","Thelypteridaceae","species","ACCEPTED"
"Chromolaena odorata (L.) R.M.King & H.Rob.","FKL5","Chromolaena odorata (L.) R.M.King & H.Rob.","Asteraceae",,,"Plantae","Tracheophyta","Magnoliopsida","Asterales","Asteraceae","species","ACCEPTED"
"Chrysanthemum myconis L.","4F6D","Coleostephus myconis (L.) Cass.","Asteraceae",,"Coleostephus myconis (L.) Rchb.f.","Plantae","Tracheophyta","Magnoliopsida","Asterales","Asteraceae","species","SYNONYM"
"Chrysomya albiceps (Wiedemann, 1819)","GYYR","Chrysomya albiceps (Wiedemann, 1819)","Calliphoridae",,,"Animalia","Arthropoda","Insecta","Diptera","Calliphoridae","species","ACCEPTED"
"Chrysomya megacephala (Fabricius, 1794)","HK45","Chrysomya megacephala (Fabricius, 1794)","Calliphoridae",,,"Animalia","Arthropoda","Insecta","Diptera","Calliphoridae","species","ACCEPTED"
"Chrysomya putoria (Wiedemann, 1830)","GB6J","Chrysomya putoria (Wiedemann, 1830)","Calliphoridae",,,"Animalia","Arthropoda","Insecta","Diptera","Calliphoridae","species","ACCEPTED"
"Chrysopogon zizanioides (L.) Roberty","35X8","Chrysopogon zizanioides (L.) Roberty","Poaceae",,,"Plantae","Tracheophyta","Liliopsida","Poales","Poaceae","species","ACCEPTED"
"Chthamalus proteus Dando & Southward, 1980","939B","Chthamalus proteus Dando & Southward, 1980","Chthamalidae",,,"Animalia","Arthropoda","Maxillopoda","Sessilia","Chthamalidae","species","ACCEPTED"
"Cichla kelberi Kullander & Ferreira, 2006","GQKB","Cichla kelberi Kullander & Ferreira, 2006","Cichlidae",,,"Animalia","Chordata","Actinopterygii","Perciformes","Cichlidae","species","ACCEPTED"
"Cichla monoculus Agassiz, 1831","5V8Z","Cichla monoculus Spix & Agassiz, 1831","Cichlidae",,,"Animalia","Chordata","Actinopterygii","Perciformes","Cichlidae","species","ACCEPTED"
"Cichla piquiti Kullander & Ferreira, 2006","6KY8","Cichla piquiti Kullander & Ferreira, 2006","Cichlidae",,,"Animalia","Chordata","Actinopterygii","Perciformes","Cichlidae","species","ACCEPTED"
"Cinara cupressi (Buckton, 1881)","GL6T","Cinara cupressi (Buckton, 1881)","Aphididae",,,"Animalia","Arthropoda","Insecta","Hemiptera","Aphididae","species","ACCEPTED"
"Cinnamomum burmannii (Nees & T.Nees) Blume","FD68","Cinnamomum burmannii (Nees & T.Nees) Blume","Lauraceae",,,"Plantae","Tracheophyta","Magnoliopsida","Laurales","Lauraceae","species","ACCEPTED"
"Cinnamomum camphora (L.) J.Presl","4PK5","Cinnamomum camphora (L.) J.Presl","Lauraceae",,,"Plantae","Tracheophyta","Magnoliopsida","Laurales","Lauraceae","species","ACCEPTED"
"Cinnamomum verum J.Presl","DX2R","Cinnamomum verum J.Presl","Lauraceae",,,"Plantae","Tracheophyta","Magnoliopsida","Laurales","Lauraceae","species","ACCEPTED"
"Cirsium vulgare (Savi) Ten.","3KDS","Cirsium vulgare (Savi) Ten.","Asteraceae",,,"Plantae","Tracheophyta","Magnoliopsida","Asterales","Asteraceae","species","ACCEPTED"
"Citrus aurantium L.","5ST2","Citrus aurantium L.","Rutaceae",,,"Plantae","Tracheophyta","Magnoliopsida","Sapindales","Rutaceae","species","ACCEPTED"
"Citrus limon (L.) Burm.f.","6CK7","Citrus × limon (L.) Osbeck","Rutaceae",,,"Plantae","Tracheophyta","Magnoliopsida","Sapindales","Rutaceae","species","ACCEPTED"
"Citrus reticulata Blanco","8DW3","Citrus reticulata Blanco","Rutaceae",,,"Plantae","Tracheophyta","Magnoliopsida","Sapindales","Rutaceae","species","ACCEPTED"
"Citrus sinensis (Mill.) Pers., 1806","5ST3","Citrus × aurantium L.","Rutaceae",,"Citrus aurantium L.","Plantae","Tracheophyta","Magnoliopsida","Sapindales","Rutaceae","species","SYNONYM"
"Cladanthus mixtus (L.) Chevall.","4FTJ","Anthemis mixta L.","Asteraceae",,,"Plantae","Tracheophyta","Magnoliopsida","Asterales","Asteraceae","species","ACCEPTED"
"Clarias gariepinus (Burchell, 1822)","C9HL","Clarias gariepinus (Burchell, 1822)","Clariidae",,,"Animalia","Chordata","Actinopterygii","Siluriformes","Clariidae","species","ACCEPTED"
"Clavelina oblonga Herdman, 1880","7QXR","Clavelina oblonga Herdman, 1880","Clavelinidae",,,"Animalia","Chordata","Ascidiacea","Aplousobranchia","Clavelinidae","species","ACCEPTED"
"Clerodendrum philippinum Schauer","C7PJ","Clerodendrum chinense (Osbeck) Mabb.","Lamiaceae",,"Clerodendrum chinense (Osb.) Mabb.","Plantae","Tracheophyta","Magnoliopsida","Lamiales","Lamiaceae","species","SYNONYM"
"Clibadium armanii (Balb.) Sch.Bip. ex O.E.Schulz","5K2B","Clibadium armanii (Balb.) Sch.Bip. ex O.E.Schulz","Asteraceae",,,"Plantae","Tracheophyta","Magnoliopsida","Asterales","Asteraceae","species","ACCEPTED"
"Clibadium surinamense L.","5R5Q","Clibadium surinamense L.","Asteraceae",,,"Plantae","Tracheophyta","Magnoliopsida","Asterales","Asteraceae","species","ACCEPTED"
"Clinopodium gracile Kuntze","4NHS","Clinopodium gracile Benth.","Lamiaceae",,,"Plantae","Tracheophyta","Magnoliopsida","Lamiales","Lamiaceae","species","ACCEPTED"
"Clinopodium vulgare L.","7Q5X","Clinopodium vulgare L.","Lamiaceae",,,"Plantae","Tracheophyta","Magnoliopsida","Lamiales","Lamiaceae","species","ACCEPTED"
"Clitoria fairchildiana R.A.Howard","8Z6B","Clitoria fairchildiana R.A.Howard","Fabaceae",,,"Plantae","Tracheophyta","Magnoliopsida","Fabales","Fabaceae","species","ACCEPTED"
"Clitoria ternatea L.","5CQG","Clitoria ternatea L.","Fabaceae",,,"Plantae","Tracheophyta","Magnoliopsida","Fabales","Fabaceae","species","ACCEPTED"
"Clusia rosea Jacq.","FSRG","Clusia rosea Jacq.","Clusiaceae",,,"Plantae","Tracheophyta","Magnoliopsida","Malpighiales","Clusiaceae","species","ACCEPTED"
"Cnicus benedictus L.","8KDX","Centaurea benedicta (L).L.","Asteraceae",,"Centaurea benedicta (L.) L.","Plantae","Tracheophyta","Magnoliopsida","Asterales","Asteraceae","species","SYNONYM"
"Cobaea scandens Cav.","67T5","Cobaea scandens Cav.","Polemoniaceae",,,"Plantae","Tracheophyta","Magnoliopsida","Ericales","Polemoniaceae","species","ACCEPTED"
"Coccoloba uvifera L.","5DRK","Coccoloba uvifera L.","Polygonaceae",,,"Plantae","Tracheophyta","Magnoliopsida","Caryophyllales","Polygonaceae","species","ACCEPTED"
"Coffea arabica L.","HPJF","Coffea arabica L.","Rubiaceae",,,"Plantae","Tracheophyta","Magnoliopsida","Gentianales","Rubiaceae","species","ACCEPTED"
"Coffea canephora Pierre ex Froehn.","4DBB","Coffea canephora Pierre ex A.Froehner","Rubiaceae",,,"Plantae","Tracheophyta","Magnoliopsida","Gentianales","Rubiaceae","species","ACCEPTED"
"Coffea liberica W.Bull","H8BT","Coffea liberica Hiern","Rubiaceae",,,"Plantae","Tracheophyta","Magnoliopsida","Gentianales","Rubiaceae","species","ACCEPTED"
"Coix lacryma-jobi L.","H5JC","Coix lacryma-jobi L.","Poaceae",,,"Plantae","Tracheophyta","Liliopsida","Poales","Poaceae","species","ACCEPTED"
"Colocasia esculenta Schott","3P7F","Colocasia esculenta (L.) Schott","Araceae",,,"Plantae","Tracheophyta","Liliopsida","Alismatales","Araceae","species","ACCEPTED"
"Columba livia Gmelin, 1789","H7T8","Columba livia Gmelin, 1789","Columbidae",,,"Animalia","Chordata","Aves","Columbiformes","Columbidae","species","ACCEPTED"
"Commelina benghalensis L.","J8NX","Commelina benghalensis L.","Commelinaceae",,,"Plantae","Tracheophyta","Liliopsida","Commelinales","Commelinaceae","species","ACCEPTED"
"Commelina diffusa Burm.f.","8J4G","Commelina diffusa Burm.f.","Commelinaceae",,,"Plantae","Tracheophyta","Liliopsida","Commelinales","Commelinaceae","species","ACCEPTED"
"Condylocarpon isthmicum (Vell.) A.DC.","HHZ4","Condylocarpon isthmicum (Vell.) A.DC.","Apocynaceae",,,"Plantae","Tracheophyta","Magnoliopsida","Gentianales","Apocynaceae","species","ACCEPTED"
"Conium maculatum L.","HKC6","Conium maculatum L.","Apiaceae",,,"Plantae","Tracheophyta","Magnoliopsida","Apiales","Apiaceae","species","ACCEPTED"
"Convolvulus arvensis L.","5HCF","Convolvulus arvensis L.","Convolvulaceae",,,"Plantae","Tracheophyta","Magnoliopsida","Solanales","Convolvulaceae","species","ACCEPTED"
"Conyza canadensis (L.) Cronq.","5DF5","Conyza canadensis (L.) Cronquist","Asteraceae",,"Erigeron canadensis L.","Plantae","Tracheophyta","Magnoliopsida","Asterales","Asteraceae","species","SYNONYM"
"Corbicula fluminea (O.F.Müller, 1774)","58R7","Corbicula fluminea (Müller, 1774)","Cyrenidae",,,"Animalia","Mollusca","Bivalvia","Venerida","Cyrenidae","species","ACCEPTED"
"Corbicula largillierti (Philippi, 1844)","FBNZ","Corbicula largillierti (Philippi, 1844)","Cyrenidae",,,"Animalia","Mollusca","Bivalvia","Venerida","Cyrenidae","species","ACCEPTED"
"Corchorus capsularis L.","548D","Corchorus capsularis L.","Malvaceae",,,"Plantae","Tracheophyta","Magnoliopsida","Malvales","Malvaceae","species","ACCEPTED"
"Cordia alliodora (Ruiz & Pav.) Oken","GNVP","Cordia alliodora (Ruiz & Pav.) Cham.","Cordiaceae",,,"Plantae","Tracheophyta","Magnoliopsida","Boraginales","Ehretiaceae","species","ACCEPTED"
"Cordyline fruticosa (L.) A.Chev.","DGQ6","Cordyline fruticosa (L.) A.Chev.","Asparagaceae",,,"Plantae","Tracheophyta","Liliopsida","Asparagales","Asparagaceae","species","ACCEPTED"
"Coreopsis lanceolata L.","6FP4","Coreopsis lanceolata L.","Asteraceae",,,"Plantae","Tracheophyta","Magnoliopsida","Asterales","Asteraceae","species","ACCEPTED"
"Coriandrum sativum L.","PJH","Coriandrum sativum L.","Apiaceae",,,"Plantae","Tracheophyta","Magnoliopsida","Apiales","Apiaceae","species","ACCEPTED"
"Cornu aspersum (O.F.Müller, 1774)","GQJ6","Cornu aspersum (O. F. Müller, 1774)","Helicidae",,,"Animalia","Mollusca","Gastropoda","Stylommatophora","Helicidae","species","ACCEPTED"
"Cortaderia selloana Asch. & Graebn.","8KGR","Cortaderia selloana (Schult. & Schult.f.) Asch. & Graebn.","Poaceae",,,"Plantae","Tracheophyta","Liliopsida","Poales","Poaceae","species","ACCEPTED"
"Corvus albus Statius Muller, 1776","97KZ","Corvus albus Statius Muller, 1776","Corvidae",,,"Animalia","Chordata","Aves","Passeriformes","Corvidae","species","ACCEPTED"
"Cosmos bipinnatus Cav.","4C57","Cosmos bipinnatus Cav.","Asteraceae",,,"Plantae","Tracheophyta","Magnoliopsida","Asterales","Asteraceae","species","ACCEPTED"
"Cosmos caudatus Kunth","8ZRS","Cosmos caudatus Kunth","Asteraceae",,,"Plantae","Tracheophyta","Magnoliopsida","Asterales","Asteraceae","species","ACCEPTED"
"Cosmos sulphureus Cav.","YDL","Cosmos sulphureus Cav.","Asteraceae",,,"Plantae","Tracheophyta","Magnoliopsida","Asterales","Asteraceae","species","ACCEPTED"
"Cotoneaster franchetii Bois","4WC","Cotoneaster franchetii Bois","Rosaceae",,,"Plantae","Tracheophyta","Magnoliopsida","Rosales","Rosaceae","species","ACCEPTED"
"Cotula australis Hook.f.","B59X","Cotula australis Hook.f.","Asteraceae",,,"Plantae","Tracheophyta","Magnoliopsida","Asterales","Asteraceae","species","ACCEPTED"
"Cotula coronopifolia L.","46S2","Cotula coronopifolia L.","Asteraceae",,,"Plantae","Tracheophyta","Magnoliopsida","Asterales","Asteraceae","species","ACCEPTED"
"Crassostrea gigas (Thunberg, 1793)","4DYJ","Crassostrea gigas (Thunberg, 1793)","Ostreidae",,"Magallana gigas (Thunberg, 1793)","Animalia","Mollusca","Bivalvia","Ostreida","Ostreidae","species","SYNONYM"
"Crassostrea virginica (Gmelin, 1791)","FJW","Crassostrea virginica (Gmelin, 1791)","Ostreidae",,,"Animalia","Mollusca","Bivalvia","Ostreida","Ostreidae","species","ACCEPTED"
"Crepis capillaris (L.) Wallr.","6MNV","Crepis capillaris (L.) Wallr.","Asteraceae",,,"Plantae","Tracheophyta","Magnoliopsida","Asterales","Asteraceae","species","ACCEPTED"
"Crinum jagus (Thomps.) Dandy","8NQT","Crinum jagus (J.Thomps) Dandy","Amaryllidaceae",,,"Plantae","Tracheophyta","Liliopsida","Asparagales","Amaryllidaceae","species","ACCEPTED"
"Crocosmia crocosmiiflora N.E.Br.","J9XP","Crocosmia × crocosmiiflora (Lemoine) N.E.Br.","Iridaceae",,,"Plantae","Tracheophyta","Liliopsida","Asparagales","Iridaceae","species","ACCEPTED"
"Crotalaria goreensis Guill. & Perr.","HJ7X","Crotalaria goreensis Guill. & Perro","Fabaceae",,,"Plantae","Tracheophyta","Magnoliopsida","Fabales","Fabaceae","species","ACCEPTED"
"Crotalaria juncea L.","HR62","Crotalaria juncea L.","Fabaceae",,,"Plantae","Tracheophyta","Magnoliopsida","Fabales","Fabaceae","species","ACCEPTED"
"Crotalaria lanceolata E.Mey.","5CPX","Crotalaria lanceolata E.Mey.","Fabaceae",,,"Plantae","Tracheophyta","Magnoliopsida","Fabales","Fabaceae","species","ACCEPTED"
"Crotalaria pallida Aiton","LK9","Crotalaria pallida Aiton","Fabaceae",,,"Plantae","Tracheophyta","Magnoliopsida","Fabales","Fabaceae","species","ACCEPTED"
"Crotalaria retusa L.","8YRX","Crotalaria retusa L.","Fabaceae",,,"Plantae","Tracheophyta","Magnoliopsida","Fabales","Fabaceae","species","ACCEPTED"
"Crotalaria spectabilis Roth","BYQY","Crotalaria spectabilis Röth","Fabaceae",,,"Plantae","Tracheophyta","Magnoliopsida","Fabales","Fabaceae","species","ACCEPTED"
"Crotalaria trichotoma Boj.","435K","Crotalaria trichotoma Bojer","Fabaceae",,,"Plantae","Tracheophyta","Magnoliopsida","Fabales","Fabaceae","species","ACCEPTED"
"Crotalus durissus terrificus (Laurenti, 1768)","48TW","Crotalus durissus terrificus (Laurenti, 1768)","Viperidae",,,"Animalia","Chordata","Reptilia","Squamata","Viperidae","species","ACCEPTED"
"Cryptostegia grandiflora R.Br.","4F2D","Cryptostegia grandiflora R.Br.","Apocynaceae",,,"Plantae","Tracheophyta","Magnoliopsida","Gentianales","Apocynaceae","species","ACCEPTED"
"Cryptostegia madagascariensis Bojer","DXZK","Cryptostegia madagascariensis Bojer ex Decne.","Apocynaceae",,,"Plantae","Tracheophyta","Magnoliopsida","Gentianales","Apocynaceae","species","ACCEPTED"
"Ctenopharyngodon idella (Valenciennes, 1844)","H98G","Ctenopharyngodon idella (Valenciennes, 1844)","Cyprinidae",,,"Animalia","Chordata","Actinopterygii","Cypriniformes","Cyprinidae","species","ACCEPTED"
"Cucumis anguria L.","Y24","Cucumis anguria L.","Cucurbitaceae",,,"Plantae","Tracheophyta","Magnoliopsida","Cucurbitales","Cucurbitaceae","species","ACCEPTED"
"Culex quinquefasciatus Say, 1823","6D5W","Culex (Culex) quinquefasciatus Say, 1823","Culicidae",,,"Animalia","Arthropoda","Insecta","Diptera","Culicidae","species","ACCEPTED"
"Cuphea gracilis Kunth","4FVM","Cuphea gracilis Kunth","Lythraceae",,,"Plantae","Tracheophyta","Magnoliopsida","Myrtales","Lythraceae","species","ACCEPTED"
"Cuphea hyssopifolia Kunth","8S3W","Cuphea hyssopifolia Kunth","Lythraceae",,,"Plantae","Tracheophyta","Magnoliopsida","Myrtales","Lythraceae","species","ACCEPTED"
"Cuphea ignea A.DC.","DYFZ","Cuphea ignea A.DC.","Lythraceae",,,"Plantae","Tracheophyta","Magnoliopsida","Myrtales","Lythraceae","species","ACCEPTED"
"Cuphea schumannii Koehne","HVJW","Cuphea schumannii Koehne","Lythraceae",,,"Plantae","Tracheophyta","Magnoliopsida","Myrtales","Lythraceae","species","ACCEPTED"
"Cuphea splendida Lourteig","GFJP","Cuphea splendida Lourteig","Lythraceae",,,"Plantae","Tracheophyta","Magnoliopsida","Myrtales","Lythraceae","species","ACCEPTED"
"Cupressus lusitanica Mill.","54XB","Cupressus lusitanica Mill.","Cupressaceae",,,"Plantae","Tracheophyta","Pinopsida","Pinales","Cupressaceae","species","ACCEPTED"
"Curculigo capitulata (Lour.) Kuntze","3CD4","Curculigo capitulata (Lour.) Kuntze","Hypoxidaceae",,"Molineria capitulata (Lour.) Herb.","Plantae","Tracheophyta","Liliopsida","Asparagales","Hypoxidaceae","species","SYNONYM"
"Cuscuta epilinum Weihe","8GG6","Cuscuta epilinum Weihe ex Boenn.","Convolvulaceae",,,"Plantae","Tracheophyta","Magnoliopsida","Solanales","Convolvulaceae","species","ACCEPTED"
"Cuscuta glomerata Choisy","HRNT","Cuscuta glomerata Choisy","Convolvulaceae",,,"Plantae","Tracheophyta","Magnoliopsida","Solanales","Convolvulaceae","species","ACCEPTED"
"Cuscuta indecora Choisy","H6G2","Cuscuta indecora Choisy","Convolvulaceae",,,"Plantae","Tracheophyta","Magnoliopsida","Solanales","Convolvulaceae","species","ACCEPTED"
"Cuscuta pentagona Engelm.","943Q","Cuscuta pentagona Engelm.","Convolvulaceae",,,"Plantae","Tracheophyta","Magnoliopsida","Solanales","Convolvulaceae","species","ACCEPTED"
"Cuscuta tinctoria Mart. ex Engelm.","CXCF","Cuscuta tinctoria Mart.","Convolvulaceae",,,"Plantae","Tracheophyta","Magnoliopsida","Solanales","Convolvulaceae","species","ACCEPTED"
"Cyathea miersii (Hook.) Domin","4RJ8","Cyathea miersii (Hook.) Domin","Cyatheaceae",,,"Plantae","Tracheophyta","Polypodiopsida","Cyatheales","Cyatheaceae","species","ACCEPTED"
"Cymbalaria muralis P.Gaertner, B.Meyer & Scherb.","9VMP","Cymbalaria muralis G. Gaertn., B. Mey. & Scherb.","Plantaginaceae",,,"Plantae","Tracheophyta","Magnoliopsida","Lamiales","Plantaginaceae","species","ACCEPTED"
"Cymbopogon citratus Stapf","FB7V","Cymbopogon citratus (DC.) Stapf","Poaceae",,,"Plantae","Tracheophyta","Liliopsida","Poales","Poaceae","species","ACCEPTED"
"Cymbopogon densiflorus Stapf","53ZN","Cymbopogon densiflorus (Steud.) Stapf","Poaceae",,,"Plantae","Tracheophyta","Liliopsida","Poales","Poaceae","species","ACCEPTED"
"Cymbopogon nardus (L.) Rendle","76LN","Cymbopogon nardus (L.) Rendle","Poaceae",,,"Plantae","Tracheophyta","Liliopsida","Poales","Poaceae","species","ACCEPTED"
"Cynodon dactylon Pers.","DJM7","Cynodon dactylon (L.) Pers.","Poaceae",,,"Plantae","Tracheophyta","Liliopsida","Poales","Poaceae","species","ACCEPTED"
"Cynodon nlemfuensis Vanderyst","8W7L","Cynodon nlemfuensis Vanderyst","Poaceae",,,"Plantae","Tracheophyta","Liliopsida","Poales","Poaceae","species","ACCEPTED"
"Cynodon plectostachyus Pilg.","4444","Cynodon plectostachyus (K.Schum.) Pilg","Poaceae",,,"Plantae","Tracheophyta","Liliopsida","Poales","Poaceae","species","ACCEPTED"
"Cyperus alternifolius L.","F5G","Cyperus alternifolius L.","Cyperaceae",,,"Plantae","Tracheophyta","Liliopsida","Poales","Cyperaceae","species","ACCEPTED"
"Cyperus berroi (C.B.Clarke) Barros","98GW","Cyperus berroi (C.B.Clarke) Barros","Cyperaceae",,,"Plantae","Tracheophyta","Liliopsida","Poales","Cyperaceae","species","ACCEPTED"
"Cyperus difformis L.","SGY","Cyperus difformis L.","Cyperaceae",,,"Plantae","Tracheophyta","Liliopsida","Poales","Cyperaceae","species","ACCEPTED"
"Cyperus esculentus L.","6847","Cyperus esculentus L.","Cyperaceae",,,"Plantae","Tracheophyta","Liliopsida","Poales","Cyperaceae","species","ACCEPTED"
"Cyperus iria L.","CNK3","Cyperus iria L.","Cyperaceae",,,"Plantae","Tracheophyta","Liliopsida","Poales","Cyperaceae","species","ACCEPTED"
"Cyperus mundtii Kunth","4R39","Cyperus mundtii (Nees) Kunth","Cyperaceae",,,"Plantae","Tracheophyta","Liliopsida","Poales","Cyperaceae","species","ACCEPTED"
"Cyperus rotundus L.","HQRF","Cyperus rotundus L.","Cyperaceae",,,"Plantae","Tracheophyta","Liliopsida","Poales","Cyperaceae","species","ACCEPTED"
"Cyperus strigosus L.","FKDY","Cyperus strigosus L.","Cyperaceae",,,"Plantae","Tracheophyta","Liliopsida","Poales","Cyperaceae","species","ACCEPTED"
"Cyprinus carpio Linnaeus, 1758","4XPM","Cyprinus carpio Linnaeus, 1758","Cyprinidae",,,"Animalia","Chordata","Actinopterygii","Cypriniformes","Cyprinidae","species","ACCEPTED"
"Cyprinus carpio var. carpio",,,,,,"Animalia","Chordata","Actinopterygii","Cypriniformes","Cyprinidae","species","ACCEPTED"
"Dactyloctenium aegyptium (L.) Willd.","38Q9","Dactyloctenium aegyptium (L.) Willd.","Poaceae",,,"Plantae","Tracheophyta","Liliopsida","Poales","Poaceae","species","ACCEPTED"
"Daphnia lumholtzi Sars, 1885","5MTW","Daphnia lumholtzi G. O. Sars, 1885","Daphniidae",,,"Animalia","Arthropoda","Branchiopoda","Diplostraca","Daphniidae","species","ACCEPTED"
"Dasya brasiliensis E.C.Oliveira & Y.Y.Braga","J2WD","Dasya brasiliensis E.C.Oliveira & Y.Y.Braga",,,,"Plantae","Rhodophyta","Florideophyceae","Ceramiales","Dasyaceae","species","ACCEPTED"
"Datura ferox L.","77X5","Datura ferox L.","Solanaceae",,,"Plantae","Tracheophyta","Magnoliopsida","Solanales","Solanaceae","species","ACCEPTED"
"Datura innoxia Mill.","9LNZ","Datura innoxia Mill.","Solanaceae",,,"Plantae","Tracheophyta","Magnoliopsida","Solanales","Solanaceae","species","ACCEPTED"
"Datura metel L.","DZTT","Datura metel L.","Solanaceae",,,"Plantae","Tracheophyta","Magnoliopsida","Solanales","Solanaceae","species","ACCEPTED"
"Datura stramonium L.","D6G3","Datura stramonium L.","Solanaceae",,,"Plantae","Tracheophyta","Magnoliopsida","Solanales","Solanaceae","species","ACCEPTED"
"Delonix regia (Bojer) Raf.","BLFD","Delonix regia (Bojer ex Hook.) Raf.","Fabaceae",,,"Plantae","Tracheophyta","Magnoliopsida","Fabales","Fabaceae","species","ACCEPTED"
"Dendrocalamopsis beechiana (Munro) Keng f.","3GWG","Dendrocalamopsis beechiana (Munro) Keng f.","Poaceae",,,"Plantae","Tracheophyta","Liliopsida","Poales","Poaceae","species","ACCEPTED"
"Dendrocalamus asper (Schult.f.) Backer","GV8P","Dendrocalamus asper (Schult. & Schult.f.) Baker ex K.Heyne","Poaceae",,,"Plantae","Tracheophyta","Liliopsida","Poales","Poaceae","species","ACCEPTED"
"Dendrocalamus latiflorus Munro","FKSF","Dendrocalamus latiflorus Munro","Poaceae",,,"Plantae","Tracheophyta","Liliopsida","Poales","Poaceae","species","ACCEPTED"
"Dendrocalamus strictus Nees","FMKY","Dendrocalamus strictus (Roxb.) Nees","Poaceae",,,"Plantae","Tracheophyta","Liliopsida","Poales","Poaceae","species","ACCEPTED"
"Deparia petersenii (Kunze) M.Kato","BWNK","Deparia petersenii (Kunze) M.Kato","Athyriaceae",,,"Plantae","Tracheophyta","Polypodiopsida","Polypodiales","Athyriaceae","species","ACCEPTED"
"Deroceras laeve (O.F.Müller, 1774)","7KLH","Deroceras laeve (O. F. Müller, 1774)","Agriolimacidae",,,"Animalia","Mollusca","Gastropoda","Stylommatophora","Agriolimacidae","species","ACCEPTED"
"Deroceras reticulatum (O.F.Müller, 1774)","HMDR","Deroceras reticulatum (O. F. Müller, 1774)","Agriolimacidae",,,"Animalia","Mollusca","Gastropoda","Stylommatophora","Agriolimacidae","species","ACCEPTED"
"Desmodium adscendens DC.","5NLQ","Desmodium adscendens (Sw.) DC.","Fabaceae",,,"Plantae","Tracheophyta","Magnoliopsida","Fabales","Fabaceae","species","ACCEPTED"
"Desmodium incanum DC.","J4TH","Desmodium incanum (Sw.) DC.","Fabaceae",,,"Plantae","Tracheophyta","Magnoliopsida","Fabales","Fabaceae","species","ACCEPTED"
"Desmodium triflorum DC.","893","Desmodium triflorum (L.) DC.","Fabaceae",,,"Plantae","Tracheophyta","Magnoliopsida","Fabales","Fabaceae","species","ACCEPTED"
"Diaphorina citri Kuwayama, 1908","HTFL","Diaphorina citri Kuwayama, 1908","Psyllidae",,,"Animalia","Arthropoda","Insecta","Hemiptera","Liviidae","species","ACCEPTED"
"Dichondra carolinensis Michx.","FYMX","Dichondra carolinensis Michx.","Convolvulaceae",,,"Plantae","Tracheophyta","Magnoliopsida","Solanales","Convolvulaceae","species","ACCEPTED"
"Dichondra repens J.R.Forst. & G.Forst.","J6GR","Dichondra repens J.R.Forst. & G.Forst.","Convolvulaceae",,,"Plantae","Tracheophyta","Magnoliopsida","Solanales","Convolvulaceae","species","ACCEPTED"
"Dichorisandra musaica Koch & Linden ex K.Koch","DWKQ","Dichorisandra musaica K.Koch & Linden","Commelinaceae",,,"Plantae","Tracheophyta","Liliopsida","Commelinales","Commelinaceae","species","ACCEPTED"
"Dicranopteris linearis Underw.","DRML","Dicranopteris linearis (Burm.f.) Underw.","Gleicheniaceae",,,"Plantae","Tracheophyta","Polypodiopsida","Gleicheniales","Gleicheniaceae","species","ACCEPTED"
"Didemnum Savigny, 1816","JRV","Didemnum Savigny, 1816","Didemnidae",,,"Animalia","Chordata","Ascidiacea","Aplousobranchia","Didemnidae","species","ACCEPTED"
"Didymodon rigidulus Hedwig, 1801","HMV9","Didymodon rigidulus Hedw.","Pottiaceae",,,"Plantae","Bryophyta","Bryopsida","Pottiales","Pottiaceae","species","ACCEPTED"
"Dieffenbachia amoena W.Bull","F65W","Dieffenbachia seguine (Jacq.) Schott","Araceae",,"Dieffenbachia seguine Schott","Plantae","Tracheophyta","Liliopsida","Alismatales","Araceae","species","SYNONYM"
"Dieffenbachia picta Schott","F65W","Dieffenbachia seguine (Jacq.) Schott","Araceae",,"Dieffenbachia seguine Schott","Plantae","Tracheophyta","Liliopsida","Alismatales","Araceae","species","SYNONYM"
"Dieffenbachia seguine Schott","F65W","Dieffenbachia seguine (Jacq.) Schott","Araceae",,,"Plantae","Tracheophyta","Liliopsida","Alismatales","Araceae","species","ACCEPTED"
"Digitalis purpurea L.","D5WT","Digitalis purpurea L.","Plantaginaceae",,,"Plantae","Tracheophyta","Magnoliopsida","Lamiales","Plantaginaceae","species","ACCEPTED"
"Digitaria bicornis (Lam.) Roem. & Schult.","8ZN9","Digitaria bicornis (Lam.) Roem. & Schult.","Poaceae",,,"Plantae","Tracheophyta","Liliopsida","Poales","Poaceae","species","ACCEPTED"
"Digitaria ciliaris (Retz.) Koeler","7J7D","Digitaria ciliaris (Retz.) Koeler","Poaceae",,,"Plantae","Tracheophyta","Liliopsida","Poales","Poaceae","species","ACCEPTED"
"Digitaria decumbens Stent","CNBR","Digitaria eriantha subsp. pentzii (Stent) Kok","Poaceae",,"Digitaria eriantha Steud.","Plantae","Tracheophyta","Liliopsida","Poales","Poaceae","species","SYNONYM"
"Digitaria eriantha Steud.","9MT8","Digitaria eriantha Steud.","Poaceae",,,"Plantae","Tracheophyta","Liliopsida","Poales","Poaceae","species","ACCEPTED"
"Digitaria fuscescens Henrard","67MG","Digitaria fuscescens (J.Presl) Henrard","Poaceae",,,"Plantae","Tracheophyta","Liliopsida","Poales","Poaceae","species","ACCEPTED"
"Digitaria horizontalis Willd.","8P9Q","Digitaria horizontalis Willd.","Poaceae",,,"Plantae","Tracheophyta","Liliopsida","Poales","Poaceae","species","ACCEPTED"
"Digitaria insularis (L.) Mez ex Ekman","FPMB","Digitaria insularis (L.) Fedde","Poaceae",,,"Plantae","Tracheophyta","Liliopsida","Poales","Poaceae","species","ACCEPTED"
"Digitaria ischaemum (Schreb.) Muhl.","7BK3","Digitaria ischaemum (Schreb.) Schreb. ex Muhl.","Poaceae",,,"Plantae","Tracheophyta","Liliopsida","Poales","Poaceae","species","ACCEPTED"
"Digitaria longiflora (Retz.) Pers.","G342","Digitaria longiflora (Retz.) Pers.","Poaceae",,,"Plantae","Tracheophyta","Liliopsida","Poales","Poaceae","species","ACCEPTED"
"Digitaria nuda Schumach.","6FYZ","Digitaria nuda Schumach.","Poaceae",,,"Plantae","Tracheophyta","Liliopsida","Poales","Poaceae","species","ACCEPTED"
"Digitaria queenslandica Henrard","F6PQ","Digitaria queenslandica Henrard","Poaceae",,"Digitaria bicornis (Lam.) Roem. & Schult.","Plantae","Tracheophyta","Liliopsida","Poales","Poaceae","species","SYNONYM"
"Digitaria sanguinalis (L.) Scop.","5LLM","Digitaria sanguinalis (L.) Scop.","Poaceae",,,"Plantae","Tracheophyta","Liliopsida","Poales","Poaceae","species","ACCEPTED"
"Digitaria ternata Stapf","6BS9","Digitaria ternata (A.Rich.) Stapf","Poaceae",,,"Plantae","Tracheophyta","Liliopsida","Poales","Poaceae","species","ACCEPTED"
"Digitaria violascens Link","5SVL","Digitaria violascens Link","Poaceae",,,"Plantae","Tracheophyta","Liliopsida","Poales","Poaceae","species","ACCEPTED"
"Digitonthophagus gazella (Fabricius, 1787)","3PDM","Digitonthophagus gazella (Fabricius, 1787)","Scarabaeidae",,,"Animalia","Arthropoda","Insecta","Coleoptera","Scarabaeidae","species","ACCEPTED"
"Diodia teres Walter, 1788","5L5F","Hexasepalum teres (Walter) J.H.Kirkbr.","Rubiaceae",,,"Plantae","Tracheophyta","Magnoliopsida","Gentianales","Rubiaceae","species","ACCEPTED"
"Dioscorea alata L.","74V3","Dioscorea alata L.","Dioscoreaceae",,,"Plantae","Tracheophyta","Liliopsida","Dioscoreales","Dioscoreaceae","species","ACCEPTED"
"Dioscorea bulbifera L.","CV3","Dioscorea bulbifera L.","Dioscoreaceae",,,"Plantae","Tracheophyta","Liliopsida","Dioscoreales","Dioscoreaceae","species","ACCEPTED"
"Diospyros virginiana L.","BBHT","Diospyros virginiana L.","Ebenaceae",,,"Plantae","Tracheophyta","Magnoliopsida","Ericales","Ebenaceae","species","ACCEPTED"
"Diplosoma listerianum (Milne Edwards, 1841)","GYBK","Diplosoma listerianum (Milne-Edwards, 1841)","Didemnidae",,,"Animalia","Chordata","Ascidiacea","Aplousobranchia","Didemnidae","species","ACCEPTED"
"Discocactus ferricola Buining & Brederoo","372M","Discocactus ferricola Buining & Brederoo","Cactaceae",,,"Plantae","Tracheophyta","Magnoliopsida","Caryophyllales","Cactaceae","species","ACCEPTED"
"Dodecastigma integrifolium (Lanj.) Lanj. & Sandwith","4D3F","Dodecastigma integrifolium (Lanj.) Lanj. & Sandwith","Euphorbiaceae",,,"Plantae","Tracheophyta","Magnoliopsida","Malpighiales","Euphorbiaceae","species","ACCEPTED"
"Dodonaea viscosa Jacq.","43L5","Dodonaea viscosa Jacq.","Sapindaceae",,,"Plantae","Tracheophyta","Magnoliopsida","Sapindales","Sapindaceae","species","ACCEPTED"
"Dracaena fragrans Ker Gawl.","DTF","Dracaena fragrans (L.) Ker Gawl.","Asparagaceae",,,"Plantae","Tracheophyta","Liliopsida","Asparagales","Asparagaceae","species","ACCEPTED"
"Drepanostachyum falcatum (Nees) Keng f.","6XSX","Drepanostachyum falcatum (Nees) Keng f.","Poaceae",,,"Plantae","Tracheophyta","Liliopsida","Poales","Poaceae","species","ACCEPTED"
"Drosophila ananassae Doleschall, 1858","GLLY","Drosophila (Sophophora) ananassae Doleschall, 1858","Drosophilidae",,,"Animalia","Arthropoda","Insecta","Diptera","Lauxaniidae","species","ACCEPTED"
"Drosophila busckii Coquillett, 1901","HPCP","Drosophila (Dorsilopha) busckii Coquillett, 1901","Drosophilidae",,,"Animalia","Arthropoda","Insecta","Diptera","Lauxaniidae","species","ACCEPTED"
"Drosophila hydei Sturtevant, 1921","38VX","Drosophila (Drosophila) hydei Sturtevant, 1921","Drosophilidae",,,"Animalia","Arthropoda","Insecta","Diptera","Lauxaniidae","species","ACCEPTED"
"Drosophila immigrans Sturtevant, 1921","CNT6","Drosophila (Drosophila) immigrans Sturtevant, 1921","Drosophilidae",,,"Animalia","Arthropoda","Insecta","Diptera","Lauxaniidae","species","ACCEPTED"
"Drosophila kikkawai Burla, 1954","G2P2","Drosophila (Sophophora) kikkawai Burla, 1954","Drosophilidae",,,"Animalia","Arthropoda","Insecta","Diptera","Lauxaniidae","species","ACCEPTED"
"Drosophila malerkotliana Parshad & Paika, 1965","FDJL","Drosophila (Sophophora) malerkotliana Parshad & Paika, 1964","Drosophilidae",,,"Animalia","Arthropoda","Insecta","Diptera","Lauxaniidae","species","ACCEPTED"
"Drosophila melanogaster Meigen, 1830","9479","Drosophila (Sophophora) melanogaster Meigen, 1830","Drosophilidae",,,"Animalia","Arthropoda","Insecta","Diptera","Lauxaniidae","species","ACCEPTED"
"Drosophila repleta Wollaston, 1858","CZY5","Drosophila (Drosophila) repleta Wollaston, 1858","Drosophilidae",,,"Animalia","Arthropoda","Insecta","Diptera","Lauxaniidae","species","ACCEPTED"
"Drosophila simulans Sturtevant, 1919","HSQM","Drosophila (Sophophora) simulans Sturtevant, 1919","Drosophilidae",,,"Animalia","Arthropoda","Insecta","Diptera","Lauxaniidae","species","ACCEPTED"
"Drymaria cordata Willd. ex Schult.","3B5V","Drymaria cordata (L.) Willd. ex Roem. & Schult.","Caryophyllaceae",,,"Plantae","Tracheophyta","Magnoliopsida","Caryophyllales","Caryophyllaceae","species","ACCEPTED"
"Duchesnea indica (Andr.) Focke","392665","Potentilla indica","Rosaceae",,"Potentilla indica (Andrews) T.Wolf","Plantae","Tracheophyta","Magnoliopsida","Rosales","Rosaceae","species","SYNONYM"
"Dysphania ambrosioides (L.) Mosyakin & Clemants","DW7L","Dysphania ambrosioides (L.) Mosyakin & Clemants","Amaranthaceae",,,"Plantae","Tracheophyta","Magnoliopsida","Caryophyllales","Amaranthaceae","species","ACCEPTED"
"Echinochloa colona (L.) Link","H6M2","Echinochloa colona (L.) Link","Poaceae",,,"Plantae","Tracheophyta","Liliopsida","Poales","Poaceae","species","ACCEPTED"
"Echinochloa crus-galli (L.) P.Beauv.","8HWQ","Echinochloa crus-galli (L.) P. Beauv.","Poaceae",,,"Plantae","Tracheophyta","Liliopsida","Poales","Poaceae","species","ACCEPTED"
"Echinochloa crus-pavonis Schult.","8VTN","Echinochloa crus-pavonis (Kunth) Schult.","Poaceae",,,"Plantae","Tracheophyta","Liliopsida","Poales","Poaceae","species","ACCEPTED"
"Echinochloa pyramidalis Hitchcock & Chase","5R7K","Echinochloa pyramidalis (Lam.) Hitchc. & Chase","Poaceae",,,"Plantae","Tracheophyta","Liliopsida","Poales","Poaceae","species","ACCEPTED"
"Echinochloa walteri (Pursh) A.Heller","5PC5","Echinochloa walteri (Pursh) A.Heller","Poaceae",,,"Plantae","Tracheophyta","Liliopsida","Poales","Poaceae","species","ACCEPTED"
"Echium plantagineum L.","GY9Z","Echium plantagineum L.","Boraginaceae",,,"Plantae","Tracheophyta","Magnoliopsida","Boraginales","Boraginaceae","species","ACCEPTED"
"Eichhornia crassipes Solms","GVLN","Pontederia crassipes Mart.","Pontederiaceae",,,"Plantae","Tracheophyta","Liliopsida","Commelinales","Pontederiaceae","species","ACCEPTED"
"Eisenia fetida (Savigny, 1826)","BFMX","Eisenia fetida (Savigny, 1826)","Lumbricidae",,,"Animalia","Annelida","Clitellata","Crassiclitellata","Lumbricidae","species","ACCEPTED"
"Elaeis guineensis Jacq.","3PPV","Elaeis guineensis Jacq.","Arecaceae",,,"Plantae","Tracheophyta","Liliopsida","Arecales","Arecaceae","species","ACCEPTED"
"Eleocharis parvula (Roem. & Schult.) Link ex Bluff, Nees & Schauer","M2K","Eleocharis parvula (Roem. & Schult.) Link ex Bluff","Cyperaceae",,,"Plantae","Tracheophyta","Liliopsida","Poales","Cyperaceae","species","ACCEPTED"
"Eleusine coracana Gaertn.","8TLX","Eleusine coracana (L.) Gaertn.","Poaceae",,,"Plantae","Tracheophyta","Liliopsida","Poales","Poaceae","species","ACCEPTED"
"Eleusine indica (L.) Gaertn.","87VW","Eleusine indica (L.) Gaertn.","Poaceae",,,"Plantae","Tracheophyta","Liliopsida","Poales","Poaceae","species","ACCEPTED"
"Eleutheranthera ruderalis (Sw.) Sch.Bip.","GTQK","Eleutheranthera ruderalis (Sw.) Sch.Bip.","Asteraceae",,,"Plantae","Tracheophyta","Magnoliopsida","Asterales","Asteraceae","species","ACCEPTED"
"Eleutherine bulbosa Urb.","G5P4","Eleutherine bulbosa (Mill.) Urb.","Iridaceae",,,"Plantae","Tracheophyta","Liliopsida","Asparagales","Iridaceae","species","ACCEPTED"
"Elodea canadensis Michx.","C9LW","Elodea canadensis Michx.","Hydrocharitaceae",,,"Plantae","Tracheophyta","Liliopsida","Alismatales","Hydrocharitaceae","species","ACCEPTED"
"Emex spinosa (L.) Campd.","783P","Emex spinosa (L.) Campdera","Polygonaceae",,"Rumex spinosus L.","Plantae","Tracheophyta","Magnoliopsida","Caryophyllales","Polygonaceae","species","SYNONYM"
"Emilia sonchifolia (L.) DC. ex Wight","6DVC","Emilia sonchifolia (L.) DC.","Asteraceae",,,"Plantae","Tracheophyta","Magnoliopsida","Asterales","Asteraceae","species","ACCEPTED"
"Endeavouria septemlineata (Hyman, 1939)","892","Endeavouria septemlineata (Hyman, 1939)","Geoplanidae",,,"Animalia","Platyhelminthes","Rhabditophora","Tricladida","Geoplanidae","species","ACCEPTED"
"Enneapogon cenchroides (Licht.) C.E.Hubb.","3Q3Q","Enneapogon cenchroides (Roem. & Schult.) C.E. Hubb.","Poaceae",,,"Plantae","Tracheophyta","Liliopsida","Poales","Poaceae","species","ACCEPTED"
"Epiphyllum oxypetalum Haw.","GDLR","Epiphyllum oxypetalum (DC.) Haw.","Cactaceae",,,"Plantae","Tracheophyta","Magnoliopsida","Caryophyllales","Cactaceae","species","ACCEPTED"
"Epipremnum pinnatum Engl.","DGPZ","Epipremnum pinnatum (L.) Engl.","Araceae",,,"Plantae","Tracheophyta","Liliopsida","Alismatales","Araceae","species","ACCEPTED"
"Equisetum arvense L.","7JLJ","Equisetum arvense L.","Equisetaceae",,,"Plantae","Tracheophyta","Equisetopsida","Equisetales","Equisetaceae","species","ACCEPTED"
"Equus asinus Linnaeus, 1758","8Q4B","Equus asinus Linnaeus, 1758","Equidae",,,"Animalia","Chordata","Mammalia","Perissodactyla","Equidae","species","ACCEPTED"
"Eragrostis cilianensis Schumach.","9C4B","Eragrostis cilianensis (All.) Vignolo ex Janch.","Poaceae",,,"Plantae","Tracheophyta","Liliopsida","Poales","Poaceae","species","ACCEPTED"
"Eragrostis ciliaris (L.) R.Br.","9GVM","Eragrostis ciliaris (L.) R.Br.","Poaceae",,,"Plantae","Tracheophyta","Liliopsida","Poales","Poaceae","species","ACCEPTED"
"Eragrostis curvula Nees","5XJX","Eragrostis curvula (Schrad.) Nees","Poaceae",,,"Plantae","Tracheophyta","Liliopsida","Poales","Poaceae","species","ACCEPTED"
"Eragrostis japonica Trin.","G8ZM","Eragrostis japonica (Thunb.) Trin.","Poaceae",,,"Plantae","Tracheophyta","Liliopsida","Poales","Poaceae","species","ACCEPTED"
"Eragrostis minor Host","FRKT","Eragrostis minor Host","Poaceae",,,"Plantae","Tracheophyta","Liliopsida","Poales","Poaceae","species","ACCEPTED"
"Eragrostis paniciformis Steud.","BHX6","Eragrostis paniciformis (A.Braun) Steud.","Poaceae",,,"Plantae","Tracheophyta","Liliopsida","Poales","Poaceae","species","ACCEPTED"
"Eragrostis pectinacea Nees","7DP3","Eragrostis pectinacea (Michx.) Nees","Poaceae",,,"Plantae","Tracheophyta","Liliopsida","Poales","Poaceae","species","ACCEPTED"
"Eragrostis pilosa P.Beauv.","4YRW","Eragrostis pilosa (L.) P.Beauv.","Poaceae",,,"Plantae","Tracheophyta","Liliopsida","Poales","Poaceae","species","ACCEPTED"
"Eragrostis plana Nees","6VFM","Eragrostis plana Nees","Poaceae",,,"Plantae","Tracheophyta","Liliopsida","Poales","Poaceae","species","ACCEPTED"
"Eragrostis tenuifolia (A.Rich.) Hochst. ex Steud.","69ND","Eragrostis tenuifolia (A.Rich.) Hochst. ex Steud.","Poaceae",,,"Plantae","Tracheophyta","Liliopsida","Poales","Poaceae","species","ACCEPTED"
"Eriobotrya japonica (Thunb.) Lindl.","B7MF","Eriobotrya japonica (Thunb.) Lindl.","Rosaceae",,,"Plantae","Tracheophyta","Magnoliopsida","Rosales","Rosaceae","species","ACCEPTED"
"Eriochloa polystachya Kunth","3C4Z","Eriochloa polystachya Kunth","Poaceae",,,"Plantae","Tracheophyta","Liliopsida","Poales","Poaceae","species","ACCEPTED"
"Erodium cicutarium (L.) L'Hér.","994H","Erodium cicutarium (L.) L'Hér. ex Aiton","Geraniaceae",,,"Plantae","Tracheophyta","Magnoliopsida","Geraniales","Geraniaceae","species","ACCEPTED"
"Eryngium mesopotamicum Pedersen","GZ5V","Eryngium mesopotamicum Pedersen","Apiaceae",,,"Plantae","Tracheophyta","Magnoliopsida","Apiales","Apiaceae","species","ACCEPTED"
"Eryngium stenophyllum Urb.","6B3","Eryngium stenophyllum Urb.","Apiaceae",,,"Plantae","Tracheophyta","Magnoliopsida","Apiales","Apiaceae","species","ACCEPTED"
"Erythrinus erythrinus (Bloch & Schneider, 1801)","ZNX","Erythrinus erythrinus (Bloch & Schneider, 1801)","Erythrinidae",,,"Animalia","Chordata","Actinopterygii","Characiformes","Erythrinidae","species","ACCEPTED"
"Estrilda astrild (Linnaeus, 1758)","BBX","Estrilda astrild (Linnaeus, 1758)","Estrildidae",,,"Animalia","Chordata","Aves","Passeriformes","Estrildidae","species","ACCEPTED"
"Eucalyptus camaldulensis Dehnh.","7CPQ","Eucalyptus camaldulensis Dehnh.","Myrtaceae",,,"Plantae","Tracheophyta","Magnoliopsida","Myrtales","Myrtaceae","species","ACCEPTED"
"Eucalyptus paniculata Sm.","4LNJ","Eucalyptus paniculata Sm.","Myrtaceae",,,"Plantae","Tracheophyta","Magnoliopsida","Myrtales","Myrtaceae","species","ACCEPTED"
"Eucalyptus robusta Sm.","BLCV","Eucalyptus robusta Sm.","Myrtaceae",,,"Plantae","Tracheophyta","Magnoliopsida","Myrtales","Myrtaceae","species","ACCEPTED"
"Eucalyptus sideroxylon Woolls","5VBC","Eucalyptus sideroxylon A.Cunn. ex Woolls","Myrtaceae",,,"Plantae","Tracheophyta","Magnoliopsida","Myrtales","Myrtaceae","species","ACCEPTED"
"Eucheuma J.Agardh, 1847","DNG5","Eucheuma J.Agardh",,,,"Plantae","Rhodophyta","Florideophyceae","Gigartinales","Solieriaceae","species","ACCEPTED"
"Eugenia malaccensis Reinw. ex Blume","6NNX","Eugenia malaccensis Reinw. ex Blume","Myrtaceae",,,"Plantae","Tracheophyta","Magnoliopsida","Myrtales","Myrtaceae","species","ACCEPTED"
"Eugenia wullschlaegeliana Amshoff","D6B2","Eugenia wullschlaegeliana Amshoff","Myrtaceae",,,"Plantae","Tracheophyta","Magnoliopsida","Myrtales","Myrtaceae","species","ACCEPTED"
"Eulophia alta Fawc. & Rendle","5RTQ","Eulophia alta (L.) Fawc. & Rendle","Orchidaceae",,,"Plantae","Tracheophyta","Liliopsida","Asparagales","Orchidaceae","species","ACCEPTED"
"Eulophia ruwenzoriensis Rendle","464Z","Orthochilus ruwenzoriensis (Rendle) Bytebier","Orchidaceae",,,"Plantae","Tracheophyta","Liliopsida","Asparagales","Orchidaceae","species","ACCEPTED"
"Euphorbia cyathophora Murray","7YL8","Euphorbia cyathophora Murray","Euphorbiaceae",,"Euphorbia heterophylla L.","Plantae","Tracheophyta","Magnoliopsida","Malpighiales","Euphorbiaceae","species","SYNONYM"
"Euphorbia heterophylla L.","397D","Euphorbia heterophylla L.","Euphorbiaceae",,,"Plantae","Tracheophyta","Magnoliopsida","Malpighiales","Euphorbiaceae","species","ACCEPTED"
"Euphorbia hirta L.","HGYH","Euphorbia hirta L.","Euphorbiaceae",,,"Plantae","Tracheophyta","Magnoliopsida","Malpighiales","Euphorbiaceae","species","ACCEPTED"
"Euphorbia hirta var. ophthalmica (Pers.) Allem & Irgang","887D","Euphorbia ophthalmica Pers.","Euphorbiaceae",,"Euphorbia ophthalmica Pers.","Plantae","Tracheophyta","Magnoliopsida","Malpighiales","Euphorbiaceae","species","SYNONYM"
"Euphorbia hyssopifolia L.","BP99","Euphorbia hyssopifolia L.","Euphorbiaceae",,,"Plantae","Tracheophyta","Magnoliopsida","Malpighiales","Euphorbiaceae","species","ACCEPTED"
"Euphorbia lathyrus L.","HJQQ","Euphorbia lathyris L.","Euphorbiaceae",,"Euphorbia lathyris L.","Plantae","Tracheophyta","Magnoliopsida","Malpighiales","Euphorbiaceae","species","SYNONYM"
"Euphorbia peplus L.","DDSL","Euphorbia peplus L.","Euphorbiaceae",,,"Plantae","Tracheophyta","Magnoliopsida","Malpighiales","Euphorbiaceae","species","ACCEPTED"
"Euphorbia prostrata Ait.","B2R3","Euphorbia prostrata Aiton","Euphorbiaceae",,,"Plantae","Tracheophyta","Magnoliopsida","Malpighiales","Euphorbiaceae","species","ACCEPTED"
"Euphorbia tirucalli L.","H9NR","Euphorbia tirucalli L.","Euphorbiaceae",,,"Plantae","Tracheophyta","Magnoliopsida","Malpighiales","Euphorbiaceae","species","ACCEPTED"
"Euterpe oleracea Mart.","63Y7","Euterpe oleracea Mart.","Arecaceae",,,"Plantae","Tracheophyta","Liliopsida","Arecales","Arecaceae","species","ACCEPTED"
"Evolvulus convolvuloides (Willd.) Stearn","6DYX","Evolvulus convolvuloides (Willd. ex Schult.) Stearn","Convolvulaceae",,,"Plantae","Tracheophyta","Magnoliopsida","Solanales","Convolvulaceae","species","ACCEPTED"
"Evolvulus incanus Pers.","FCH9","Evolvulus incanus Pers.","Convolvulaceae",,,"Plantae","Tracheophyta","Magnoliopsida","Solanales","Convolvulaceae","species","ACCEPTED"
"Fagopyrum esculentum Moench","GRQ9","Fagopyrum esculentum Moench","Polygonaceae",,,"Plantae","Tracheophyta","Magnoliopsida","Caryophyllales","Polygonaceae","species","ACCEPTED"
"Felis catus Linnaeus, 1758","3TCH","Felis catus Linnaeus, 1758","Felidae",,,"Animalia","Chordata","Mammalia","Carnivora","Felidae","species","ACCEPTED"
"Festuca arundinacea Vill.","NRJ","Festuca rubra L.","Poaceae",,"Festuca rubra L.","Plantae","Tracheophyta","Liliopsida","Poales","Poaceae","species","ACCEPTED"
"Ficus microcarpa L.f.","5HSW","Ficus microcarpa L.f.","Moraceae",,,"Plantae","Tracheophyta","Magnoliopsida","Rosales","Moraceae","species","ACCEPTED"
"Fimbristylis dichotoma (L.) Vahl","5NGP","Fimbristylis dichotoma (L.) Vahl","Cyperaceae",,,"Plantae","Tracheophyta","Liliopsida","Poales","Cyperaceae","species","ACCEPTED"
"Fimbristylis miliacea (L.) Vahl","448R","Fimbristylis littoralis Gaudich.","Cyperaceae",,"Fimbristylis quinquangularis (M.Vahl) Kunth","Plantae","Tracheophyta","Liliopsida","Poales","Cyperaceae","species","SYNONYM"
"Foeniculum vulgare Mill.","FX5W","Foeniculum vulgare Mill.","Apiaceae",,,"Plantae","Tracheophyta","Magnoliopsida","Apiales","Apiaceae","species","ACCEPTED"
"Frankenia pulverulenta L.","GJG6","Frankenia pulverulenta L.","Frankeniaceae",,,"Plantae","Tracheophyta","Magnoliopsida","Caryophyllales","Frankeniaceae","species","ACCEPTED"
"Freesia laxa (Thunb.) Goldblatt & J.C.Manning","CQXH","Freesia laxa (Thunb.) Goldblatt & J.C.Manning","Iridaceae",,,"Plantae","Tracheophyta","Liliopsida","Asparagales","Iridaceae","species","ACCEPTED"
"Fumaria capreolata L.","9B74","Fumaria capreolata L.","Papaveraceae",,,"Plantae","Tracheophyta","Magnoliopsida","Ranunculales","Papaveraceae","species","ACCEPTED"
"Fumaria officinalis L.","9WTG","Fumaria officinalis L.","Papaveraceae",,,"Plantae","Tracheophyta","Magnoliopsida","Ranunculales","Papaveraceae","species","ACCEPTED"
"Furcraea foetida Haw.","7PG6","Furcraea foetida (L.) Haw.","Asparagaceae",,,"Plantae","Tracheophyta","Liliopsida","Asparagales","Asparagaceae","species","ACCEPTED"
"Furcraea selloa K.Koch","D4M","Furcraea selloa K.Koch","Asparagaceae",,,"Plantae","Tracheophyta","Liliopsida","Asparagales","Asparagaceae","species","ACCEPTED"
"Gaillardia aristata Pursh","HSWZ","Gaillardia aristata Pursh","Asteraceae",,,"Plantae","Tracheophyta","Magnoliopsida","Asterales","Asteraceae","species","ACCEPTED"
"Galinsoga parviflora Cav.","HW83","Galinsoga parviflora Cav.","Asteraceae",,,"Plantae","Tracheophyta","Magnoliopsida","Asterales","Asteraceae","species","ACCEPTED"
"Galinsoga quadriradiata Ruiz & Pav.","5227","Galinsoga quadriradiata Ruiz & Pav.","Asteraceae",,,"Plantae","Tracheophyta","Magnoliopsida","Asterales","Asteraceae","species","ACCEPTED"
"Galium aparine L.","4PX5","Galium aparine L.","Rubiaceae",,,"Plantae","Tracheophyta","Magnoliopsida","Gentianales","Rubiaceae","species","ACCEPTED"
"Galium tricornutum Dandy","3NJ6","Galium tricornutum Dandy","Rubiaceae",,,"Plantae","Tracheophyta","Magnoliopsida","Gentianales","Rubiaceae","species","ACCEPTED"
"Garveia franciscana (Torrey, 1902)","4W95","Calyptospadix cerulea Clarke, 1882","Bougainvillidae",,,"Animalia","Cnidaria","Hydrozoa","Anthoathecata","Bougainvilliidae","species","ACCEPTED"
"Geophagus proximus (Castelnau, 1855)","57V6","Geophagus proximus (Castelnau, 1855)","Cichlidae",,,"Animalia","Chordata","Actinopterygii","Perciformes","Cichlidae","species","ACCEPTED"
"Geranium carolinianum L.","7J25","Geranium carolinianum L.","Geraniaceae",,,"Plantae","Tracheophyta","Magnoliopsida","Geraniales","Geraniaceae","species","ACCEPTED"
"Geranium dissectum L.","GJMF","Geranium dissectum L.","Geraniaceae",,,"Plantae","Tracheophyta","Magnoliopsida","Geraniales","Geraniaceae","species","ACCEPTED"
"Geranium nepalense Sweet","9S6K","Geranium nepalense Sweet","Geraniaceae",,,"Plantae","Tracheophyta","Magnoliopsida","Geraniales","Geraniaceae","species","ACCEPTED"
"Geranium robertianum L.","8TXS","Geranium robertianum L.","Geraniaceae",,,"Plantae","Tracheophyta","Magnoliopsida","Geraniales","Geraniaceae","species","ACCEPTED"
"Geranium rotundifolium L.","3RB3","Geranium rotundifolium L.","Geraniaceae",,,"Plantae","Tracheophyta","Magnoliopsida","Geraniales","Geraniaceae","species","ACCEPTED"
"Gigantochloa apus Kurz","939T","Gigantochloa apus (Schult. & Schult.f.) Kurz","Poaceae",,,"Plantae","Tracheophyta","Liliopsida","Poales","Poaceae","species","ACCEPTED"
"Gladiolus ×hortulanus L.H.Bailey","BLPV","Gladiolus hortulanus L.H.Bailey","Iridaceae",,,"Plantae","Tracheophyta","Liliopsida","Asparagales","Iridaceae","species","ACCEPTED"
"Gliricidia sepium (Jacq.) Walp.","BRGJ","Gliricidia sepium (Jacq.) Kunth ex Walp.","Fabaceae",,,"Plantae","Tracheophyta","Magnoliopsida","Fabales","Fabaceae","species","ACCEPTED"
"Gomphrena globosa L.","6J6R","Gomphrena globosa L.","Amaranthaceae",,,"Plantae","Tracheophyta","Magnoliopsida","Caryophyllales","Amaranthaceae","species","ACCEPTED"
"Gonipterus scutellatus Gyllenhal, 1833","GYF","Gonipterus scutellatus Gyllenhal, 1833","Curculionidae",,,"Animalia","Arthropoda","Insecta","Coleoptera","Curculionidae","species","DOUBTFUL"
"Gossypium barbadense Raf.","4ZZ3","Gossypium barbadense L.","Malvaceae",,,"Plantae","Tracheophyta","Magnoliopsida","Malvales","Malvaceae","species","ACCEPTED"
"Gossypium herbaceum L.","GBKQ","Gossypium herbaceum L.","Malvaceae",,,"Plantae","Tracheophyta","Magnoliopsida","Malvales","Malvaceae","species","ACCEPTED"
"Gossypium hirsutum L.","3CMC","Gossypium hirsutum L.","Malvaceae",,,"Plantae","Tracheophyta","Magnoliopsida","Malvales","Malvaceae","species","ACCEPTED"
"Grevillea banksii R.Br.","6Z6T","Grevillea banksii R.Br.","Proteaceae",,,"Plantae","Tracheophyta","Magnoliopsida","Proteales","Proteaceae","species","ACCEPTED"
"Grevillea robusta A.Cunn. ex R.Br.","HZ4S","Grevillea robusta A.Cunn. ex R.Br.","Proteaceae",,,"Plantae","Tracheophyta","Magnoliopsida","Proteales","Proteaceae","species","ACCEPTED"
"Guadua velutina Londoño & L.G.Clark","BWB3","Guadua velutina Londoño & L.G.Clark","Poaceae",,,"Plantae","Tracheophyta","Liliopsida","Poales","Poaceae","species","ACCEPTED"
"Gymnodinium catenatum Graham, 1943","4C5K","Gymnodinium catenatum H.W.Graham",,,,"Chromista","Myzozoa","Dinophyceae","Gymnodiniales","Kareniaceae","species","ACCEPTED"
"Gynandropsis gynandra (L.) Briq.","5VCV","Gynandropsis gynandra (L.) Briq.","Cleomaceae",,"Cleome gynandra L.","Plantae","Tracheophyta","Magnoliopsida","Brassicales","Cleomaceae","species","HETEROTYPIC_SYNONYM"
"Hainardia cylindrica (Willd.) Greuter","RYX","Hainardia cylindrica (Willd.) Greuter","Poaceae",,,"Plantae","Tracheophyta","Liliopsida","Poales","Poaceae","species","ACCEPTED"
"Hakonechloa macra (Munro) Honda","XNJ","Hakonechloa macra (Munro) Honda","Poaceae",,,"Plantae","Tracheophyta","Liliopsida","Poales","Poaceae","species","ACCEPTED"
"Haplophthalmus danicus Budde-Lund, 1880","HLL","Haplophthalmus danicus Budde-Lund, 1879","Trichoniscidae",,,"Animalia","Arthropoda","Malacostraca","Isopoda","Trichoniscidae","species","ACCEPTED"
"Harmonia axyridis (Pallas, 1773)","95Q9","Harmonia axyridis (Pallas, 1773)","Coccinellidae",,,"Animalia","Arthropoda","Insecta","Coleoptera","Coccinellidae","species","ACCEPTED"
"Hedera helix L.","GYBC","Hedera helix L.","Araliaceae",,,"Plantae","Tracheophyta","Magnoliopsida","Apiales","Araliaceae","species","ACCEPTED"
"Hedychium coccineum Buch.-Ham. ex Sm.","HN84","Hedychium coccineum Buch.-Ham. ex Sm.","Zingiberaceae",,,"Plantae","Tracheophyta","Liliopsida","Zingiberales","Zingiberaceae","species","ACCEPTED"
"Hedychium coronarium J.Koenig","3D3Y","Hedychium coronarium J.Koenig","Zingiberaceae",,,"Plantae","Tracheophyta","Liliopsida","Zingiberales","Zingiberaceae","species","ACCEPTED"
"Hedychium gardnerianum Ker Gawl.","H6NS","Hedychium gardnerianum Sheppard ex Ker Gawl.","Zingiberaceae",,,"Plantae","Tracheophyta","Liliopsida","Zingiberales","Zingiberaceae","species","ACCEPTED"
"Helianthus laetiflorus Pers.","B5T9","Helianthus laetiflorus Pers.","Asteraceae",,,"Plantae","Tracheophyta","Magnoliopsida","Asterales","Asteraceae","species","ACCEPTED"
"Heliotropium indicum L.","H3L4","Heliotropium indicum L.","Heliotropiaceae",,,"Plantae","Tracheophyta","Magnoliopsida","Boraginales","Heliotropiaceae","species","ACCEPTED"
"Helix aspersa Müller, 1774","GQJ6","Cornu aspersum (O. F. Müller, 1774)","Helicidae",,"Cornu aspersum (O.F.Müller, 1774)","Animalia","Mollusca","Gastropoda","Stylommatophora","Helicidae","species","HOMOTYPIC_SYNONYM"
"Helostoma temminckii Cuvier, 1829","9K69","Helostoma temminckii Cuvier, 1829","Helostomatidae",,"Helostoma temminkii Cuvier ex Kuhl & van Hasselt, 1829","Animalia","Chordata","Actinopterygii","Perciformes","Helostomatidae","species","SYNONYM"
"Hemidactylus mabouia (Moreau De Jonnès, 1818)","GTYN","Hemidactylus mabouia (Moreau de Jonnès, 1818)","Gekkonidae",,,"Animalia","Chordata","Reptilia","Squamata","Gekkonidae","species","ACCEPTED"
"Herdmania pallida (Heller, 1878)","5FJJ","Herdmania pallida (Heller, 1878)","Pyuridae",,,"Animalia","Chordata","Ascidiacea","Stolidobranchia","Pyuridae","species","ACCEPTED"
"Hesperantha baurii Baker","B6JS","Hesperantha bauri Baker","Iridaceae",,,"Plantae","Tracheophyta","Liliopsida","Asparagales","Iridaceae","species","ACCEPTED"
"Heterotis rotundifolia (Sm.) Jacq.-Fél.","74FW","Heterotis rotundifolia (Sm.) Jacq. Fel.","Melastomataceae",,,"Plantae","Tracheophyta","Magnoliopsida","Myrtales","Melastomataceae","species","ACCEPTED"
"Hippobroma longiflora (L.) G.Don","6B2Y","Hippobroma longiflora (L.) G.Don","Campanulaceae",,,"Plantae","Tracheophyta","Magnoliopsida","Asterales","Campanulaceae","species","ACCEPTED"
"Hiraea schultesii Cuatrec.","F2G7","Hiraea schultesii Cuatrec.","Malpighiaceae",,,"Plantae","Tracheophyta","Magnoliopsida","Malpighiales","Malpighiaceae","species","ACCEPTED"
"Holcus lanatus L.","963F","Holcus lanatus L.","Poaceae",,,"Plantae","Tracheophyta","Liliopsida","Poales","Poaceae","species","ACCEPTED"
"Hoplias Gill, 1903","3TJK","Hoplias Gill, 1903","Erythrinidae",,,"Animalia","Chordata","Actinopterygii","Characiformes","Erythrinidae","species","ACCEPTED"
"Hordeum murinum L.","P7D","Hordeum murinum L.","Poaceae",,,"Plantae","Tracheophyta","Liliopsida","Poales","Poaceae","species","ACCEPTED"
"Houttuynia cordata Thunb.","FF9M","Houttuynia cordata Thunb.","Saururaceae",,,"Plantae","Tracheophyta","Magnoliopsida","Piperales","Saururaceae","species","ACCEPTED"
"Hovenia dulcis Thunb.","3N36","Hovenia dulcis Thunb.","Rhamnaceae",,,"Plantae","Tracheophyta","Magnoliopsida","Rosales","Rhamnaceae","species","ACCEPTED"
"Hura crepitans L.","CSF4","Hura crepitans L.","Euphorbiaceae",,,"Plantae","Tracheophyta","Magnoliopsida","Malpighiales","Euphorbiaceae","species","ACCEPTED"
"Huttonella bicolor (Hutton, 1834)","HZDC","Gulella bicolor (Hutton, 1834)","Streptaxidae",,"Gulella bicolor (Hutton, 1834)","Animalia","Mollusca","Gastropoda","Stylommatophora","Streptaxidae","species","HOMOTYPIC_SYNONYM"
"Hydrilla verticillata (L.f.) Royle","7SD6","Hydrilla verticillata (L.f.) Royle","Hydrocharitaceae",,,"Plantae","Tracheophyta","Liliopsida","Alismatales","Hydrocharitaceae","species","ACCEPTED"
"Hydrocleys modesta Pedersen","FW23","Hydrocleys modesta Pedersen","Alismataceae",,,"Plantae","Tracheophyta","Liliopsida","Alismatales","Alismataceae","species","ACCEPTED"
"Hydrocotyle ranunculoides L.f.","4NXP","Hydrocotyle ranunculoides L.f.","Araliaceae",,,"Plantae","Tracheophyta","Magnoliopsida","Apiales","Apiaceae","species","ACCEPTED"
"Hydrocotyle sibthorpioides Lam.","9WRP","Hydrocotyle sibthorpioides Lam.","Araliaceae",,,"Plantae","Tracheophyta","Magnoliopsida","Apiales","Apiaceae","species","ACCEPTED"
"Hydroides elegans","KYG","Hydroides elegans","Serpulidae",,,"Animalia","Annelida","Polychaeta","Sabellida","Serpulidae","species","ACCEPTED"
"Hydrolea palustris Raeusch.","D6G4","Hydrolea palustris (Aubl.) Raeusch.","Hydroleaceae",,,"Plantae","Tracheophyta","Magnoliopsida","Solanales","Hydroleaceae","species","ACCEPTED"
"Hylocereus undatus (Haw.) Britton & Rose","3M89","Selenicereus undatus (Haw.) D.R.Hunt","Cactaceae",,,"Plantae","Tracheophyta","Magnoliopsida","Caryophyllales","Cactaceae","species","ACCEPTED"
"Hyparrhenia diplandra (Hack.) Stapf","6KWP","Hyparrhenia diplandra (Hack.) Stapf","Poaceae",,,"Plantae","Tracheophyta","Liliopsida","Poales","Poaceae","species","ACCEPTED"
"Hyparrhenia hirta (L.) Stapf","TT9","Hyparrhenia hirta (L.) Stapf","Poaceae",,,"Plantae","Tracheophyta","Liliopsida","Poales","Poaceae","species","ACCEPTED"
"Hyparrhenia rufa (Nees) Stapf","6SW2","Hyparrhenia rufa (Nees) Stapf","Poaceae",,,"Plantae","Tracheophyta","Liliopsida","Poales","Poaceae","species","ACCEPTED"
"Hyperthelia dissoluta (Nees ex Steud.) Clayton","5QY8","Hyperthelia dissoluta (Nees ex Steud.) Clayton","Poaceae",,,"Plantae","Tracheophyta","Liliopsida","Poales","Poaceae","species","ACCEPTED"
"Hypochaeris glabra L.","CCX4","Hypochaeris glabra L.","Asteraceae",,,"Plantae","Tracheophyta","Magnoliopsida","Asterales","Asteraceae","species","ACCEPTED"
"Hypochaeris radicata L.","6XD8","Hypochaeris radicata L.","Asteraceae",,,"Plantae","Tracheophyta","Magnoliopsida","Asterales","Asteraceae","species","ACCEPTED"
"Hypophthalmichthys molitrix (Valenciennes, 1844)","4KW7","Hypophthalmichthys molitrix (Valenciennes, 1844)","Cyprinidae",,,"Animalia","Chordata","Actinopterygii","Cypriniformes","Cyprinidae","species","ACCEPTED"
"Icerya purchasi Maskell, 1879","4SNT","Icerya purchasi Maskell, 1879","Monophlebidae",,,"Animalia","Arthropoda","Insecta","Hemiptera","Margarodidae","species","ACCEPTED"
"Ictalurus punctatus (Rafinesque, 1818)","BTVD","Ictalurus punctatus (Rafinesque, 1818)","Ictaluridae",,,"Animalia","Chordata","Actinopterygii","Siluriformes","Ictaluridae","species","ACCEPTED"
"Impatiens balsamina L.","GRQK","Impatiens balsamina L.","Balsaminaceae",,,"Plantae","Tracheophyta","Magnoliopsida","Ericales","Balsaminaceae","species","ACCEPTED"
"Impatiens walleriana Hook.f.","GZYB","Impatiens walleriana Hook.f.","Balsaminaceae",,,"Plantae","Tracheophyta","Magnoliopsida","Ericales","Balsaminaceae","species","ACCEPTED"
"Ipomoea aquatica Forssk.","J98Y","Ipomoea aquatica Forssk.","Convolvulaceae",,,"Plantae","Tracheophyta","Magnoliopsida","Solanales","Convolvulaceae","species","ACCEPTED"
"Ipomoea aristolochiifolia G.Don","DNJC","Ipomoea aristolochiifolia G.Don","Convolvulaceae",,,"Plantae","Tracheophyta","Magnoliopsida","Solanales","Convolvulaceae","species","ACCEPTED"
"Ipomoea batatas (L.) Lam.","8NN5","Ipomoea batatas (L.) Lam.","Convolvulaceae",,,"Plantae","Tracheophyta","Magnoliopsida","Solanales","Convolvulaceae","species","ACCEPTED"
"Ipomoea cairica (L.) Sweet","9Z52","Ipomoea cairica (L.) Sweet","Convolvulaceae",,,"Plantae","Tracheophyta","Magnoliopsida","Solanales","Convolvulaceae","species","ACCEPTED"
"Ipomoea cordatotriloba Dennst.","3QPV","Ipomoea cordatotriloba Dennst.","Convolvulaceae",,,"Plantae","Tracheophyta","Magnoliopsida","Solanales","Convolvulaceae","species","ACCEPTED"
"Ipomoea digitata L.","ZNG","Ipomoea digitata L.","Convolvulaceae",,,"Plantae","Tracheophyta","Magnoliopsida","Solanales","Convolvulaceae","species","ACCEPTED"
"Ipomoea leucantha Jacq.","C4F8","Ipomoea leucantha Jacq.","Convolvulaceae",,,"Plantae","Tracheophyta","Magnoliopsida","Solanales","Convolvulaceae","species","ACCEPTED"
"Ipomoea meyeri (Spreng.) G.Don","ZPS","Ipomoea meyeri (Spreng.) G.Don","Convolvulaceae",,,"Plantae","Tracheophyta","Magnoliopsida","Solanales","Convolvulaceae","species","ACCEPTED"
"Ipomoea muricata (L.) Jacq.","954W","Ipomoea muricata (L.) Jacq.","Convolvulaceae",,,"Plantae","Tracheophyta","Magnoliopsida","Solanales","Convolvulaceae","species","ACCEPTED"
"Ipomoea neurocephala Hall.fil.","H7WN","Ipomoea neurocephala Hallier f.","Convolvulaceae",,,"Plantae","Tracheophyta","Magnoliopsida","Solanales","Convolvulaceae","species","ACCEPTED"
"Ipomoea nil (L.) Roth","FXCP","Ipomoea nil (L.) Roth","Convolvulaceae",,,"Plantae","Tracheophyta","Magnoliopsida","Solanales","Convolvulaceae","species","ACCEPTED"
"Ipomoea parasitica (Kunth) G.Don","4M7J","Ipomoea parasitica (Kunth) G.Don","Convolvulaceae",,,"Plantae","Tracheophyta","Magnoliopsida","Solanales","Convolvulaceae","species","ACCEPTED"
"Ipomoea quamoclit L.","93B2","Ipomoea quamoclit L.","Convolvulaceae",,,"Plantae","Tracheophyta","Magnoliopsida","Solanales","Convolvulaceae","species","ACCEPTED"
"Ipomoea triloba L.","5Z4Y","Ipomoea triloba L.","Convolvulaceae",,,"Plantae","Tracheophyta","Magnoliopsida","Solanales","Convolvulaceae","species","ACCEPTED"
"Ipomoea tuboides Degener & Ooststr.","DBCC","Ipomoea tuboides Degener & Ooststr.","Convolvulaceae",,,"Plantae","Tracheophyta","Magnoliopsida","Solanales","Convolvulaceae","species","ACCEPTED"
"Ipomoea violacea L.","FXQW","Ipomoea violacea L.","Convolvulaceae",,,"Plantae","Tracheophyta","Magnoliopsida","Solanales","Convolvulaceae","species","ACCEPTED"
"Ipomoea wrightii A.Gray","48NT","Ipomoea wrightii A.Gray","Convolvulaceae",,,"Plantae","Tracheophyta","Magnoliopsida","Solanales","Convolvulaceae","species","ACCEPTED"
"Iris domestica (L.) Goldblatt & Mabb.","BNH5","Iris domestica (L.) Goldblatt & Mabb.","Iridaceae",,,"Plantae","Tracheophyta","Liliopsida","Asparagales","Iridaceae","species","ACCEPTED"
"Ischaemum guianense Kunth ex Hack.","F6NC","Ischaemum guianense Kunth ex Hack.","Poaceae",,,"Plantae","Tracheophyta","Liliopsida","Poales","Poaceae","species","ACCEPTED"
"Ischaemum latifolium Kunth","6YGF","Ischaemum latifolium (Spreng.) Kunth","Poaceae",,,"Plantae","Tracheophyta","Liliopsida","Poales","Poaceae","species","ACCEPTED"
"Ischaemum rugosum Salisb.","HZW7","Ischaemum rugosum Salisb.","Poaceae",,,"Plantae","Tracheophyta","Liliopsida","Poales","Poaceae","species","ACCEPTED"
"Ischaemum timorense Kunth","J6Y2","Ischaemum timorense Kunth","Poaceae",,,"Plantae","Tracheophyta","Liliopsida","Poales","Poaceae","species","ACCEPTED"
"Isognomon bicolor (C.B.Adams, 1845)","CGPC","Isognomon bicolor (Adams, 1845)","Isognomonidae",,,"Animalia","Mollusca","Bivalvia","Ostreida","Pteriidae","species","ACCEPTED"
"Jasminum azoricum L.","WMN","Jasminum azoricum L.","Oleaceae",,,"Plantae","Tracheophyta","Magnoliopsida","Lamiales","Oleaceae","species","ACCEPTED"
"Jasminum fluminense Vell.","H9KS","Jasminum fluminense Vell.","Oleaceae",,,"Plantae","Tracheophyta","Magnoliopsida","Lamiales","Oleaceae","species","ACCEPTED"
"Jatropha curcas L.","5QVG","Jatropha curcas L.","Euphorbiaceae",,,"Plantae","Tracheophyta","Magnoliopsida","Malpighiales","Euphorbiaceae","species","ACCEPTED"
"Juncus bufonius L.","5PB8","Juncus bufonius L.","Juncaceae",,,"Plantae","Tracheophyta","Magnoliopsida","Magnoliales","Juncaceae","species","ACCEPTED"
"Kalanchoe crenata (Andrews) Haw.","6CLB","Kalanchoe crenata (Andrews) Haw.","Crassulaceae",,,"Plantae","Tracheophyta","Magnoliopsida","Saxifragales","Crassulaceae","species","ACCEPTED"
"Kalanchoe fedtschenkoi Raym.-Hamet & H.Perrier","G694","Kalanchoe fedtschenkoi Raym.-Hamet & H.Perrier","Crassulaceae",,,"Plantae","Tracheophyta","Magnoliopsida","Saxifragales","Crassulaceae","species","ACCEPTED"
"Kalanchoe tubiflora Raym.-Hemet","G7L6","Kalanchoe delagoensis Eckl. & Zeyh.","Crassulaceae",,,"Plantae","Tracheophyta","Magnoliopsida","Saxifragales","Crassulaceae","species","ACCEPTED"
"Kellicottia bostoniensis (Rousselet, 1908)","BCW8","Kellicottia bostoniensis (Rousselet, 1908)","Brachionidae",,,"Animalia","Rotifera","Eurotatoria","Ploima","Brachionidae","species","ACCEPTED"
"Kyllinga squamulata Vahl","CYM2","Cyperus metzii (Hochst. ex Steud.) Mattf. & Kük.","Cyperaceae",,"Cyperus metzii (Hochst.) Mattf. & Kük.","Plantae","Tracheophyta","Liliopsida","Poales","Cyperaceae","species","SYNONYM"
"Lablab purpureus Sweet","535X","Lablab purpureus (L.) Sweet","Fabaceae",,,"Plantae","Tracheophyta","Magnoliopsida","Fabales","Fabaceae","species","ACCEPTED"
"Lactuca canadensis L.","C444","Lactuca canadensis L.","Asteraceae",,,"Plantae","Tracheophyta","Magnoliopsida","Asterales","Asteraceae","species","ACCEPTED"
"Lactuca serriola L.","63SD","Lactuca serriola L.","Asteraceae",,,"Plantae","Tracheophyta","Magnoliopsida","Asterales","Asteraceae","species","ACCEPTED"
"Lagurus ovatus L.","8PWD","Lagurus ovatus L.","Poaceae",,,"Plantae","Tracheophyta","Liliopsida","Poales","Poaceae","species","ACCEPTED"
"Lamium amplexicaule L.","6TJN","Lamium amplexicaule L.","Lamiaceae",,,"Plantae","Tracheophyta","Magnoliopsida","Lamiales","Lamiaceae","species","ACCEPTED"
"Lampranthus productus var. productus",,,,,"Lampranthus productus N.E.Br.","Plantae","Tracheophyta","Magnoliopsida","Caryophyllales","Aizoaceae","species","SYNONYM"
"Lantana camara L.","GQ8W","Lantana camara L.","Verbenaceae",,,"Plantae","Tracheophyta","Magnoliopsida","Lamiales","Verbenaceae","species","ACCEPTED"
"Lantana nivea Vent.","CN9Y","Lantana nivea Vent.","Verbenaceae",,,"Plantae","Tracheophyta","Magnoliopsida","Lamiales","Verbenaceae","species","ACCEPTED"
"Lapsana communis L.","TG5","Lapsana communis L.","Asteraceae",,,"Plantae","Tracheophyta","Magnoliopsida","Asterales","Asteraceae","species","ACCEPTED"
"Laurus nobilis L.","C5F5","Laurus nobilis L.","Lauraceae",,,"Plantae","Tracheophyta","Magnoliopsida","Laurales","Lauraceae","species","ACCEPTED"
"Leandra microphylla Cogn.","3W7F","Leandra microphylla Cogn.","Melastomataceae",,,"Plantae","Tracheophyta","Magnoliopsida","Myrtales","Melastomataceae","species","ACCEPTED"
"Leersia hexandra Sw.","H33J","Leersia hexandra Sw.","Poaceae",,,"Plantae","Tracheophyta","Liliopsida","Poales","Poaceae","species","ACCEPTED"
"Lehmannia valentiana (A.Férussac, 1822)","7LLH","Ambigolimax valentianus (A. Férussac, 1821)","Limacidae",,"Ambigolimax valentianus (A.Férussac, 1822)","Animalia","Mollusca","Gastropoda","Stylommatophora","Limacidae","species","SYNONYM"
"Lemna minor L.","8YD","Lemna minor L.","Araceae",,,"Plantae","Tracheophyta","Liliopsida","Alismatales","Araceae","species","ACCEPTED"
"Lemna minuta Kunth","3CL9","Lemna minuta Kunth","Araceae",,,"Plantae","Tracheophyta","Liliopsida","Alismatales","Araceae","species","ACCEPTED"
"Lemna perpusilla Torr.","4SRX","Lemna perpusilla Torr.","Araceae",,,"Plantae","Tracheophyta","Liliopsida","Alismatales","Araceae","species","ACCEPTED"
"Leonotis nepetifolia (L.) R.Br.","8H9L","Leonotis nepetifolia (L.) R.Br.","Lamiaceae",,,"Plantae","Tracheophyta","Magnoliopsida","Lamiales","Lamiaceae","species","ACCEPTED"
"Leontopithecus chrysomelas (Kuhl, 1820)","GTWT","Leontopithecus chrysomelas (Kuhl, 1820)","Cebidae",,,"Animalia","Chordata","Mammalia","Primates","Callitrichidae","species","ACCEPTED"
"Leonurus japonicus Houtt.","G8HG","Leonurus japonicus Houtt.","Lamiaceae",,,"Plantae","Tracheophyta","Magnoliopsida","Lamiales","Lamiaceae","species","ACCEPTED"
"Leonurus sibiricus L.","CG6B","Leonurus sibiricus L.","Lamiaceae",,,"Plantae","Tracheophyta","Magnoliopsida","Lamiales","Lamiaceae","species","ACCEPTED"
"Lepidium campestre (L.) W.T.Aiton","7KCZ","Brassica rapa var. oleifera DC.","Brassicaceae",,,"Plantae","Tracheophyta","Magnoliopsida","Brassicales","Brassicaceae","species","ACCEPTED"
"Lepidium pseudodidymum Thell. ex Druce","7ZZR","Lepidium pseudodidymum Thell. ex Druce","Brassicaceae",,,"Plantae","Tracheophyta","Magnoliopsida","Brassicales","Brassicaceae","species","ACCEPTED"
"Lepidium ruderale L.","4ND9","Lepidium ruderale L.","Brassicaceae",,,"Plantae","Tracheophyta","Magnoliopsida","Brassicales","Brassicaceae","species","ACCEPTED"
"Lepidium subulatum L.","HN2B","Lepidium subulatum L.","Brassicaceae",,,"Plantae","Tracheophyta","Magnoliopsida","Brassicales","Brassicaceae","species","ACCEPTED"
"Lepidium virginicum L.","C3W8","Lepidium virginicum L.","Brassicaceae",,,"Plantae","Tracheophyta","Magnoliopsida","Brassicales","Brassicaceae","species","ACCEPTED"
"Lepidodactylus lugubris (Duméril & Bibron, 1836)","6YYP","Lepidodactylus lugubris (Duméril & Bibron, 1836)","Gekkonidae",,,"Animalia","Chordata","Reptilia","Squamata","Gekkonidae","species","ACCEPTED"
"Lepomis cyanellus Rafinesque, 1819","3PFG","Lepomis cyanellus Rafinesque, 1819","Centrarchidae",,,"Animalia","Chordata","Actinopterygii","Perciformes","Centrarchidae","species","ACCEPTED"
"Lepomis gibbosus (Linnaeus, 1758)","93VS","Lepomis gibbosus (Linnaeus, 1768)","Centrarchidae",,,"Animalia","Chordata","Actinopterygii","Perciformes","Centrarchidae","species","ACCEPTED"
"Lepomis macrochirus Rafinesque, 1819","GS86","Lepomis macrochirus Rafinesque, 1819","Centrarchidae",,,"Animalia","Chordata","Actinopterygii","Perciformes","Centrarchidae","species","ACCEPTED"
"Leptochloa filiformis (Pers.) P.Beauv.","9HVV","Leptochloa mucronata (Michx.) Kunth","Poaceae",,"Leptochloa mucronata (Michx.) Kunth","Plantae","Tracheophyta","Liliopsida","Poales","Poaceae","species","SYNONYM"
"Leptochloa virgata P.Beauv.","J2RJ","Leptochloa virgata (L.) P.Beauv.","Poaceae",,,"Plantae","Tracheophyta","Liliopsida","Poales","Poaceae","species","ACCEPTED"
"Lepus europaeus Pallas, 1778","J262","Lepus europaeus Pallas, 1778","Leporidae",,,"Animalia","Chordata","Mammalia","Lagomorpha","Leporidae","species","ACCEPTED"
"Lespedeza cuneata","8MYR","Lespedeza cuneata (Dum.Cours.) G.Don","Fabaceae",,,"Plantae","Tracheophyta","Magnoliopsida","Fabales","Fabaceae","species","ACCEPTED"
"Leucaena diversifolia Benth.","NF9","Leucaena diversifolia Benth.","Fabaceae",,,"Plantae","Tracheophyta","Magnoliopsida","Fabales","Fabaceae","species","ACCEPTED"
"Leucaena leucocephala (Lam.) de Wit","8BRC","Leucaena leucocephala (Lam.) de Wit","Fabaceae",,,"Plantae","Tracheophyta","Magnoliopsida","Fabales","Fabaceae","species","ACCEPTED"
"Leucas martinicensis (Jacq.) R.Br.","62FC","Leucas martinicensis (Jacq.) R.Br.","Lamiaceae",,,"Plantae","Tracheophyta","Magnoliopsida","Lamiales","Lamiaceae","species","ACCEPTED"
"Ligustrum japonicum Thunb.","DX7T","Ligustrum japonicum Thunb.","Oleaceae",,,"Plantae","Tracheophyta","Magnoliopsida","Lamiales","Oleaceae","species","ACCEPTED"
"Ligustrum lucidum W.T.Aiton","7QPG","Ligustrum lucidum W.T.Aiton","Oleaceae",,,"Plantae","Tracheophyta","Magnoliopsida","Lamiales","Oleaceae","species","ACCEPTED"
"Ligustrum sinense Lour.","47LN","Ligustrum sinense Lour.","Oleaceae",,,"Plantae","Tracheophyta","Magnoliopsida","Lamiales","Oleaceae","species","ACCEPTED"
"Ligustrum vulgare L.","794F","Ligustrum vulgare L.","Oleaceae",,"Syringa vulgaris L.","Plantae","Tracheophyta","Magnoliopsida","Lamiales","Oleaceae","species","SYNONYM"
"Lilium longiflorum Thunb.","8YWP","Lilium longiflorum Thunb.","Liliaceae",,,"Plantae","Tracheophyta","Liliopsida","Liliales","Liliaceae","species","ACCEPTED"
"Lilium regale E.H.Wilson","62QY","Lilium regale E.H.Wilson","Liliaceae",,,"Plantae","Tracheophyta","Liliopsida","Liliales","Liliaceae","species","ACCEPTED"
"Limacus flavus (Linnaeus, 1758)","GR68","Limacus flavus (Linnaeus, 1758)","Limacidae",,,"Animalia","Mollusca","Gastropoda","Stylommatophora","Limacidae","species","ACCEPTED"
"Limax maximus Linnaeus, 1758","77JR","Limax maximus Linnaeus, 1758","Limacidae",,,"Animalia","Mollusca","Gastropoda","Stylommatophora","Limacidae","species","ACCEPTED"
"Limnocharis laforestii Duchass. ex Griseb.","56GC","Limnocharis laforesti Duchass. ex Griseb.","Alismataceae",,,"Plantae","Tracheophyta","Liliopsida","Alismatales","Alismataceae","species","ACCEPTED"
"Limnoperna fortunei (Dunker, 1857)","84ZT","Limnoperna fortunei (Dunker, 1857)","Mytilidae",,,"Animalia","Mollusca","Bivalvia","Mytilida","Mytilidae","species","ACCEPTED"
"Linaria vulgaris Mill.","6FPV","Linaria vulgaris Mill.","Plantaginaceae",,,"Plantae","Tracheophyta","Magnoliopsida","Lamiales","Plantaginaceae","species","ACCEPTED"
"Liolaemus lutzae Mertens, 1938","CQVT","Liolaemus lutzae Mertens, 1938","Liolaemidae",,,"Animalia","Chordata","Reptilia","Squamata","Liolaemidae","species","ACCEPTED"
"Livistona chinensis (Jacq.) R.Br. ex Mart.","G4G7","Livistona chinensis (Jacq.) R.Br. ex Mart.","Arecaceae",,,"Plantae","Tracheophyta","Liliopsida","Arecales","Arecaceae","species","ACCEPTED"
"Lobelia fervens Thunb.","GJGC","Lobelia fervens Thunb.","Campanulaceae",,,"Plantae","Tracheophyta","Magnoliopsida","Asterales","Campanulaceae","species","ACCEPTED"
"Lobularia maritima (L.) Desv.","8QX3","Lobularia maritima (L.) Desv.","Brassicaceae",,,"Plantae","Tracheophyta","Magnoliopsida","Brassicales","Brassicaceae","species","ACCEPTED"
"Lolium multiflorum Lam.","D3QZ","Lolium multiflorum Lam.","Poaceae",,,"Plantae","Tracheophyta","Liliopsida","Poales","Poaceae","species","ACCEPTED"
"Lolium perenne L.","4JX3","Lolium perenne L.","Poaceae",,,"Plantae","Tracheophyta","Liliopsida","Poales","Poaceae","species","ACCEPTED"
"Lolium temulentum L.","J6S","Lolium temulentum L.","Poaceae",,,"Plantae","Tracheophyta","Liliopsida","Poales","Poaceae","species","ACCEPTED"
"Lonicera japonica Thunb.","GZZ5","Lonicera japonica Thumb.","Caprifoliaceae",,,"Plantae","Tracheophyta","Magnoliopsida","Dipsacales","Caprifoliaceae","species","ACCEPTED"
"Lophospermum erubescens D.Don ex Sweet","4ZQ9","Lophospermum erubescens D. Don","Plantaginaceae",,,"Plantae","Tracheophyta","Magnoliopsida","Lamiales","Plantaginaceae","species","ACCEPTED"
"Lotus corniculatus L.","HDHK","Lotus corniculatus L.","Fabaceae",,,"Plantae","Tracheophyta","Magnoliopsida","Fabales","Fabaceae","species","ACCEPTED"
"Ludwigia octovalvis (Jacq.) P.H.Raven","DV2T","Ludwigia octovalvis (Jacq.) P.H.Raven","Onagraceae",,,"Plantae","Tracheophyta","Magnoliopsida","Myrtales","Onagraceae","species","ACCEPTED"
"Ludwigia peploides (Kunth) P.H.Raven","BCBG","Ludwigia peploides (Kunth) P.H.Raven","Onagraceae",,,"Plantae","Tracheophyta","Magnoliopsida","Myrtales","Onagraceae","species","ACCEPTED"
"Luffa aegyptiaca Mill.","3GQC","Luffa cylindrica (L.) M.Roem.","Cucurbitaceae",,,"Plantae","Tracheophyta","Magnoliopsida","Cucurbitales","Cucurbitaceae","species","ACCEPTED"
"Lythrum junceum Banks & Solander","5MQ5","Lythrum junceum Banks & Sol.","Lythraceae",,,"Plantae","Tracheophyta","Magnoliopsida","Myrtales","Lythraceae","species","ACCEPTED"
"Macaca fascicularis (Raffles, 1821)","HP6Q","Macaca fascicularis (Raffles, 1821)","Cercopithecidae",,,"Animalia","Chordata","Mammalia","Primates","Cercopithecidae","species","ACCEPTED"
"Macrobrachium rosenbergii (De Man, 1879)","7X47","Macrobrachium rosenbergii (De Man, 1879)","Palaemonidae",,,"Animalia","Arthropoda","Malacostraca","Decapoda","Palaemonidae","species","ACCEPTED"
"Macroptilium atropurpureum Urb.","BY9V","Macroptilium atropurpureum (Sessé & Moc. ex DC.) Urb.","Fabaceae",,,"Plantae","Tracheophyta","Magnoliopsida","Fabales","Fabaceae","species","ACCEPTED"
"Macroptilium gibbosifolium (Ortega) A.Delgado","9TXN","Macroptilium gibbosifolium (Ortega) A. Delgado","Fabaceae",,,"Plantae","Tracheophyta","Magnoliopsida","Fabales","Fabaceae","species","ACCEPTED"
"Macrothelypteris torresiana (Gaudich.) Ching","9WRH","Macrothelypteris torresiana (Gaudich.) Ching","Thelypteridaceae",,,"Plantae","Tracheophyta","Polypodiopsida","Polypodiales","Thelypteridaceae","species","ACCEPTED"
"Magnolia champaca (L.) Baill. ex Pierre","BZWR","Magnolia champaca (L.) Baill. ex Pierre","Magnoliaceae",,,"Plantae","Tracheophyta","Magnoliopsida","Magnoliales","Magnoliaceae","species","ACCEPTED"
"Malva parviflora L.","44D7","Malva parviflora L.","Malvaceae",,,"Plantae","Tracheophyta","Magnoliopsida","Malvales","Malvaceae","species","ACCEPTED"
"Malva sylvestris f. sylvestris",,,,,,"Plantae","Tracheophyta","Magnoliopsida","Malvales","Malvaceae","species","ACCEPTED"
"Malvastrum coromandelianum (L.) Garcke","849B","Malvastrum coromandelianum (L.) Garcke","Malvaceae",,,"Plantae","Tracheophyta","Magnoliopsida","Malvales","Malvaceae","species","ACCEPTED"
"Malvaviscus arboreus Cav.","6R5Y","Malvaviscus arboreus Dill. ex Cav.","Malvaceae",,,"Plantae","Tracheophyta","Magnoliopsida","Malvales","Malvaceae","species","ACCEPTED"
"Mammea americana L.","7W9L","Mammea americana L.","Clusiaceae",,,"Plantae","Tracheophyta","Magnoliopsida","Malpighiales","Calophyllaceae","species","ACCEPTED"
"Mandevilla boliviensis (Hook.f.) Woodson","HHKS","Mandevilla boliviensis (Hook.f.) Woodson","Apocynaceae",,,"Plantae","Tracheophyta","Magnoliopsida","Gentianales","Apocynaceae","species","ACCEPTED"
"Mangifera indica L.","9YG6","Mangifera indica L.","Anacardiaceae",,,"Plantae","Tracheophyta","Magnoliopsida","Sapindales","Anacardiaceae","species","ACCEPTED"
"Marrubium vulgare L.","5J5D","Marrubium vulgare L.","Lamiaceae",,,"Plantae","Tracheophyta","Magnoliopsida","Lamiales","Lamiaceae","species","ACCEPTED"
"Marsilea minuta L.","9TWG","Marsilea minuta L.","Marsileaceae",,,"Plantae","Tracheophyta","Polypodiopsida","Salviniales","Marsileaceae","species","ACCEPTED"
"Matricaria recutita L.","8CLC","Matricaria recutita L.","Asteraceae",,"Matricaria chamomilla L.","Plantae","Tracheophyta","Magnoliopsida","Asterales","Asteraceae","species","SYNONYM"
"Mazus pumilus (Burm.f.) Steenis","4JBV","Mazus pumilus (Burm.f.) Steenis","Mazaceae",,,"Plantae","Tracheophyta","Magnoliopsida","Lamiales","Mazaceae","species","ACCEPTED"
"Medicago arabica (L.) Huds.","H2FT","Medicago arabica (L.) Huds.","Fabaceae",,,"Plantae","Tracheophyta","Magnoliopsida","Fabales","Fabaceae","species","ACCEPTED"
"Medicago lupulina L.","5VHH","Medicago lupulina L.","Fabaceae",,,"Plantae","Tracheophyta","Magnoliopsida","Fabales","Fabaceae","species","ACCEPTED"
"Medicago minima (L.) L.","3L6N","Medicago minima (L.) L.","Fabaceae",,,"Plantae","Tracheophyta","Magnoliopsida","Fabales","Fabaceae","species","ACCEPTED"
"Medicago polymorpha L.","3ZGL","Medicago polymorpha L.","Fabaceae",,,"Plantae","Tracheophyta","Magnoliopsida","Fabales","Fabaceae","species","ACCEPTED"
"Medicago sativa L.","GRNZ","Medicago sativa L.","Fabaceae",,,"Plantae","Tracheophyta","Magnoliopsida","Fabales","Fabaceae","species","ACCEPTED"
"Megabalanus coccopoma (Darwin, 1854)","8D9R","Megabalanus coccopoma (Darwin, 1854)","Balanidae",,,"Animalia","Arthropoda","Maxillopoda","Sessilia","Balanidae","species","ACCEPTED"
"Megabalanus tintinnabulum (Linnaeus, 1758)","F4XY","Megabalanus tintinnabulum (Linnaeus, 1758)","Balanidae",,"Balanus tintinnabulum (Linnaeus, 1758)","Animalia","Arthropoda","Maxillopoda","Sessilia","Balanidae","species","HOMOTYPIC_SYNONYM"
"Megathyrsus maximus (Jacq.) B.K.Simon & S.W.L.Jacobs","3ST","Megathyrsus maximus (Jacq.) B.K.Simon & S.W.L.Jacobs","Poaceae",,"Panicum maximum Jacq.","Plantae","Tracheophyta","Liliopsida","Poales","Poaceae","species","SYNONYM"
"Meghimatium pictum (Stoliczka, 1873)","FYXY","Meghimatium pictum (Stoliczka, 1873)","Philomycidae",,,"Animalia","Mollusca","Gastropoda","Stylommatophora","Philomycidae","species","ACCEPTED"
"Melaleuca quinquenervia (Cav.) S.T.Blake","8XQW","Melaleuca quinquenervia (Cav.) S.T.Blake","Myrtaceae",,,"Plantae","Tracheophyta","Magnoliopsida","Myrtales","Myrtaceae","species","ACCEPTED"
"Melanoides tuberculata (O.F.Müller, 1774)","H47N","Melanoides tuberculata (Müller, 1774)","Thiaridae",,,"Animalia","Mollusca","Gastropoda",,"Thiaridae","species","ACCEPTED"
"Melia azedarach L.","5M6R","Melia azedarach L.","Meliaceae",,,"Plantae","Tracheophyta","Magnoliopsida","Sapindales","Meliaceae","species","ACCEPTED"
"Melilotus albus Medik.","9BZB","Melilotus albus Medik.","Fabaceae",,,"Plantae","Tracheophyta","Magnoliopsida","Fabales","Fabaceae","species","ACCEPTED"
"Melilotus indicus All.","D8NX","Melilotus indicus (L.) All.","Fabaceae",,,"Plantae","Tracheophyta","Magnoliopsida","Fabales","Fabaceae","species","ACCEPTED"
"Melinis minutiflora P.Beauv.","5XV3","Melinis minutiflora P.Beauv.","Poaceae",,,"Plantae","Tracheophyta","Liliopsida","Poales","Poaceae","species","ACCEPTED"
"Melinis repens (Willd.) Zizka","HNF9","Melinis repens (Willd.) Zizka","Poaceae",,,"Plantae","Tracheophyta","Liliopsida","Poales","Poaceae","species","ACCEPTED"
"Melissa officinalis L.","8235","Melissa officinalis L.","Lamiaceae",,,"Plantae","Tracheophyta","Magnoliopsida","Lamiales","Lamiaceae","species","ACCEPTED"
"Melocanna baccifera Kurz","ZX9","Melocanna baccifera (Roxb.) Kurz","Poaceae",,,"Plantae","Tracheophyta","Liliopsida","Poales","Poaceae","species","ACCEPTED"
"Membranobalanus declivis (Darwin, 1854)","HW53","Membranobalanus declivis (Darwin, 1854)","Archaeobalanidae",,,"Animalia","Arthropoda","Maxillopoda","Sessilia","Archaeobalanidae","species","ACCEPTED"
"Mentha arvensis L.","F8HW","Mentha arvensis L.","Lamiaceae",,,"Plantae","Tracheophyta","Magnoliopsida","Lamiales","Lamiaceae","species","ACCEPTED"
"Mentha piperita L","BKZS","Mentha piperita L.","Lamiaceae",,,"Plantae","Tracheophyta","Magnoliopsida","Lamiales","Lamiaceae","species","ACCEPTED"
"Mentha pulegium L.","FKBG","Mentha pulegium L.","Lamiaceae",,,"Plantae","Tracheophyta","Magnoliopsida","Lamiales","Lamiaceae","species","ACCEPTED"
"Mentha rotundifolia (L.) Huds.","D56B","Mentha rotundifolia (L.) Huds.","Lamiaceae",,,"Plantae","Tracheophyta","Magnoliopsida","Lamiales","Lamiaceae","species","ACCEPTED"
"Mentha spicata L.","9JGL","Mentha spicata L.","Lamiaceae",,,"Plantae","Tracheophyta","Magnoliopsida","Lamiales","Lamiaceae","species","ACCEPTED"
"Mentha suaveolens Ehrh.","8QVT","Mentha suaveolens Ehrh.","Lamiaceae",,,"Plantae","Tracheophyta","Magnoliopsida","Lamiales","Lamiaceae","species","ACCEPTED"
"Merremia dissecta (Jacq.) Hall.fil.","J6XY","Distimake dissectus (Jacq.) A.R. Simões & Staples","Convolvulaceae",,"Distimake dissectus (Jacq.) A.R.Simões & Staples","Plantae","Tracheophyta","Magnoliopsida","Solanales","Convolvulaceae","species","SYNONYM"
"Merremia quinquefolia (L.) Hall.fil.","FD6X","Distimake quinquefolius (L.) A.R. Simões & Staples","Convolvulaceae",,"Distimake quinquefolius (L.) A.R.Simões & Staples","Plantae","Tracheophyta","Magnoliopsida","Solanales","Convolvulaceae","species","SYNONYM"
"Merremia tuberosa Dammer","CV6C","Distimake tuberosus (L.) A.R. Simões & Staples","Convolvulaceae",,,"Plantae","Tracheophyta","Magnoliopsida","Solanales","Convolvulaceae","species","ACCEPTED"
"Mesocyclops ogunnus Onabamiro, 1957","94WJ","Mesocyclops ogunnus Onabamiro, 1957","Cyclopidae",,,"Animalia","Arthropoda","Hexanauplia","Cyclopoida","Cyclopidae","species","ACCEPTED"
"Metapenaeus monoceros (Fabricius, 1798)","3M62","Metapenaeus monoceros (Fabricius, 1798)","Penaeidae",,,"Animalia","Arthropoda","Malacostraca","Decapoda","Penaeidae","species","ACCEPTED"
"Microchloa kunthii Desv.","G83Z","Microchloa kunthii Desv.","Poaceae",,,"Plantae","Tracheophyta","Liliopsida","Poales","Poaceae","species","ACCEPTED"
"Microcosmus exasperatus Heller, 1878","H2YG","Microcosmus exasperatus Heller, 1878","Pyuridae",,,"Animalia","Chordata","Ascidiacea","Stolidobranchia","Pyuridae","species","ACCEPTED"
"Micropterus salmoides (Lacepède, 1802)","G8ZP","Micropterus salmoides (Lacépède, 1802)","Centrarchidae",,,"Animalia","Chordata","Actinopterygii","Perciformes","Centrarchidae","species","ACCEPTED"
"Mikania micrantha Kunth","HG2R","Mikania micrantha Kunth","Asteraceae",,,"Plantae","Tracheophyta","Magnoliopsida","Asterales","Asteraceae","species","ACCEPTED"
"Mikrogeophagus altispinosus (Haseman, 1911)","3RR9","Mikrogeophagus altispinosus (Haseman, 1911)","Cichlidae",,,"Animalia","Chordata","Actinopterygii","Perciformes","Cichlidae","species","ACCEPTED"
"Mimosa asperata L.","8SLR","Mimosa asperata L.","Fabaceae",,,"Plantae","Tracheophyta","Magnoliopsida","Fabales","Fabaceae","species","ACCEPTED"
"Mimosa bimucronata Kuntze","5WJB","Mimosa bimucronata (DC.) Kuntze","Fabaceae",,,"Plantae","Tracheophyta","Magnoliopsida","Fabales","Fabaceae","species","ACCEPTED"
"Mimosa caesalpiniifolia Benth.","9ST2","Mimosa caesalpiniifolia Benth.","Fabaceae",,,"Plantae","Tracheophyta","Magnoliopsida","Fabales","Fabaceae","species","ACCEPTED"
"Mimosa casta L.","DDPW","Mimosa casta L.","Fabaceae",,,"Plantae","Tracheophyta","Magnoliopsida","Fabales","Fabaceae","species","ACCEPTED"
"Mimosa ceratonia L.","CG8J","Mimosa ceratonia L.","Fabaceae",,,"Plantae","Tracheophyta","Magnoliopsida","Fabales","Fabaceae","species","ACCEPTED"
"Mimusops commersonii (G.Don) Engl.","8LQF","Manilkara bidentata subsp. bidentata","Sapotaceae",,"Mimusops balata C.F.Gaertn.","Plantae","Tracheophyta","Magnoliopsida","Ericales","Sapotaceae","species","SYNONYM"
"Mirabilis jalapa L.","5QVF","Mirabilis jalapa L.","Nyctaginaceae",,,"Plantae","Tracheophyta","Magnoliopsida","Caryophyllales","Nyctaginaceae","species","ACCEPTED"
"Miscanthus sinensis Andersson","FJZY","Miscanthus sinensis Andersson","Poaceae",,,"Plantae","Tracheophyta","Liliopsida","Poales","Poaceae","species","ACCEPTED"
"Misopates orontium Raf.","BWHL","Misopates orontium (L.) Raf.","Plantaginaceae",,,"Plantae","Tracheophyta","Magnoliopsida","Lamiales","Plantaginaceae","species","ACCEPTED"
"Mnesithea granularis (L.) de Koning & Sosef","HZWR","Mnesithea granularis (L.) de Koning & Sosef","Poaceae",,"Hackelochloa granularis Kuntze","Plantae","Tracheophyta","Liliopsida","Poales","Poaceae","species","SYNONYM"
"Moina macrocopa (Straus, 1820)","XK6","Moina macrocopa (Straus, 1820)","Moinidae",,,"Animalia","Arthropoda","Branchiopoda","Diplostraca","Moinidae","species","ACCEPTED"
"Mollugo pentaphylla L.","9PSG","Mollugo pentaphylla L.","Molluginaceae",,"Trigastrotheca pentaphylla (L.) Thulin","Plantae","Tracheophyta","Magnoliopsida","Caryophyllales","Molluginaceae","species","SYNONYM"
"Momordica charantia L.","4VRJ","Momordica charantia L.","Cucurbitaceae",,,"Plantae","Tracheophyta","Magnoliopsida","Cucurbitales","Cucurbitaceae","species","ACCEPTED"
"Monomorium destructor (Jerdon, 1851)","KNM","Trichomyrmex destructor (Jerdon, 1851)","Formicidae",,,"Animalia","Arthropoda","Insecta","Hymenoptera","Formicidae","species","ACCEPTED"
"Monomorium floricola (Jerdon, 1851)","3M9M","Monomorium floricola (Jerdon, 1851)","Formicidae",,,"Animalia","Arthropoda","Insecta","Hymenoptera","Formicidae","species","ACCEPTED"
"Monomorium pharaonis (Linnaeus, 1758)","6S4P","Monomorium pharaonis (Linnaeus, 1758)","Formicidae",,,"Animalia","Arthropoda","Insecta","Hymenoptera","Formicidae","species","ACCEPTED"
"Morus alba L.","CDCP","Morus alba L.","Moraceae",,,"Plantae","Tracheophyta","Magnoliopsida","Rosales","Moraceae","species","ACCEPTED"
"Morus nigra L.","FLJ5","Morus nigra L.","Moraceae",,,"Plantae","Tracheophyta","Magnoliopsida","Rosales","Moraceae","species","ACCEPTED"
"Murdannia nudiflora (L.) Brenan","3NBD","Murdannia nudiflora (L.) Brenan","Commelinaceae",,,"Plantae","Tracheophyta","Liliopsida","Commelinales","Commelinaceae","species","ACCEPTED"
"Murraya paniculata (L.) Jacq.","3ZPK","Murraya paniculata (L.) Jack","Rutaceae",,,"Plantae","Tracheophyta","Magnoliopsida","Sapindales","Rutaceae","species","ACCEPTED"
"Mus musculus Linnaeus, 1758","7LDV","Mus musculus (Linnaeus, 1758)","Muridae",,,"Animalia","Chordata","Mammalia","Rodentia","Muridae","species","ACCEPTED"
"Musa ornata Roxb.","6T4Q","Musa ornata Roxb.","Musaceae",,,"Plantae","Tracheophyta","Liliopsida","Zingiberales","Musaceae","species","ACCEPTED"
"Musa paradisiaca L","ZDX","Musa paradisiaca L.","Musaceae",,,"Plantae","Tracheophyta","Liliopsida","Zingiberales","Musaceae","species","ACCEPTED"
"Musa rosacea Jacq.","DJ7B","Musa balbisiana Colla","Musaceae",,"Musa balbisiana Colla","Plantae","Tracheophyta","Liliopsida","Zingiberales","Musaceae","species","SYNONYM"
"Mustela putorius Linnaeus, 1758","7DRW","Mustela putorius Linnaeus, 1758","Mustelidae",,,"Animalia","Chordata","Mammalia","Carnivora","Mustelidae","species","ACCEPTED"
"Myoforceps aristatus (Dillwyn, 1817)","HGC6","Leiosolenus aristatus (Dillwyn, 1817)","Mytilidae",,"Leiosolenus aristatus (Dillwyn, 1817)","Animalia","Mollusca","Bivalvia","Mytilida","Mytilidae","species","SYNONYM"
"Mytilopsis leucophaeata (Conrad, 1831)","9JRN","Mytilopsis leucophaeata (Conrad, 1831)","Dreissenidae",,,"Animalia","Mollusca","Bivalvia","Myida","Dreissenidae","species","ACCEPTED"
"Najas graminea Delile","7HY9","Najas graminea Delile","Hydrocharitaceae",,,"Plantae","Tracheophyta","Liliopsida","Alismatales","Hydrocharitaceae","species","ACCEPTED"
"Najas malesiana De Wilde","FZ98","Najas malesiana W.J.de Wilde","Hydrocharitaceae",,,"Plantae","Tracheophyta","Liliopsida","Alismatales","Hydrocharitaceae","species","ACCEPTED"
"Nasua nasua (Linnaeus, 1766)","86Y3","Nasua nasua (Linnaeus, 1766)","Procyonidae",,,"Animalia","Chordata","Mammalia","Carnivora","Procyonidae","species","ACCEPTED"
"Nectandra citrifolia Mez & Rusby ex Rusby","68W3","Nectandra psammophila Nees","Lauraceae",,,"Plantae","Tracheophyta","Magnoliopsida","Laurales","Lauraceae","species","ACCEPTED"
"Nectandra patens (Sw.) Griseb.","HV59","Damburneya patens (Sw.) Trofimov","Lauraceae",,"Damburneya patens (Sw.) Trofimov","Plantae","Tracheophyta","Magnoliopsida","Laurales","Lauraceae","species","SYNONYM"
"Nectandra pichurim Mez","G6Y9","Nectandra pichurim (Kunth) Mez","Lauraceae",,,"Plantae","Tracheophyta","Magnoliopsida","Laurales","Lauraceae","species","ACCEPTED"
"Neonotonia wightii (Arn.) J.A.Lackey","FWM9","Neonotonia wightii (Graham ex Wight & Arn.) J.A.Lackey","Fabaceae",,,"Plantae","Tracheophyta","Magnoliopsida","Fabales","Fabaceae","species","ACCEPTED"
"Nephrolepis cordifolia (L.) C.Presl","9WND","Nephrolepis cordifolia (L.) C.Presl","Nephrolepidaceae",,,"Plantae","Tracheophyta","Polypodiopsida","Polypodiales","Lomariopsidaceae","species","ACCEPTED"
"Nephrolepis pectinata Schott","G5YD","Nephrolepis pectinata (Willd.) Schott","Nephrolepidaceae",,,"Plantae","Tracheophyta","Polypodiopsida","Polypodiales","Lomariopsidaceae","species","ACCEPTED"
"Newmanella radiata (Bruguière, 1789)","432N","Newmanella radiata (Bruguière, 1789)","Tetraclitidae",,,"Animalia","Arthropoda","Maxillopoda","Sessilia","Tetraclitidae","species","ACCEPTED"
"Nicandra physalodes (L.) Gaertn.","67LH","Nicandra physalodes (L.) Gaertn.","Solanaceae",,,"Plantae","Tracheophyta","Magnoliopsida","Solanales","Solanaceae","species","ACCEPTED"
"Nicotiana glauca Graham","F6KC","Nicotiana glauca Graham","Solanaceae",,,"Plantae","Tracheophyta","Magnoliopsida","Solanales","Solanaceae","species","ACCEPTED"
"Nicotiana tabacum L.","7HGK","Nicotiana tabacum L.","Solanaceae",,,"Plantae","Tracheophyta","Magnoliopsida","Solanales","Solanaceae","species","ACCEPTED"
"Nopalea cochenillifera (L.) Salm-Dyck","DL7Y","Nopalea cochenillifera (L.) Salm-Dyck","Cactaceae",,,"Plantae","Tracheophyta","Magnoliopsida","Caryophyllales","Cactaceae","species","ACCEPTED"
"Nuttalanthus canadensis (L.) D.A.Sutton","BH4L","Nuttalanthus canadensis (L.) D.A. Sutton","Plantaginaceae",,"Nuttallanthus canadensis (L.) D.A.Sutton","Plantae","Tracheophyta","Magnoliopsida","Lamiales","Plantaginaceae","species","HETEROTYPIC_SYNONYM"
"Nuttalanthus texanus (Scheele) D.A.Sutton","HKJ5","Nuttalanthus texanus (Scheele) D.A. Sutton","Plantaginaceae",,"Nuttallanthus texanus (Scheele) D.A.Sutton","Plantae","Tracheophyta","Magnoliopsida","Lamiales","Plantaginaceae","species","SYNONYM"
"Nymphaea caerulea Savigny","3WXL","Nymphaea caerulea Savigny","Nymphaeaceae",,"Nymphaea nouchali Burm.f.","Plantae","Tracheophyta","Magnoliopsida","Nymphaeales","Nymphaeaceae","species","SYNONYM"
"Nymphaea capensis Thunb.","C3Y4","Nymphaea capensis Thunb.","Nymphaeaceae",,"Nymphaea nouchali Burm.f.","Plantae","Tracheophyta","Magnoliopsida","Nymphaeales","Nymphaeaceae","species","SYNONYM"
"Nymphaea lotus L.","BL3L","Nymphaea lotus L.","Nymphaeaceae",,,"Plantae","Tracheophyta","Magnoliopsida","Nymphaeales","Nymphaeaceae","species","ACCEPTED"
"Nymphaea odorata Aiton","GDRG","Nymphaea odorata Aiton","Nymphaeaceae",,,"Plantae","Tracheophyta","Magnoliopsida","Nymphaeales","Nymphaeaceae","species","ACCEPTED"
"Ocimum africanum Lour.","GPR9","Ocimum africanum Lour.","Lamiaceae",,,"Plantae","Tracheophyta","Magnoliopsida","Lamiales","Lamiaceae","species","ACCEPTED"
"Ocimum americanum L.","34V","Ocimum americanum L.","Lamiaceae",,,"Plantae","Tracheophyta","Magnoliopsida","Lamiales","Lamiaceae","species","ACCEPTED"
"Ocimum basilicum L.","5MH3","Ocimum basilicum L.","Lamiaceae",,,"Plantae","Tracheophyta","Magnoliopsida","Lamiales","Lamiaceae","species","ACCEPTED"
"Ocimum gratissimum L.","DFLJ","Ocimum gratissimum L.","Lamiaceae",,,"Plantae","Tracheophyta","Magnoliopsida","Lamiales","Lamiaceae","species","ACCEPTED"
"Odontesthes bonariensis (Valenciennes, 1835)","HPYY","Odontesthes bonariensis (Valenciennes, 1835)","Atherinopsidae",,,"Animalia","Chordata","Actinopterygii","Atheriniformes","Atherinopsidae","species","ACCEPTED"
"Oeceoclades maculata (Lindl.) Lindl.","7XD8","Oeceoclades maculata (Lindl.) Lindl.","Orchidaceae",,,"Plantae","Tracheophyta","Liliopsida","Asparagales","Orchidaceae","species","ACCEPTED"
"Oldenlandia lancifolia DC.","6XVC","Oldenlandia lancifolia (Schumach.) DC.","Rubiaceae",,,"Plantae","Tracheophyta","Magnoliopsida","Gentianales","Rubiaceae","species","ACCEPTED"
"Omobranchus punctatus (Valenciennes, 1836)","47MV","Omobranchus punctatus (Valenciennes, 1836)","Blenniidae",,,"Animalia","Chordata","Actinopterygii","Perciformes","Blenniidae","species","ACCEPTED"
"Oncorhynchus mykiss (Walbaum, 1792)","H5DM","Oncorhynchus mykiss (Walbaum, 1792)","Salmonidae",,,"Animalia","Chordata","Actinopterygii","Salmoniformes","Salmonidae","species","ACCEPTED"
"Ophiopogon japonicus (L.f.) Ker Gawl.","5TPF","Ophiopogon japonicus (L.f.) Ker Gawl.","Asparagaceae",,,"Plantae","Tracheophyta","Liliopsida","Asparagales","Asparagaceae","species","ACCEPTED"
"Opuntia dillenii (Ker Gawl.) Haw.","DZ8T","Opuntia dillenii (Ker Gawl.) Haw.","Cactaceae",,"Opuntia stricta (Haw.) Haw.","Plantae","Tracheophyta","Magnoliopsida","Caryophyllales","Cactaceae","species","SYNONYM"
"Opuntia ficus-indica (L.) Mill.","6YVV","Opuntia ficus-indica (L.) Mill.","Cactaceae",,,"Plantae","Tracheophyta","Magnoliopsida","Caryophyllales","Cactaceae","species","ACCEPTED"
"Opuntia stricta (Haw.) Haw.","DZ8T","Opuntia dillenii (Ker Gawl.) Haw.","Cactaceae",,,"Plantae","Tracheophyta","Magnoliopsida","Caryophyllales","Cactaceae","species","ACCEPTED"
"Oreochromis aureus (Steindachner, 1864)","CLQV","Oreochromis aureus (Steindachner, 1864)","Cichlidae",,,"Animalia","Chordata","Actinopterygii","Perciformes","Cichlidae","species","ACCEPTED"
"Oreochromis macrochir (Boulenger, 1912)","BZRK","Oreochromis macrochir (Boulenger, 1912)","Cichlidae",,,"Animalia","Chordata","Actinopterygii","Perciformes","Cichlidae","species","ACCEPTED"
"Oreochromis mossambicus (Peters, 1852)","5D3B","Oreochromis mossambicus (Peters, 1852)","Cichlidae",,,"Animalia","Chordata","Actinopterygii","Perciformes","Cichlidae","species","ACCEPTED"
"Oreochromis niloticus (Linnaeus, 1758)","SJM","Oreochromis niloticus (Linnaeus, 1758)","Cichlidae",,,"Animalia","Chordata","Actinopterygii","Perciformes","Cichlidae","species","ACCEPTED"
"Oreochromis urolepis (Norman, 1922)","83BJ","Oreochromis urolepis (Norman, 1922)","Cichlidae",,,"Animalia","Chordata","Actinopterygii","Perciformes","Cichlidae","species","ACCEPTED"
"Orthezia insignis Browne, 1887","ZLM","Insignorthezia insignis (Browne, 1887)","Ortheziidae",,"Insignorthezia insignis (Browne, 1887)","Animalia","Arthropoda","Insecta","Hemiptera","Ortheziidae","species","SYNONYM"
"Oryctolagus cuniculus (Linnaeus, 1758)","J48L","Oryctolagus cuniculus (Linnaeus, 1758)","Leporidae",,,"Animalia","Chordata","Mammalia","Lagomorpha","Leporidae","species","ACCEPTED"
"Oryza rufipogon Griff.","6HBM","Oryza rufipogon Griff.","Poaceae",,,"Plantae","Tracheophyta","Liliopsida","Poales","Poaceae","species","ACCEPTED"
"Oryza sativa L.","J4N","Oryza sativa L.","Poaceae",,,"Plantae","Tracheophyta","Liliopsida","Poales","Poaceae","species","ACCEPTED"
"Ovis aries Linnaeus, 1758","FH47","Ovis aries Linnaeus, 1758","Bovidae",,,"Animalia","Chordata","Mammalia","Artiodactyla","Bovidae","species","ACCEPTED"
"Oxalis corniculata L.","8Q9L","Oxalis corniculata L.","Oxalidaceae",,,"Plantae","Tracheophyta","Magnoliopsida","Oxalidales","Oxalidaceae","species","ACCEPTED"
"Oxalis dimidiata Donn.Sm.","8MC9","Oxalis dimidiata Donn.Sm.","Oxalidaceae",,,"Plantae","Tracheophyta","Magnoliopsida","Oxalidales","Oxalidaceae","species","ACCEPTED"
"Oxalis latifolia Kunth","47YY","Oxalis latifolia Kunth","Oxalidaceae",,,"Plantae","Tracheophyta","Magnoliopsida","Oxalidales","Oxalidaceae","species","ACCEPTED"
"Pachira aquatica Aubl.","DJD8","Pachira aquatica Aubl.","Malvaceae",,,"Plantae","Tracheophyta","Magnoliopsida","Malvales","Malvaceae","species","ACCEPTED"
"Pachira glabra Pasq.","GC8Y","Pachira glabra Pasq.","Malvaceae",,"Bombax oleagineum (Decne.) A.Robyns","Plantae","Tracheophyta","Magnoliopsida","Malvales","Malvaceae","species","SYNONYM"
"Pachyrhizus erosus (L.) Urb.","F8Q6","Pachyrhizus erosus (L.) Urb.","Fabaceae",,,"Plantae","Tracheophyta","Magnoliopsida","Fabales","Fabaceae","species","ACCEPTED"
"Pachyrhizus tuberosus Spreng.","Y4H","Pachyrhizus tuberosus (Lam.) Spreng.","Fabaceae",,,"Plantae","Tracheophyta","Magnoliopsida","Fabales","Fabaceae","species","ACCEPTED"
"Paederia foetida L.","44WN","Paederia foetida L.","Rubiaceae",,,"Plantae","Tracheophyta","Magnoliopsida","Gentianales","Rubiaceae","species","ACCEPTED"
"Pallifera Morse, 1864",,,,,,"Animalia","Mollusca","Gastropoda","Stylommatophora","Philomycidae","species","ACCEPTED"
"Panicum brevifolium L.","4ZQ7","Panicum brevifolium L.","Poaceae",,,"Plantae","Tracheophyta","Liliopsida","Poales","Poaceae","species","ACCEPTED"
"Panicum capillare L.","XX4","Panicum capillare L.","Poaceae",,,"Plantae","Tracheophyta","Liliopsida","Poales","Poaceae","species","ACCEPTED"
"Panicum deustum Thunb.","8FGG","Panicum deustum Thunb.","Poaceae",,,"Plantae","Tracheophyta","Liliopsida","Poales","Poaceae","species","ACCEPTED"
"Panicum miliaceum L.","7PB","Panicum miliaceum L.","Poaceae",,,"Plantae","Tracheophyta","Liliopsida","Poales","Poaceae","species","ACCEPTED"
"Panicum repens L.","G6HC","Panicum repens L.","Poaceae",,,"Plantae","Tracheophyta","Liliopsida","Poales","Poaceae","species","ACCEPTED"
"Papaver rhoeas L.","N5J","Papaver rhoeas L.","Papaveraceae",,,"Plantae","Tracheophyta","Magnoliopsida","Ranunculales","Papaveraceae","species","ACCEPTED"
"Parachromis motaguensis (Günther, 1867)","8ZTL","Parachromis motaguensis (Günther, 1867)","Cichlidae",,,"Animalia","Chordata","Actinopterygii","Perciformes","Cichlidae","species","ACCEPTED"
"Paracyclopina longifurca (Sewell, 1924)","DTGZ","Paracyclopina longifurca (Sewell, 1924)","Cyclopettidae",,,"Animalia","Arthropoda","Hexanauplia","Cyclopoida","Cyclopettidae","species","ACCEPTED"
"Paraleucilla magna Klautau, Monteiro & Borojevic, 2004","C2KF","Paraleucilla magna Klautau, Monteiro & Borojević, 2004","Amphoriscidae",,,"Animalia","Porifera","Calcarea","Leucosolenida","Amphoriscidae","species","ACCEPTED"
"Paratrechina longicornis (Latreille, 1802)","96SX","Paratrechina longicornis (Latreille, 1802)","Formicidae",,,"Animalia","Arthropoda","Insecta","Hymenoptera","Formicidae","species","ACCEPTED"
"Parentucellia viscosa (L.) Caruel","9Y38","Parentucellia viscosa (L.) Caruel","Orobanchaceae",,"Bellardia viscosa Fisch. & C.A.Mey.","Plantae","Tracheophyta","Magnoliopsida","Lamiales","Orobanchaceae","species","SYNONYM"
"Parietaria debilis G.Forst.","FVCD","Parietaria debilis G.Forst.","Urticaceae",,,"Plantae","Tracheophyta","Magnoliopsida","Rosales","Urticaceae","species","ACCEPTED"
"Parietaria officinalis L.","L5","Parietaria officinalis L.","Urticaceae",,,"Plantae","Tracheophyta","Magnoliopsida","Rosales","Urticaceae","species","ACCEPTED"
"Parkinsonia aculeata L.","GVZY","Parkinsonia aculeata L.","Fabaceae",,,"Plantae","Tracheophyta","Magnoliopsida","Fabales","Fabaceae","species","ACCEPTED"
"Parodia buiningii (Buxb.) N.P.Taylor","3TDM","Parodia buiningii (Buxb.) N.P.Taylor","Cactaceae",,,"Plantae","Tracheophyta","Magnoliopsida","Caryophyllales","Cactaceae","species","ACCEPTED"
"Parodia herteri (Werderm.) N.P.Taylor","BXJZ","Parodia herteri (Werderm.) N.P.Taylor","Cactaceae",,,"Plantae","Tracheophyta","Magnoliopsida","Caryophyllales","Cactaceae","species","ACCEPTED"
"Paronychia brasiliana DC.","GTHM","Paronychia brasiliana A.DC.","Caryophyllaceae",,,"Plantae","Tracheophyta","Magnoliopsida","Caryophyllales","Caryophyllaceae","species","ACCEPTED"
"Paronychia chilensis DC.","9Z9N","Paronychia chilensis DC.","Caryophyllaceae",,,"Plantae","Tracheophyta","Magnoliopsida","Caryophyllales","Caryophyllaceae","species","ACCEPTED"
"Paronychia setigera (Gillies) F.Herm.","3MJG","Paronychia setigera (Gillies ex Hook. & Arn.) F.Herm.","Caryophyllaceae",,,"Plantae","Tracheophyta","Magnoliopsida","Caryophyllales","Caryophyllaceae","species","ACCEPTED"
"Parotocinclus maculicauda (Steindachner, 1877)","V7Q","Parotocinclus maculicauda (Steindachner, 1877)","Loricariidae",,,"Animalia","Chordata","Actinopterygii","Siluriformes","Loricariidae","species","ACCEPTED"
"Parthenium hysterophorus L.","SWG","Parthenium hysterophorus L.","Asteraceae",,,"Plantae","Tracheophyta","Magnoliopsida","Asterales","Asteraceae","species","ACCEPTED"
"Paspalum conjugatum P.J.Bergius","GVNV","Paspalum conjugatum P.J.Bergius","Poaceae",,,"Plantae","Tracheophyta","Liliopsida","Poales","Poaceae","species","ACCEPTED"
"Paspalum maritimum Trin.","66MS","Paspalum maritimum Trin.","Poaceae",,,"Plantae","Tracheophyta","Liliopsida","Poales","Poaceae","species","ACCEPTED"
"Paspalum scrobiculatum L.","5BVK","Paspalum scrobiculatum L.","Poaceae",,,"Plantae","Tracheophyta","Liliopsida","Poales","Poaceae","species","ACCEPTED"
"Passer domesticus (Linnaeus, 1758)","67TW","Passer domesticus (Linnaeus, 1758)","Passeridae",,,"Animalia","Chordata","Aves","Passeriformes","Passeridae","species","ACCEPTED"
"Passiflora alata Curtis","6GNL","Passiflora alata Curtis","Passifloraceae",,,"Plantae","Tracheophyta","Magnoliopsida","Malpighiales","Passifloraceae","species","ACCEPTED"
"Passiflora garckei Mast.","J9C2","Passiflora garckei Mast.","Passifloraceae",,,"Plantae","Tracheophyta","Magnoliopsida","Malpighiales","Passifloraceae","species","ACCEPTED"
"Paullinia parvibractea Radlk.","44YD","Paullinia parvibractea Radlk.","Sapindaceae",,,"Plantae","Tracheophyta","Magnoliopsida","Sapindales","Sapindaceae","species","ACCEPTED"
"Paulownia tomentosa Steud.","DVFS","Paulownia tomentosa (Thunb.) Steud.","Paulowniaceae",,,"Plantae","Tracheophyta","Magnoliopsida","Lamiales","Paulowniaceae","species","ACCEPTED"
"Pellaea viridis (Forsk.) Prantl","HDT9","Pellaea viridis (Forssk.) Prantl","Pteridaceae",,"Cheilanthes viridis Sw.","Plantae","Tracheophyta","Polypodiopsida","Polypodiales","Pteridaceae","species","SYNONYM"
"Peltastes peltatus (Vell.Conc.) Woodson","5GWJ","Macropharynx peltata (Vell.) J.F.Morales & M.E. Endress","Apocynaceae",,"Macropharynx peltata (Vell.) J.F.Morales, M.E.Endress & Liede","Plantae","Tracheophyta","Magnoliopsida","Gentianales","Apocynaceae","species","SYNONYM"
"Pelvicachromis pulcher (Boulenger, 1901)","74P6","Pelvicachromis pulcher (Boulenger, 1901)","Cichlidae",,,"Animalia","Chordata","Actinopterygii","Perciformes","Cichlidae","species","ACCEPTED"
"Penaeus japonicus Bate, 1888","3356","Marsupenaeus japonicus (Bate, 1888)","Penaeidae",,"Marsupenaeus japonicus (Bate, 1888)","Animalia","Arthropoda","Malacostraca","Decapoda","Penaeidae","species","SYNONYM"
"Penaeus monodon Fabricius, 1798","3NVC","Penaeus monodon Fabricius, 1798","Penaeidae",,,"Animalia","Arthropoda","Malacostraca","Decapoda","Penaeidae","species","ACCEPTED"
"Penaeus vannamei Boone, 1931","GT8Z","Penaeus vannamei Boone, 1931","Penaeidae",,"Litopenaeus vannamei (Boone, 1931)","Animalia","Arthropoda","Malacostraca","Decapoda","Penaeidae","species","SYNONYM"
"Pennisetum clandestinum Hochst. ex Chiov.","Z64","Cenchrus clandestinus (Hochst. ex Chiov.) Morrone","Poaceae",,"Cenchrus clandestinus (Hochst. ex Chiov.) Morrone","Plantae","Tracheophyta","Liliopsida","Poales","Poaceae","species","SYNONYM"
"Pennisetum polystachyum Schult","FJV","Cenchrus polystachios (L.) Morrone","Poaceae",,"Cenchrus polystachios (L.) Morrone","Plantae","Tracheophyta","Liliopsida","Poales","Poaceae","species","PROPARTE_SYNONYM"
"Pennisetum purpureum Schumach.","CLW9","Cenchrus purpureus (Schumach.) Morrone","Poaceae",,"Cenchrus purpureus (Schumach.) Morrone","Plantae","Tracheophyta","Liliopsida","Poales","Poaceae","species","SYNONYM"
"Pentodon pentandrus Vatke","7YND","Pentodon pentandrus (Schumach. & Thonn.) Vatke","Rubiaceae",,,"Plantae","Tracheophyta","Magnoliopsida","Gentianales","Rubiaceae","species","ACCEPTED"
"Perilla frutescens Britton.","8JZJ","Perilla frutescens (L.) Britton","Lamiaceae",,,"Plantae","Tracheophyta","Magnoliopsida","Lamiales","Lamiaceae","species","ACCEPTED"
"Perna perna (Linnaeus, 1758)","52QD","Perna perna (Linnaeus, 1758)","Mytilidae",,,"Animalia","Mollusca","Bivalvia","Mytilida","Mytilidae","species","ACCEPTED"
"Persea americana Mill.","787H","Persea americana Mill.","Lauraceae",,,"Plantae","Tracheophyta","Magnoliopsida","Laurales","Lauraceae","species","ACCEPTED"
"Persicaria hydropiper",,,,,"Persicaria hydropiper (L.) Spach","Plantae","Tracheophyta","Magnoliopsida","Caryophyllales","Polygonaceae","species","SYNONYM"
"Persicaria lapathifolia (L.) Gray","9524","Polygonum lapathifolium L.","Polygonaceae",,,"Plantae","Tracheophyta","Magnoliopsida","Caryophyllales","Polygonaceae","species","ACCEPTED"
"Persicaria maculosa Gray","CB47","Polygonum persicaria L.","Polygonaceae",,,"Plantae","Tracheophyta","Magnoliopsida","Caryophyllales","Polygonaceae","species","ACCEPTED"
"Petiveria alliacea L.","BLHL","Petiveria alliacea L.","Phytolaccaceae",,,"Plantae","Tracheophyta","Magnoliopsida","Caryophyllales","Phytolaccaceae","species","ACCEPTED"
"Phalaris minor Retz.","VLX","Phalaris minor Retz.","Poaceae",,,"Plantae","Tracheophyta","Liliopsida","Poales","Poaceae","species","ACCEPTED"
"Phalloceros caudimaculatus (Hensel, 1868)","CMP4","Phalloceros caudimaculatus Hensel, 1868","Poeciliidae",,,"Animalia","Chordata","Actinopterygii","Cyprinodontiformes","Poeciliidae","species","ACCEPTED"
"Phallusia nigra Savigny, 1816","RKD","Phallusia nigra Savigny, 1816","Ascidiidae",,,"Animalia","Chordata","Ascidiacea","Phlebobranchia","Ascidiidae","species","ACCEPTED"
"Phaseolus lunatus L.","J84P","Phaseolus lunatus L.","Fabaceae",,,"Plantae","Tracheophyta","Magnoliopsida","Fabales","Fabaceae","species","ACCEPTED"
"Phasianus colchicus karpowi Buturlin, 1904",,,,,,"Animalia","Chordata","Aves","Galliformes","Phasianidae","species","ACCEPTED"
"Pheidole megacephala (Fabricius, 1793)","J3FF","Pheidole megacephala (Fabricius, 1793)","Formicidae",,,"Animalia","Arthropoda","Insecta","Hymenoptera","Formicidae","species","ACCEPTED"
"Philodendron giganteum Schott","4THC","Philodendron giganteum Schott","Araceae",,,"Plantae","Tracheophyta","Liliopsida","Alismatales","Araceae","species","ACCEPTED"
"Philornis downsi (Dodge & Aitken, 1968)","FZMC","Philornis downsi Dodge & Aitken, 1968","Muscidae",,,"Animalia","Arthropoda","Insecta","Diptera","Muscidae","species","ACCEPTED"
"Phleum pratense L.","7MYS","Phleum pratense L.","Poaceae",,,"Plantae","Tracheophyta","Liliopsida","Poales","Poaceae","species","ACCEPTED"
"Phragmites australis Trin. ex Steud.","CCJG","Phragmites australis (Cav.) Trin. ex Steud.","Poaceae",,,"Plantae","Tracheophyta","Liliopsida","Poales","Poaceae","species","ACCEPTED"
"Phyllanthus urinaria L.","963W","Emblica urinaria (L.) R.W. Bouman","Phyllanthaceae",,,"Plantae","Tracheophyta","Magnoliopsida","Malpighiales","Phyllanthaceae","species","ACCEPTED"
"Phyllopodopsyllus setouchiensis Kitazima, 1981","5ZKC","Phyllopodopsyllus setouchiensis Kitazima, 1981","Tetragonicipitidae",,,"Animalia","Arthropoda","Hexanauplia","Harpacticoida","Tetragonicipitidae","species","ACCEPTED"
"Phyllorhiza punctata Lendenfeld, 1884","CT5T","Phyllorhiza punctata von Lendenfeld, 1884","Mastigiidae",,,"Animalia","Cnidaria","Scyphozoa","Rhizostomeae","Mastigiidae","species","ACCEPTED"
"Phyllostachys aurea Riviere & C.Riviere","82K5","Phyllostachys aurea Carrière ex Rivière & C. Rivière","Poaceae",,,"Plantae","Tracheophyta","Liliopsida","Poales","Poaceae","species","ACCEPTED"
"Phyllostachys edulis Lehaie","DZT","Phyllostachys edulis (Carrière) J.Houz.","Poaceae",,,"Plantae","Tracheophyta","Liliopsida","Poales","Poaceae","species","ACCEPTED"
"Phyllostachys heterocycla (Carrière) Matsum.","DZT","Phyllostachys edulis (Carrière) J.Houz.","Poaceae",,"Phyllostachys edulis Lehaie","Plantae","Tracheophyta","Liliopsida","Poales","Poaceae","species","SYNONYM"
"Phyllostachys nigra (Lodd. ex Lindl.) Munro","8SR4","Phyllostachys nigra (Lodd. ex Lindl.) Munro","Poaceae",,,"Plantae","Tracheophyta","Liliopsida","Poales","Poaceae","species","ACCEPTED"
"Physalis angulata L.","G5DL","Physalis angulata L.","Solanaceae",,,"Plantae","Tracheophyta","Magnoliopsida","Solanales","Solanaceae","species","ACCEPTED"
"Physalis cordata Mill.","326S","Physalis cordata Mill.","Solanaceae",,,"Plantae","Tracheophyta","Magnoliopsida","Solanales","Solanaceae","species","ACCEPTED"
"Physalis minuta Griggs","95M9","Physalis minuta Griggs","Solanaceae",,,"Plantae","Tracheophyta","Magnoliopsida","Solanales","Solanaceae","species","ACCEPTED"
"Physalis peruviana L.","6VWY","Physalis peruviana L.","Solanaceae",,,"Plantae","Tracheophyta","Magnoliopsida","Solanales","Solanaceae","species","ACCEPTED"
"Physalis pruinosa L.","8PF","Physalis pruinosa L.","Solanaceae",,,"Plantae","Tracheophyta","Magnoliopsida","Solanales","Solanaceae","species","ACCEPTED"
"Physella acuta (Draparnaud, 1805)","6TS4","Physella acuta (Draparnaud, 1805)","Physidae",,"Physa acuta Draparnaud, 1805","Animalia","Mollusca","Gastropoda","Hygrophila","Physidae","species","SYNONYM"
"Phytophthora cinnamomi Rands","3LPY","Phytophthora cinnamomi Rands",,,,"Chromista","Oomycota","Peronosporea","Peronosporales","Peronosporaceae","species","ACCEPTED"
"Phytophthora infestans (Mont.) de Bary","35K3","Phytophthora infestans (Mont.) De Bary",,,,"Chromista","Oomycota","Peronosporea","Peronosporales","Peronosporaceae","species","ACCEPTED"
"Picrosia longifolia D.Don","BCG","Picrosia longifolia D.Don","Asteraceae",,,"Plantae","Tracheophyta","Magnoliopsida","Asterales","Asteraceae","species","ACCEPTED"
"Pilea cadierei Gagnep. & Guillaumin","GY49","Pilea cadierei Gagnep. & Guillaumin","Urticaceae",,,"Plantae","Tracheophyta","Magnoliopsida","Rosales","Urticaceae","species","ACCEPTED"
"Pilea microphylla Liebm.","B64S","Pilea microphylla (L.) Liebm.","Urticaceae",,,"Plantae","Tracheophyta","Magnoliopsida","Rosales","Urticaceae","species","ACCEPTED"
"Pilea nummulariifolia Wedd.","9J2W","Pilea nummularifolia (Sw.) Wedd.","Urticaceae",,,"Plantae","Tracheophyta","Magnoliopsida","Rosales","Urticaceae","species","ACCEPTED"
"Pilumnoides perlatus (Poeppig, 1836)","869R","Pilumnoides perlatus (Poeppig, 1836)","Pilumnoididae",,,"Animalia","Arthropoda","Malacostraca","Decapoda","Pilumnoididae","species","ACCEPTED"
"Pinus caribaea Morelet","CXT7","Pinus caribaea Morelet","Pinaceae",,,"Plantae","Tracheophyta","Pinopsida","Pinales","Pinaceae","species","ACCEPTED"
"Pinus clausa (Chapm. ex Engelm.) Sarg.","BT7T","Pinus clausa (Chapm ex Engelm.) Sarg.","Pinaceae",,,"Plantae","Tracheophyta","Pinopsida","Pinales","Pinaceae","species","ACCEPTED"
"Pinus elliottii Engelm.","BVG","Pinus elliottii Engelm.","Pinaceae",,,"Plantae","Tracheophyta","Pinopsida","Pinales","Pinaceae","species","ACCEPTED"
"Pinus glabra Walter","5QGG","Pinus glabra Walter","Pinaceae",,,"Plantae","Tracheophyta","Pinopsida","Pinales","Pinaceae","species","ACCEPTED"
"Pinus oocarpa Schiede ex Schltdl.","FB8Y","Pinus oocarpa Schiede ex Schltdl.","Pinaceae",,,"Plantae","Tracheophyta","Pinopsida","Pinales","Pinaceae","species","ACCEPTED"
"Pinus patula Schiede ex Schltdl. & Cham.","6QPQ","Pinus patula Schltdl. & Cham.","Pinaceae",,,"Plantae","Tracheophyta","Pinopsida","Pinales","Pinaceae","species","ACCEPTED"
"Pinus pseudostrobus Lindl.","F9PS","Pinus pseudostrobus Lindl.","Pinaceae",,,"Plantae","Tracheophyta","Pinopsida","Pinales","Pinaceae","species","ACCEPTED"
"Pinus taeda L.","GXYD","Pinus taeda L.","Pinaceae",,,"Plantae","Tracheophyta","Pinopsida","Pinales","Pinaceae","species","ACCEPTED"
"Pistia stratiotes L.","8KHV","Pistia stratiotes L.","Araceae",,,"Plantae","Tracheophyta","Liliopsida","Alismatales","Araceae","species","ACCEPTED"
"Pithecellobium dulce Benth.","7NHZ","Pithecellobium dulce (Roxb.) Benth.","Fabaceae",,,"Plantae","Tracheophyta","Magnoliopsida","Fabales","Fabaceae","species","ACCEPTED"
"Pittosporum undulatum Vent.","98Y8","Pittosporum undulatum Vent.","Pittosporaceae",,,"Plantae","Tracheophyta","Magnoliopsida","Apiales","Pittosporaceae","species","ACCEPTED"
"Plagioscion squamosissimus (Heckel, 1840)","CLTX","Plagioscion squamosissimus (Heckel, 1840)","Sciaenidae",,,"Animalia","Chordata","Actinopterygii","Perciformes","Sciaenidae","species","ACCEPTED"
"Plantago coronopus L.","JNZ","Plantago coronopus L.","Plantaginaceae",,,"Plantae","Tracheophyta","Magnoliopsida","Lamiales","Plantaginaceae","species","ACCEPTED"
"Plantago lanceolata L.","GRW4","Plantago lanceolata L.","Plantaginaceae",,,"Plantae","Tracheophyta","Magnoliopsida","Lamiales","Plantaginaceae","species","ACCEPTED"
"Plantago major L.","8DVS","Plantago major L.","Plantaginaceae",,,"Plantae","Tracheophyta","Magnoliopsida","Lamiales","Plantaginaceae","species","ACCEPTED"
"Plectranthus amboinicus (Lour.) Spreng.","324R","Coleus amboinicus Lour.","Lamiaceae",,"Coleus amboinicus Lour.","Plantae","Tracheophyta","Magnoliopsida","Lamiales","Lamiaceae","species","SYNONYM"
"Plectranthus barbatus Andrews","GNMG","Coleus barbatus (Andrews) Benth.","Lamiaceae",,,"Plantae","Tracheophyta","Magnoliopsida","Lamiales","Lamiaceae","species","ACCEPTED"
"Plectranthus monostachyus (P.Beauv.) B.J.Pollard","5VLJ","Coleus monostachyus (P.Beauv) A.J.Paton","Lamiaceae",,,"Plantae","Tracheophyta","Magnoliopsida","Lamiales","Lamiaceae","species","ACCEPTED"
"Pleopis schmackeri (Poppe, 1889)","B8TW","Pleopis schmackeri (Poppe, 1889)","Podonidae",,,"Animalia","Arthropoda","Branchiopoda","Diplostraca","Podonidae","species","ACCEPTED"
"Pleurothyrium trianae (Mez) Rohwer","GQCN","Pleurothyrium trianae (Mez) Rohwer","Lauraceae",,,"Plantae","Tracheophyta","Magnoliopsida","Laurales","Lauraceae","species","ACCEPTED"
"Poa annua L.","GPY3","Poa annua L.","Poaceae",,,"Plantae","Tracheophyta","Liliopsida","Poales","Poaceae","species","ACCEPTED"
"Poa pratensis L.","8V4X","Poa pratensis L.","Poaceae",,,"Plantae","Tracheophyta","Liliopsida","Poales","Poaceae","species","ACCEPTED"
"Pogonatherum crinitum Kunth","H9VQ","Pogonatherum crinitum (Thunb.) Kunth","Poaceae",,,"Plantae","Tracheophyta","Liliopsida","Poales","Poaceae","species","ACCEPTED"
"Polyandrocarpa zorritensis (Van Name, 1931)","D9SP","Polyandrocarpa zorritensis (Van Name, 1931)","Styelidae",,,"Animalia","Chordata","Ascidiacea","Stolidobranchia","Styelidae","species","ACCEPTED"
"Polybius navigator (Herbst, 1794)","9FG4","Liocarcinus navigator (Herbst, 1794)","Carcinidae",,"Liocarcinus navigator (Herbst, 1794)","Animalia","Arthropoda","Malacostraca","Decapoda","Carcinidae","species","SYNONYM"
"Polycarpaea corymbosa Lam.","DKS3","Polycarpaea corymbosa (L.) Lam.","Caryophyllaceae",,,"Plantae","Tracheophyta","Magnoliopsida","Caryophyllales","Caryophyllaceae","species","ACCEPTED"
"Polycarpon apurense Kunth","CPGH","Polycarpon apurense Kunth","Caryophyllaceae",,,"Plantae","Tracheophyta","Magnoliopsida","Caryophyllales","Caryophyllaceae","species","ACCEPTED"
"Polycarpon depressum Nutt.","DJPK","Polycarpon depressum Nutt.","Caryophyllaceae",,"Polycarpon tetraphyllum L.","Plantae","Tracheophyta","Magnoliopsida","Caryophyllales","Caryophyllaceae","species","HOMOTYPIC_SYNONYM"
"Polycarpon tetraphyllum L.","5WFH","Polycarpon tetraphyllum (L.) L.","Caryophyllaceae",,,"Plantae","Tracheophyta","Magnoliopsida","Caryophyllales","Caryophyllaceae","species","ACCEPTED"
"Polyclinum aurantium Milne Edwards, 1841","FBTV","Polyclinum aurantium Milne-Edwards, 1841","Polyclinidae",,,"Animalia","Chordata","Ascidiacea","Aplousobranchia","Polyclinidae","species","ACCEPTED"
"Polyclinum constellatum Savigny, 1816","H2QZ","Polyclinum constellatum Savigny, 1816","Polyclinidae",,,"Animalia","Chordata","Ascidiacea","Aplousobranchia","Polyclinidae","species","ACCEPTED"
"Polydora cornuta Bosc, 1802","CNGN","Polydora cornuta Bosc, 1802","Spionidae",,,"Animalia","Annelida","Polychaeta","Spionida","Spionidae","species","ACCEPTED"
"Polydora nuchalis Woodwick, 1953","CG2Z","Polydora nuchalis Woodwick, 1953","Spionidae",,,"Animalia","Annelida","Polychaeta","Spionida","Spionidae","species","ACCEPTED"
"Polygonum aviculare L.","9LV3","Polygonum aviculare L.","Polygonaceae",,,"Plantae","Tracheophyta","Magnoliopsida","Caryophyllales","Polygonaceae","species","ACCEPTED"
"Polygonum capitatum Buch.-Ham.","6S5Q","Polygonum capitatum Buch.-Ham. ex D.Don","Polygonaceae",,"Persicaria capitata (Buch.-Ham. ex D.Don) H.Gross","Plantae","Tracheophyta","Magnoliopsida","Caryophyllales","Polygonaceae","species","HOMOTYPIC SYNONYM"
"Polygonum convolvulus L.","5FY","Polygonum convolvulus L.","Polygonaceae",,"Fallopia convolvulus (L.) Á.Löve","Plantae","Tracheophyta","Magnoliopsida","Caryophyllales","Polygonaceae","species","SYNONYM"
"Polygonum orientale L.","GFW4","Polygonum orientale L.","Polygonaceae",,"Persicaria orientalis (L.) Spach","Plantae","Tracheophyta","Magnoliopsida","Caryophyllales","Polygonaceae","species","SYNONYM"
"Polypogon maritimus Willd.","CYH4","Polypogon maritimus Willd.","Poaceae",,,"Plantae","Tracheophyta","Liliopsida","Poales","Poaceae","species","ACCEPTED"
"Polypogon monspeliensis Desf.","6TR9","Polypogon monspeliensis (L.) Desf.","Poaceae",,,"Plantae","Tracheophyta","Liliopsida","Poales","Poaceae","species","ACCEPTED"
"Pontoscolex corethrurus (Mueller)","DGZ3","Pontoscolex corethrurus (Mueller, 1857)","Glossoscolecidae",,,"Animalia","Annelida","Clitellata","Haplotaxida","Glossoscolecidae","species","ACCEPTED"
"Populus alba L.","FNGL","Populus alba L.","Salicaceae",,,"Plantae","Tracheophyta","Magnoliopsida","Malpighiales","Salicaceae","species","ACCEPTED"
"Porcellio dilatatus Brandt, 1831","423C","Porcellio dilatatus Brandt, 1833","Porcellionidae",,,"Animalia","Arthropoda","Malacostraca","Isopoda","Porcellionidae","species","ACCEPTED"
"Porcellio laevis Latreille, 1804","4JC9","Porcellio laevis Latreille, 1804","Porcellionidae",,,"Animalia","Arthropoda","Malacostraca","Isopoda","Porcellionidae","species","ACCEPTED"
"Porcellio scaber Latreille, 1804","3RZY","Porcellio scaber Latreille, 1804","Porcellionidae",,,"Animalia","Arthropoda","Malacostraca","Isopoda","Porcellionidae","species","ACCEPTED"
"Porcellionides pruinosus (Brandt, 1833)","J6M","Porcellionides pruinosus (Brandt, 1833)","Porcellionidae",,,"Animalia","Arthropoda","Malacostraca","Isopoda","Porcellionidae","species","ACCEPTED"
"Porcellionides sexfasciatus (Budde-Lund, 1885)","6SVJ","Porcellionides sexfasciatus (Budde-Lund, 1885)","Porcellionidae",,,"Animalia","Arthropoda","Malacostraca","Isopoda","Porcellionidae","species","ACCEPTED"
"Porphyra suborbiculata Kjellm.","HDHD","Pyropia suborbiculata (Kjellm.) J.Sutherland, H.Choi, M.Hwang & W.Nelson",,,"Pyropia suborbiculata (Kjellm.) J.Sutherland, H.Choi, M.Hwang & W.Nelson","Plantae","Rhodophyta","Bangiophyceae","Bangiales","Bangiaceae","species","SYNONYM"
"Portulaca oleracea subsp. granatus L.","5C6X","Portulaca oleracea subsp. granatus L.","Portulacaceae",,,"Plantae","Tracheophyta","Magnoliopsida","Caryophyllales","Portulacaceae","subspecies","ACCEPTED"
"Potamotrygon falkneri Castex & Maciel, 1963","6SWX","Potamotrygon falkneri Castex & Maciel, 1963","Potamotrygonidae",,,"Animalia","Chordata","Elasmobranchii","Myliobatiformes","Potamotrygonidae","species","ACCEPTED"
"Potamotrygon motoro (Müller & Henle, 1841)","H2QT","Potamotrygon motoro (Müller & Henle, 1841)","Potamotrygonidae",,,"Animalia","Chordata","Elasmobranchii","Myliobatiformes","Potamotrygonidae","species","ACCEPTED"
"Procambarus clarkii (Girard, 1852)","H5LD","Procambarus clarkii (Girard, 1852)","Cambaridae",,,"Animalia","Arthropoda","Malacostraca","Decapoda","Cambaridae","species","ACCEPTED"
"Prosopis juliflora DC.","6GJ9","Prosopis juliflora (Sw.) DC.","Fabaceae",,,"Plantae","Tracheophyta","Magnoliopsida","Fabales","Fabaceae","species","ACCEPTED"
"Prosopis pallida Kunth","F5VC","Prosopis pallida (Humb. & Bonpl. ex Willd.) Kunth","Fabaceae",,,"Plantae","Tracheophyta","Magnoliopsida","Fabales","Fabaceae","species","ACCEPTED"
"Prosopis ruscifolia Griseb.","BPYP","Prosopis ruscifolia Griseb.","Fabaceae",,,"Plantae","Tracheophyta","Magnoliopsida","Fabales","Fabaceae","species","ACCEPTED"
"Prunella vulgaris L.","5TJH","Prunella vulgaris L.","Lamiaceae",,,"Plantae","Tracheophyta","Magnoliopsida","Lamiales","Lamiaceae","species","ACCEPTED"
"Pseudodiaptomus trihamatus Wright S., 1937","FMDD","Pseudodiaptomus trihamatus Wright, 1937","Pseudodiaptomidae",,,"Animalia","Arthropoda","Hexanauplia","Calanoida","Pseudodiaptomidae","species","ACCEPTED"
"Pseudoplatystoma fasciatum (Linnaeus, 1766)","GCW3","Pseudoplatystoma fasciatum (Linnaeus, 1776)","Pimelodidae",,,"Animalia","Chordata","Actinopterygii","Siluriformes","Pimelodidae","species","ACCEPTED"
"Pseudopolydora achaeta Radashevsky & Hsieh, 2000","CLJL","Pseudopolydora achaeta Radashevsky & Hsieh, 2000","Spionidae",,,"Animalia","Annelida","Polychaeta","Spionida","Spionidae","species","ACCEPTED"
"Pseudopolydora antennata (Claparède, 1869)","CKGF","Pseudopolydora antennata (Claparède, 1869)","Spionidae",,,"Animalia","Annelida","Polychaeta","Spionida","Spionidae","species","ACCEPTED"
"Pseudopolydora diopatra Hsieh, 1992","75ZF","Pseudopolydora diopatra Hsieh, 1992","Spionidae",,,"Animalia","Annelida","Polychaeta","Spionida","Spionidae","species","ACCEPTED"
"Pseudopolydora paucibranchiata (Okuda, 1937)","6YZR","Pseudopolydora paucibranchiata (Okuda, 1937)","Spionidae",,,"Animalia","Annelida","Polychaeta","Spionida","Spionidae","species","ACCEPTED"
"Pseudosasa japonica Makino. ex Nakai","56DW","Pseudosasa japonica (Siebold & Zucc. ex Steud.) Makino ex Nakai","Poaceae",,,"Plantae","Tracheophyta","Liliopsida","Poales","Poaceae","species","ACCEPTED"
"Psidium cattleianum Sabine","4F6Z","Psidium cattleyanum Sabine","Myrtaceae",,,"Plantae","Tracheophyta","Magnoliopsida","Myrtales","Myrtaceae","species","ACCEPTED"
"Psidium guajava L.","GN88","Psidium guajava L.","Myrtaceae",,,"Plantae","Tracheophyta","Magnoliopsida","Myrtales","Myrtaceae","species","ACCEPTED"
"Psophocarpus tetragonolobus DC.","GCBC","Psophocarpus tetragonolobus (L.) DC.","Fabaceae",,,"Plantae","Tracheophyta","Magnoliopsida","Fabales","Fabaceae","species","ACCEPTED"
"Psoralea pinnata L.","97LC","Psoralea pinnata L.","Fabaceae",,,"Plantae","Tracheophyta","Magnoliopsida","Fabales","Fabaceae","species","ACCEPTED"
"Psychotria ownbeyi Standl. ex C.M.Taylor","G348","Palicourea ownbeyi (Standl. ex C.M. Taylor) C.M. Taylor","Rubiaceae",,"Palicourea ownbeyi (Standl. ex C.M.Taylor) C.M.Taylor","Plantae","Tracheophyta","Magnoliopsida","Gentianales","Rubiaceae","species","SYNONYM"
"Pteridium aquilinum (L.) Kuhn","FTJS","Pteridium aquilinum (L.) Kuhn","Dennstaedtiaceae",,,"Plantae","Tracheophyta","Polypodiopsida","Polypodiales","Dennstaedtiaceae","species","ACCEPTED"
"Pteridium arachnoideum Maxon","3LCY","Pteridium esculentum subsp. arachnoideum (Kaulf.) Thomson","Dennstaedtiaceae",,,"Plantae","Tracheophyta","Polypodiopsida","Polypodiales","Dennstaedtiaceae","species","ACCEPTED"
"Pteris cretica L.","9PCZ","Pteris cretica L.","Pteridaceae",,,"Plantae","Tracheophyta","Polypodiopsida","Polypodiales","Pteridaceae","species","ACCEPTED"
"Pteris multifida Poir.","87","Pteris multifida Poir.","Pteridaceae",,,"Plantae","Tracheophyta","Polypodiopsida","Polypodiales","Pteridaceae","species","ACCEPTED"
"Pteris tripartita Sw.","HWTV","Pteris tripartita Sw.","Pteridaceae",,,"Plantae","Tracheophyta","Polypodiopsida","Polypodiales","Pteridaceae","species","ACCEPTED"
"Pteris vittata L.","CQQD","Pteris vittata L.","Pteridaceae",,,"Plantae","Tracheophyta","Polypodiopsida","Polypodiales","Pteridaceae","species","ACCEPTED"
"Pueraria montana var. lobata (Willd.) Maesen & S.M.Almeida ex Sanjappa & Predeep","3K8G","Pueraria montana var. lobata (Willd.) Maesen & S.M.Almeida ex Sanjappa & Predeep","Fabaceae",,,"Plantae","Tracheophyta","Magnoliopsida","Fabales","Fabaceae","species","ACCEPTED"
"Pueraria phaseoloides Benth.","6YFT","Neustanthus phaseoloides (Roxb.) Benth.","Fabaceae",,,"Plantae","Tracheophyta","Magnoliopsida","Fabales","Fabaceae","species","ACCEPTED"
"Pycreus pumilus Vahl","6767","Cyperus pumilus L.","Cyperaceae",,,"Plantae","Tracheophyta","Liliopsida","Poales","Cyperaceae","species","ACCEPTED"
"Pyromaia tuberculata Lockington, 1877","3SYB","Pyromaia tuberculata (Lockington, 1876)","Inachoididae",,,"Animalia","Arthropoda","Malacostraca","Decapoda","Inachoididae","species","ACCEPTED"
"Quercus robur L.","B6QS","Quercus robur L.","Fagaceae",,,"Plantae","Tracheophyta","Magnoliopsida","Fagales","Fagaceae","species","ACCEPTED"
"Rana catesbeiana Shaw, 1802","GBSR","Aquarana catesbeiana (Shaw, 1802)","Ranidae",,"Lithobates catesbeianus (Shaw, 1802)","Animalia","Chordata","Amphibia","Anura","Ranidae","species","SYNONYM"
"Ranunculus muricatus L.","65HZ","Ranunculus muricatus L.","Ranunculaceae",,,"Plantae","Tracheophyta","Magnoliopsida","Ranunculales","Ranunculaceae","species","ACCEPTED"
"Ranunculus parviflorus L.","BXJX","Ranunculus parviflorus L.","Ranunculaceae",,,"Plantae","Tracheophyta","Magnoliopsida","Ranunculales","Ranunculaceae","species","ACCEPTED"
"Raoiella indica Hirst, 1924","8WWH","Raoiella indica Hirst, 1924","Tenuipalpidae",,,"Animalia","Arthropoda","Arachnida","Prostigmata","Tenuipalpidae","species","ACCEPTED"
"Raphanus raphanistrum L.","J42X","Raphanus raphanistrum L.","Brassicaceae",,,"Plantae","Tracheophyta","Magnoliopsida","Brassicales","Brassicaceae","species","ACCEPTED"
"Raphanus sativus L.","DB3R","Raphanus sativus L.","Brassicaceae",,,"Plantae","Tracheophyta","Magnoliopsida","Brassicales","Brassicaceae","species","ACCEPTED"
"Rapistrum rugosum (L.) All.","4DD6","Rapistrum rugosum (L.) All.","Brassicaceae",,,"Plantae","Tracheophyta","Magnoliopsida","Brassicales","Brassicaceae","species","ACCEPTED"
"Rattus norvegicus (Berkenhout, 1769)","9VMW","Rattus norvegicus (Berkenhout, 1769)","Muridae",,,"Animalia","Chordata","Mammalia","Rodentia","Muridae","species","ACCEPTED"
"Rattus rattus (Linnaeus, 1758)","PLW","Rattus rattus (Linnaeus, 1758)","Muridae",,,"Animalia","Chordata","Mammalia","Rodentia","Muridae","species","ACCEPTED"
"Ravenia spectabilis (Lindl.) Engl.","52R","Ravenia spectabilis (Lindl.) Engl.","Rutaceae",,,"Plantae","Tracheophyta","Magnoliopsida","Sapindales","Rutaceae","species","ACCEPTED"
"Rhithropanopeus harrisii (Gould, 1841)","5VZ9","Rhithropanopeus harrisii Gould, 1841","Panopeidae",,,"Animalia","Arthropoda","Malacostraca","Decapoda","Panopeidae","species","ACCEPTED"
"Rhodostemonodaphne rufovirgata S.Madriñán","T7L","Rhodostemonodaphne rufovirgata Madriñán","Lauraceae",,,"Plantae","Tracheophyta","Magnoliopsida","Laurales","Lauraceae","species","ACCEPTED"
"Rhynchophorus palmarum (Linnaeus & C., 1758)","WJL","Rhynchophorus palmarum (Linnaeus, 1758)","Curculionidae",,,"Animalia","Arthropoda","Insecta","Coleoptera","Dryophthoridae","species","ACCEPTED"
"Ricinus communis L.","D4RB","Ricinus communis L.","Euphorbiaceae",,,"Plantae","Tracheophyta","Magnoliopsida","Malpighiales","Euphorbiaceae","species","ACCEPTED"
"Rivina humilis L.","6X9M","Rivina humilis L.","Phytolaccaceae",,,"Plantae","Tracheophyta","Magnoliopsida","Caryophyllales","Phytolaccaceae","species","ACCEPTED"
"Robinia pseudoacacia L.","6YDB","Robinia pseudoacacia L.","Fabaceae",,,"Plantae","Tracheophyta","Magnoliopsida","Fabales","Fabaceae","species","ACCEPTED"
"Rorippa indica (L.) Hiern","FHKT","Rorippa indica (L.) Hiern","Brassicaceae",,,"Plantae","Tracheophyta","Magnoliopsida","Brassicales","Brassicaceae","species","ACCEPTED"
"Rorippa nasturtium-aquaticum (L.) Hayek","GDRZ","Rorippa nasturtium-aquaticum (L.) Hayek","Brassicaceae",,"Nasturtium officinale W.T.Aiton","Plantae","Tracheophyta","Magnoliopsida","Brassicales","Brassicaceae","species","SYNONYM"
"Rorippa palustris (L.) Besser","BNG8","Rorippa palustris (L.) Besser","Brassicaceae",,,"Plantae","Tracheophyta","Magnoliopsida","Brassicales","Brassicaceae","species","ACCEPTED"
"Rostraria cristata (L.) Tzvelev","HZK9","Rostraria cristata (L.) Tzvelev","Poaceae",,,"Plantae","Tracheophyta","Liliopsida","Poales","Poaceae","species","ACCEPTED"
"Rotala ramosior Koehne","C74S","Rotala ramosior (L.) Koehne","Lythraceae",,,"Plantae","Tracheophyta","Magnoliopsida","Myrtales","Lythraceae","species","ACCEPTED"
"Rotala rotundifolia (Roxb.) Koehne","5LQ6","Rotala rotundifolia (Buch.-Ham. ex Roxb.) Koehne","Lythraceae",,,"Plantae","Tracheophyta","Magnoliopsida","Myrtales","Lythraceae","species","ACCEPTED"
"Rotheca myricoides (Hochst.) Steane & Mabb.","84XK","Rotheca myricoides (Hochst.) Steane & Mabb.","Lamiaceae",,,"Plantae","Tracheophyta","Magnoliopsida","Lamiales","Lamiaceae","species","ACCEPTED"
"Rottboellia cochinchinensis (Lour.) Clayton","BN6G","Rottboellia cochinchinensis (Lour.) Clayton","Poaceae",,,"Plantae","Tracheophyta","Liliopsida","Poales","Poaceae","species","ACCEPTED"
"Roystonea oleracea O.F.Cook","3S94","Roystonea oleracea (Jacq.) O.F.Cook","Arecaceae",,,"Plantae","Tracheophyta","Liliopsida","Arecales","Arecaceae","species","ACCEPTED"
"Rubus fruticosus L.","8B4X","Rubus fruticosus L.","Rosaceae",,,"Plantae","Tracheophyta","Magnoliopsida","Rosales","Rosaceae","species","ACCEPTED"
"Rubus niveus Thunb.","58XH","Rubus niveus Thunb.","Rosaceae",,,"Plantae","Tracheophyta","Magnoliopsida","Rosales","Rosaceae","species","ACCEPTED"
"Rubus rosifolius Sm.","HH9J","Rubus rosifolius Sm.","Rosaceae",,,"Plantae","Tracheophyta","Magnoliopsida","Rosales","Rosaceae","species","ACCEPTED"
"Ruellia blechum L.","5JG","Ruellia blechum L.","Acanthaceae",,,"Plantae","Tracheophyta","Magnoliopsida","Lamiales","Acanthaceae","species","ACCEPTED"
"Rumex acetosella L.","7GTD","Rumex acetosella L.","Polygonaceae",,,"Plantae","Tracheophyta","Magnoliopsida","Caryophyllales","Polygonaceae","species","ACCEPTED"
"Rumex conglomeratus Murray","59RN","Rumex conglomeratus Murray","Polygonaceae",,,"Plantae","Tracheophyta","Magnoliopsida","Caryophyllales","Polygonaceae","species","ACCEPTED"
"Rumex crispus L.","9959","Rumex crispus L.","Polygonaceae",,,"Plantae","Tracheophyta","Magnoliopsida","Caryophyllales","Polygonaceae","species","ACCEPTED"
"Rumex cuneifolius Campd.","Q8N","Rumex cuneifolius Campd.","Polygonaceae",,,"Plantae","Tracheophyta","Magnoliopsida","Caryophyllales","Polygonaceae","species","ACCEPTED"
"Rumex obtusifolius L.","H8NK","Rumex obtusifolius L.","Polygonaceae",,,"Plantae","Tracheophyta","Magnoliopsida","Caryophyllales","Polygonaceae","species","ACCEPTED"
"Rumex pulcher L.","C6WG","Rumex pulcher L.","Polygonaceae",,,"Plantae","Tracheophyta","Magnoliopsida","Caryophyllales","Polygonaceae","species","ACCEPTED"
"Ruppia cirrhosa Grandr","GWBW","Ruppia cirrhosa (Petagna) Grande","Ruppiaceae",,,"Plantae","Tracheophyta","Liliopsida","Alismatales","Ruppiaceae","species","ACCEPTED"
"Ruta bracteosa DC.","4QBY","Ruta chalepensis L.","Rutaceae",,"Ruta chalepensis L.","Plantae","Tracheophyta","Magnoliopsida","Sapindales","Rutaceae","species","SYNONYM"
"Ruta chalepensis L.","4QBY","Ruta chalepensis L.","Rutaceae",,,"Plantae","Tracheophyta","Magnoliopsida","Sapindales","Rutaceae","species","ACCEPTED"
"Ruta graveolens L.","G299","Ruta graveolens L.","Rutaceae",,,"Plantae","Tracheophyta","Magnoliopsida","Sapindales","Rutaceae","species","ACCEPTED"
"Sacciolepis indica (L.) Chase","HVLJ","Sacciolepis indica (L.) Chase","Poaceae",,,"Plantae","Tracheophyta","Liliopsida","Poales","Poaceae","species","ACCEPTED"
"Sagina apetala Ard.","5H5S","Sagina apetala Ard.","Caryophyllaceae",,,"Plantae","Tracheophyta","Magnoliopsida","Caryophyllales","Caryophyllaceae","species","ACCEPTED"
"Sagina chilensis Gay","5L86","Sagina chilensis Naudin ex Gay","Caryophyllaceae",,,"Plantae","Tracheophyta","Magnoliopsida","Caryophyllales","Caryophyllaceae","species","ACCEPTED"
"Sagina procumbens L.","9QB8","Sagina procumbens L.","Caryophyllaceae",,,"Plantae","Tracheophyta","Magnoliopsida","Caryophyllales","Caryophyllaceae","species","ACCEPTED"
"Saimiri sciureus (Linnaeus, 1758)","DVTG","Saimiri sciureus (Linnaeus, 1758)","Cebidae",,,"Animalia","Chordata","Mammalia","Primates","Cebidae","species","ACCEPTED"
"Salicornia fruticosa (L.) L.","9TPC","Salicornia fruticosa L.","Amaranthaceae",,,"Plantae","Tracheophyta","Magnoliopsida","Caryophyllales","Amaranthaceae","species","ACCEPTED"
"Salmea scandens DC.","3CCQ","Salmea scandens (L.) DC.","Asteraceae",,,"Plantae","Tracheophyta","Magnoliopsida","Asterales","Asteraceae","species","ACCEPTED"
"Salmo salar Linnaeus, 1758","DX5D","Salmo salar Linnaeus, 1758","Salmonidae",,,"Animalia","Chordata","Actinopterygii","Salmoniformes","Salmonidae","species","ACCEPTED"
"Salsola kali L.","7PMW","Salsola kali L.","Amaranthaceae",,"Kali turgida (Dumort.) Gutermann","Plantae","Tracheophyta","Magnoliopsida","Caryophyllales","Amaranthaceae","species","SYNONYM"
"Salvinia molesta D.Mitch.","855Y","Salvinia molesta D.S.Mitch.","Salviniaceae",,,"Plantae","Tracheophyta","Polypodiopsida","Salviniales","Salviniaceae","species","ACCEPTED"
"Samanea saman (Jacq.) Merr.","MTM","Samanea saman (Jacq.) Merr.","Fabaceae",,"Albizia saman (Jacq.) Merr.","Plantae","Tracheophyta","Magnoliopsida","Fabales","Fabaceae","species","SYNONYM"
"Sambucus canadensis L.","FBQP","Sambucus nigra L.","Adoxaceae",,,"Plantae","Tracheophyta","Magnoliopsida","Dipsacales","Adoxaceae","species","ACCEPTED"
"Sansevieria trifasciata Prain","K84","Dracaena trifasciata (Prain) Mabb.","Asparagaceae",,,"Plantae","Tracheophyta","Liliopsida","Asparagales","Asparagaceae","species","ACCEPTED"
"Scaptodrosophila latifasciaeformis (Duda, 1940)","HS96","Scaptodrosophila latifasciaeformis (Duda, 1940)","Drosophilidae",,,"Animalia","Arthropoda","Insecta","Diptera","Drosophilidae","species","ACCEPTED"
"Schefflera actinophylla Harms","B5PG","Heptapleurum actinophyllum (Endl.) Lowry & G.M.Plunkett","Araliaceae",,,"Plantae","Tracheophyta","Magnoliopsida","Apiales","Araliaceae","species","ACCEPTED"
"Schefflera arboricola (Hayata) Merr.","BYPS","Heptapleurum arboricola Hayata","Araliaceae",,,"Plantae","Tracheophyta","Magnoliopsida","Apiales","Araliaceae","species","ACCEPTED"
"Schefflera ulocephala Frodin","FBM9","Crepinella ulocephala (Frodin) G. M. Plunkett, Lowry & D. A. Neill","Araliaceae",,,"Plantae","Tracheophyta","Magnoliopsida","Apiales","Araliaceae","species","ACCEPTED"
"Schizachyrium maclaudii (Jacq.-Fél.) S.T.Blake","C9F2","Schizachyrium maclaudii (Jacq.-Fél.) S.T.Blake","Poaceae",,,"Plantae","Tracheophyta","Liliopsida","Poales","Poaceae","species","ACCEPTED"
"Schizolobium parahyba (Vell.) S.F.Blake","J6FQ","Schizolobium parahyba (Vell.) Blake","Fabaceae",,,"Plantae","Tracheophyta","Magnoliopsida","Fabales","Fabaceae","species","ACCEPTED"
"Schizoporella errata (Waters, 1878)","ZFY","Schizoporella errata (Waters, 1878)","Schizoporellidae",,,"Animalia","Bryozoa","Gymnolaemata","Cheilostomatida","Schizoporellidae","species","ACCEPTED"
"Schizoporella unicornis (Johnston, 1844)","4M2P","Schizoporella unicornis (Johnston, 1847)","Schizoporellidae",,,"Animalia","Bryozoa","Gymnolaemata","Cheilostomatida","Schizoporellidae","species","ACCEPTED"
"Schkuhria pinnata (Lam.) Kuntze","GF3D","Schkuhria pinnata (Lam.) Kuntze","Asteraceae",,,"Plantae","Tracheophyta","Magnoliopsida","Asterales","Asteraceae","species","ACCEPTED"
"Scleria corymbosa Roxb.","B2MB","Scleria corymbosa (L.) Britton","Cyperaceae",,,"Plantae","Tracheophyta","Liliopsida","Poales","Cyperaceae","species","ACCEPTED"
"Scleria hirta Boeckeler","4Z2X","Scleria hirta Boeckeler","Cyperaceae",,,"Plantae","Tracheophyta","Liliopsida","Poales","Cyperaceae","species","ACCEPTED"
"Scleria mitis P.J.Bergius","757K","Scleria mitis P.J.Bergius","Cyperaceae",,,"Plantae","Tracheophyta","Liliopsida","Poales","Cyperaceae","species","ACCEPTED"
"Scrophularia peregrina L.","CXNT","Scrophularia peregrina L.","Scrophulariaceae",,,"Plantae","Tracheophyta","Magnoliopsida","Lamiales","Scrophulariaceae","species","ACCEPTED"
"Scrupocellaria diadema Busk, 1852","9M88","Licornia diadema (Busk, 1852)","Candidae",,"Licornia diadema (Busk, 1852)","Animalia","Bryozoa","Gymnolaemata","Cheilostomatida","Candidae","species","SYNONYM"
"Scylla serrata (Forskål, 1775)","D5SC","Scylla serrata (Forsskål, 1775)","Portunidae",,,"Animalia","Arthropoda","Malacostraca","Decapoda","Portunidae","species","ACCEPTED"
"Sechium edule (Jacq.) Sw., 1800","3G8P","Sicyos edulis Jacq.","Cucurbitaceae",,,"Plantae","Tracheophyta","Magnoliopsida","Cucurbitales","Cucurbitaceae","species","DOUBTFUL"
"Sedum mexicanum Britton","GG2P","Sedum mexicanum Britton","Crassulaceae",,,"Plantae","Tracheophyta","Magnoliopsida","Saxifragales","Crassulaceae","species","ACCEPTED"
"Sedum multiceps Coss. & Durieu","B4XC","Sedum multiceps Coss. & Durieu","Crassulaceae",,,"Plantae","Tracheophyta","Magnoliopsida","Saxifragales","Crassulaceae","species","ACCEPTED"
"Selaginella kraussiana (Kunze) A.Braun","C5LD","Selaginella kraussiana (Kunze) A.Braun","Selaginellaceae",,,"Plantae","Tracheophyta","Lycopodiopsida","Selaginellales","Selaginellaceae","species","ACCEPTED"
"Selaginella plana (Desv. ex Poir.) Hieron.","6ZB","Selaginella plana (Desv. ex Poir.) Hieron.","Selaginellaceae",,,"Plantae","Tracheophyta","Lycopodiopsida","Selaginellales","Selaginellaceae","species","ACCEPTED"
"Selaginella vogelii Spring","7QQQ","Selaginella vogelii Spring","Selaginellaceae",,,"Plantae","Tracheophyta","Lycopodiopsida","Selaginellales","Selaginellaceae","species","ACCEPTED"
"Selenicereus anthonyanus (Alexander) D.R.Hunt","DDKQ","Selenicereus anthonyanus (Alexander) D.R.Hunt","Cactaceae",,,"Plantae","Tracheophyta","Magnoliopsida","Caryophyllales","Cactaceae","species","ACCEPTED"
"Senecio jacobaea Brot. ex Willk. & Lange","8YQT","Senecio jacobaea Brot. ex Willk. & Lange","Asteraceae",,,"Plantae","Tracheophyta","Magnoliopsida","Asterales","Asteraceae","species","DOUBTFUL"
"Senecio madagascariensis Poir.","GVNW","Senecio madagascariensis Poir.","Asteraceae",,,"Plantae","Tracheophyta","Magnoliopsida","Asterales","Asteraceae","species","ACCEPTED"
"Senecio viravira G.Hieronymus","9LB6","Senecio viravira Hieron.","Asteraceae",,,"Plantae","Tracheophyta","Magnoliopsida","Asterales","Asteraceae","species","ACCEPTED"
"Senecio vulgaris L.","GCPR","Senecio vulgaris L.","Asteraceae",,,"Plantae","Tracheophyta","Magnoliopsida","Asterales","Asteraceae","species","ACCEPTED"
"Senna macranthera (Coll) H.S.Irwin & Barneby","J5PB","Senna macranthera (DC. ex Collad.) H.S.Irwin & Barneby","Fabaceae",,,"Plantae","Tracheophyta","Magnoliopsida","Fabales","Fabaceae","species","ACCEPTED"
"Senna septemtrionalis (Viv.) H.S.Irwin & Barneby","F69","Senna septemtrionalis (Viv.) H.S.Irwin & Barneby","Fabaceae",,,"Plantae","Tracheophyta","Magnoliopsida","Fabales","Fabaceae","species","ACCEPTED"
"Senna siamea (Lamarck) H.S.Irwin & Barneby","6L48","Senna siamea (Lam.) H.S.Irwin & Barneby","Fabaceae",,,"Plantae","Tracheophyta","Magnoliopsida","Fabales","Fabaceae","species","ACCEPTED"
"Senna sophera (L.) Roxb.","59VG","Senna sophera (L.) Roxb.","Fabaceae",,,"Plantae","Tracheophyta","Magnoliopsida","Fabales","Fabaceae","species","ACCEPTED"
"Serrasalmus marginatus Valenciennes, 1837","5QCW","Serrasalmus marginatus Valenciennes, 1836","Serrasalmidae",,,"Animalia","Chordata","Actinopterygii","Characiformes","Serrasalmidae","species","ACCEPTED"
"Sesbania punicea Benth.","37YJ","Sesbania punicea (Cav.) Benth.","Fabaceae",,,"Plantae","Tracheophyta","Magnoliopsida","Fabales","Fabaceae","species","ACCEPTED"
"Sesbania sesban Merr.","5SP4","Sesbania sesban (L.) Merr.","Fabaceae",,,"Plantae","Tracheophyta","Magnoliopsida","Fabales","Fabaceae","species","ACCEPTED"
"Setaria adhaerens (Forssk.) Chiov.","4PRV","Setaria adhaerens (Forssk.) Chiov.","Poaceae",,"Setaria verticillata (L.) P.Beauv.","Plantae","Tracheophyta","Liliopsida","Poales","Poaceae","species","SYNONYM"
"Setaria italica P.Beauv.","397P","Setaria italica (L.) P.Beauv.","Poaceae",,,"Plantae","Tracheophyta","Liliopsida","Poales","Poaceae","species","ACCEPTED"
"Setaria palmifolia (J.König) Stapf","89LH","Setaria palmifolia (J. König) Stapf","Poaceae",,,"Plantae","Tracheophyta","Liliopsida","Poales","Poaceae","species","ACCEPTED"
"Setaria parviflora (Poir.) Kerguélen","CG6S","Setaria parviflora (Poir.) Kerguélen","Poaceae",,,"Plantae","Tracheophyta","Liliopsida","Poales","Poaceae","species","ACCEPTED"
"Setaria pumila (Poir.) Roem. & Schult.","FW4C","Setaria pumila (Poir.) Roem. & Schult.","Poaceae",,"Setaria helvola Roem. & Schult.","Plantae","Tracheophyta","Liliopsida","Poales","Poaceae","species","SYNONYM"
"Setaria sphacelata Stapf & C.E.Hubb. ex M.B.Moss","5SF2","Setaria sphacelata (Schumach.) M.B.Moss ex Stapf & C.E.Hubb.","Poaceae",,,"Plantae","Tracheophyta","Liliopsida","Poales","Poaceae","species","ACCEPTED"
"Setaria verticillata (L.) P.Beauv.","BG29","Setaria verticillata (L.) P.Beauv.","Poaceae",,,"Plantae","Tracheophyta","Liliopsida","Poales","Poaceae","species","ACCEPTED"
"Setaria viridis P.Beauv.","D9K2","Setaria viridis (L.) P.Beauv.","Poaceae",,,"Plantae","Tracheophyta","Liliopsida","Poales","Poaceae","species","ACCEPTED"
"Sida poeppigiana (K.Schum.) Fryxell","93YW","Sida poepiggiana (K.Schum.) Fryxell","Malvaceae",,,"Plantae","Tracheophyta","Magnoliopsida","Malvales","Malvaceae","species","ACCEPTED"
"Sigesbeckia orientalis L.","H4QN","Sigesbeckia orientalis L.","Asteraceae",,,"Plantae","Tracheophyta","Magnoliopsida","Asterales","Asteraceae","species","ACCEPTED"
"Silene alba Muhl. ex Rohrb.","C9YL","Silene nivea Muhl.","Caryophyllaceae",,"Silene nivea Muhl.","Plantae","Tracheophyta","Magnoliopsida","Caryophyllales","Caryophyllaceae","species","SYNONYM"
"Silene antirrhina L.","DRXZ","Silene antirrhina L.","Caryophyllaceae",,,"Plantae","Tracheophyta","Magnoliopsida","Caryophyllales","Caryophyllaceae","species","ACCEPTED"
"Silene gallica L.","BDCP","Silene gallica L.","Caryophyllaceae",,,"Plantae","Tracheophyta","Magnoliopsida","Caryophyllales","Caryophyllaceae","species","ACCEPTED"
"Silybum marianum Gaertn.","F8MN","Silybum marianum (L.) Gaertn.","Asteraceae",,,"Plantae","Tracheophyta","Magnoliopsida","Asterales","Asteraceae","species","ACCEPTED"
"Simira erythroxylon (Willd.) Bremek.","59LM","Simira erythroxylon (Willd.) Bremek.","Rubiaceae",,,"Plantae","Tracheophyta","Magnoliopsida","Gentianales","Rubiaceae","species","ACCEPTED"
"Sinapis arvensis L.","8RM9","Sinapis arvensis L.","Brassicaceae",,,"Plantae","Tracheophyta","Magnoliopsida","Brassicales","Brassicaceae","species","ACCEPTED"
"Sirex noctilio Fabricius, 1773","5ZN9","Sirex noctilio Fabricius, 1793","Siricidae",,,"Animalia","Arthropoda","Insecta","Hymenoptera","Siricidae","species","ACCEPTED"
"Sisymbrium officinale (L.) Scop.","4QM","Sisymbrium officinale (L.) Scop.","Brassicaceae",,,"Plantae","Tracheophyta","Magnoliopsida","Brassicales","Brassicaceae","species","ACCEPTED"
"Sisyrinchium minus Engelm. & Gray","J2FP","Sisyrinchium minus Engelm. & A.Gray","Iridaceae",,,"Plantae","Tracheophyta","Liliopsida","Asparagales","Iridaceae","species","ACCEPTED"
"Solanum betaceum Cav.","NT2","Solanum betaceum Cav.","Solanaceae",,,"Plantae","Tracheophyta","Magnoliopsida","Solanales","Solanaceae","species","ACCEPTED"
"Solanum carolinense L.","3YXZ","Solanum carolinense L.","Solanaceae",,,"Plantae","Tracheophyta","Magnoliopsida","Solanales","Solanaceae","species","ACCEPTED"
"Solanum elaeagnifolium Cav.","CF6V","Solanum elaeagnifolium Cav.","Solanaceae",,,"Plantae","Tracheophyta","Magnoliopsida","Solanales","Solanaceae","species","ACCEPTED"
"Solanum mammosum L.","49KJ","Solanum mammosum L.","Solanaceae",,,"Plantae","Tracheophyta","Magnoliopsida","Solanales","Solanaceae","species","ACCEPTED"
"Solanum nigrum L.","KG9","Solanum nigrum L.","Solanaceae",,,"Plantae","Tracheophyta","Magnoliopsida","Solanales","Solanaceae","species","ACCEPTED"
"Solanum pseudocapsicum L.","4Q92","Solanum pseudocapsicum L.","Solanaceae",,,"Plantae","Tracheophyta","Magnoliopsida","Solanales","Solanaceae","species","ACCEPTED"
"Solenopsis geminata (Fabricius, 1804)","JB8C","Solenopsis geminata (Fabricius, 1804)","Formicidae",,,"Animalia","Arthropoda","Insecta","Hymenoptera","Formicidae","species","ACCEPTED"
"Solidago canadensis L.","WMQ","Solidago canadensis L.","Asteraceae",,,"Plantae","Tracheophyta","Magnoliopsida","Asterales","Asteraceae","species","ACCEPTED"
"Sonchus oleraceus L.","5TKS","Sonchus oleraceus L.","Asteraceae",,,"Plantae","Tracheophyta","Magnoliopsida","Asterales","Asteraceae","species","ACCEPTED"
"Sorghum arundinaceum (Desv.) Stapf","8T8L","Sorghum bicolor subsp. arundinaceum (Desv.) de Wet & J.R.Harlan","Poaceae",,,"Plantae","Tracheophyta","Liliopsida","Poales","Poaceae","species","ACCEPTED"
"Sorghum bicolor (L.) Moench","327M","Sorghum bicolor (L.) Moench","Poaceae",,,"Plantae","Tracheophyta","Liliopsida","Poales","Poaceae","species","ACCEPTED"
"Sorghum halepense Pers.","4BZS","Sorghum halepense (L.) Pers.","Poaceae",,,"Plantae","Tracheophyta","Liliopsida","Poales","Poaceae","species","ACCEPTED"
"Spartina alterniflora Loisel.","CHG6","Spartina alterniflora Loisel.","Poaceae",,"Sporobolus alterniflorus (Loisel.) P.M.Peterson & Saarela","Plantae","Tracheophyta","Liliopsida","Poales","Poaceae","species","SYNONYM"
"Spathodea campanulata P.Beauv.","GHQT","Spathodea campanulata P. Beauv.","Bignoniaceae",,,"Plantae","Tracheophyta","Magnoliopsida","Lamiales","Bignoniaceae","species","ACCEPTED"
"Spergula arvensis L.","7826","Spergula arvensis L.","Caryophyllaceae",,,"Plantae","Tracheophyta","Magnoliopsida","Caryophyllales","Caryophyllaceae","species","ACCEPTED"
"Spergula levis (Cambess.) D.Dietr.","8SKR","Spergula levis (Cambess.) D.Dietr.","Caryophyllaceae",,,"Plantae","Tracheophyta","Magnoliopsida","Caryophyllales","Caryophyllaceae","species","ACCEPTED"
"Spergularia grandis (Pers.) Camb.","CZ7P","Spergularia grandis (Pers.) Cambess.","Caryophyllaceae",,"Spergula grandis Pers.","Plantae","Tracheophyta","Magnoliopsida","Caryophyllales","Caryophyllaceae","species","SYNONYM"
"Spergularia marina (L.) Besser","308293","Spergularia marina","Caryophyllaceae",,,"Plantae","Tracheophyta","Magnoliopsida","Caryophyllales","Caryophyllaceae","species","ACCEPTED"
"Spergularia platensis Cambess.","3DN9","Spergularia platensis (Cambess.) Fenzl","Caryophyllaceae",,,"Plantae","Tracheophyta","Magnoliopsida","Caryophyllales","Caryophyllaceae","species","ACCEPTED"
"Spergularia villosa Pers.","PSG","Spergularia villosa (Pers.) Cambess.","Caryophyllaceae",,,"Plantae","Tracheophyta","Magnoliopsida","Caryophyllales","Caryophyllaceae","species","ACCEPTED"
"Sphaeroma serratum (Fabricius, 1787)","D63M","Sphaeroma serratum (Fabricius, 1787)","Sphaeromatidae",,,"Animalia","Arthropoda","Malacostraca","Isopoda","Sphaeromatidae","species","ACCEPTED"
"Sphenoclea zeylanica Gaertn.","GJ5H","Sphenoclea zeylanica Gaertn.","Sphenocleaceae",,,"Plantae","Tracheophyta","Magnoliopsida","Solanales","Sphenocleaceae","species","ACCEPTED"
"Stachys arvensis L.","32NJ","Stachys arvensis (L.) L.","Lamiaceae",,,"Plantae","Tracheophyta","Magnoliopsida","Lamiales","Lamiaceae","species","ACCEPTED"
"Stachytarpheta jamaicensis Vahl","BZBS","Stachytarpheta jamaicensis (L.) Vahl","Verbenaceae",,,"Plantae","Tracheophyta","Magnoliopsida","Lamiales","Verbenaceae","species","ACCEPTED"
"Staurogyne trinitensis Leonard","C3MQ","Staurogyne trinitensis Leonard","Acanthaceae",,,"Plantae","Tracheophyta","Magnoliopsida","Lamiales","Acanthaceae","species","ACCEPTED"
"Stellaria media (L.) Vill.","BNYR","Stellaria media (L.) Vill.","Caryophyllaceae",,,"Plantae","Tracheophyta","Magnoliopsida","Caryophyllales","Caryophyllaceae","species","ACCEPTED"
"Stellaria parva Pedersen","DKT","Stellaria parva Pedersen","Caryophyllaceae",,,"Plantae","Tracheophyta","Magnoliopsida","Caryophyllales","Caryophyllaceae","species","ACCEPTED"
"Sterculia foetida L.","94FP","Sterculia foetida L.","Malvaceae",,,"Plantae","Tracheophyta","Magnoliopsida","Malvales","Malvaceae","species","ACCEPTED"
"Stereonephthya curvata Kükenthal, 1910","7G7P","Stereonephthya curvata Kükenthal, 1910","Nephtheidae",,,"Animalia","Cnidaria","Anthozoa","Alcyonacea","Nephtheidae","species","ACCEPTED"
"Striatobalanus amaryllis (Darwin, 1854)","CP44","Striatobalanus amaryllis (Darwin, 1854)","Archaeobalanidae",,,"Animalia","Arthropoda","Maxillopoda","Sessilia","Archaeobalanidae","species","ACCEPTED"
"Styela canopus (Savigny, 1816)","9CGK","Styela canopus (Savigny, 1816)","Styelidae",,,"Animalia","Chordata","Ascidiacea","Stolidobranchia","Styelidae","species","ACCEPTED"
"Styela clava Herdman, 1881","9M43","Styela clava Herdman, 1881","Styelidae",,,"Animalia","Chordata","Ascidiacea","Stolidobranchia","Styelidae","species","ACCEPTED"
"Styela plicata (Lesueur, 1823)","DXBL","Styela plicata (Lesueur, 1823)","Styelidae",,,"Animalia","Chordata","Ascidiacea","Stolidobranchia","Styelidae","species","ACCEPTED"
"Sus scrofa Linnaeus, 1758","7GXB","Sus scrofa Linnaeus, 1758","Suidae",,,"Animalia","Chordata","Mammalia","Artiodactyla","Suidae","species","ACCEPTED"
"Swietenia macrophylla King","S7S","Swietenia macrophylla King","Meliaceae",,,"Plantae","Tracheophyta","Magnoliopsida","Sapindales","Meliaceae","species","ACCEPTED"
"Sycettusa hastifera (Row, 1909)","783K","Sycettusa hastifera (Row, 1909)","Heteropiidae",,,"Animalia","Porifera","Calcarea","Leucosolenida","Heteropiidae","species","ACCEPTED"
"Symphyotrichum laeve (L.) Á.Löve & D.Löve","96DD","Symphyotrichum laeve (L.) Á.Löve & D.Löve","Asteraceae",,,"Plantae","Tracheophyta","Magnoliopsida","Asterales","Asteraceae","species","ACCEPTED"
"Symplegma brakenhielmi (Michaelsen, 1904)","8QT5","Symplegma brakenhielmi (Michaelsen, 1904)","Styelidae",,,"Animalia","Chordata","Ascidiacea","Stolidobranchia","Styelidae","species","ACCEPTED"
"Symplegma rubra Monniot C., 1972","G7WX","Symplegma rubra Monniot, 1972","Styelidae",,,"Animalia","Chordata","Ascidiacea","Stolidobranchia","Styelidae","species","ACCEPTED"
"Synedrellopsis grisebachii Hieron. & Kuntze","7RWY","Synedrellopsis grisebachii Hieron. & Kuntze","Asteraceae",,,"Plantae","Tracheophyta","Magnoliopsida","Asterales","Asteraceae","species","ACCEPTED"
"Syngonium angustatum Schott","BX9","Syngonium angustatum Schott","Araceae",,,"Plantae","Tracheophyta","Liliopsida","Alismatales","Araceae","species","ACCEPTED"
"Syngonium podophyllum Schott","HJQ4","Syngonium podophyllum Schott","Araceae",,,"Plantae","Tracheophyta","Liliopsida","Alismatales","Araceae","species","ACCEPTED"
"Syzygium cumini (L.) Skeels","7GBZ","Syzygium cumini (L.) Skeels","Myrtaceae",,,"Plantae","Tracheophyta","Magnoliopsida","Myrtales","Myrtaceae","species","ACCEPTED"
"Syzygium malaccense (L.) Merr. & L.M.Perry","8B6B","Syzygium malaccense (L.) Merr. & L.M.Perry","Myrtaceae",,,"Plantae","Tracheophyta","Magnoliopsida","Myrtales","Myrtaceae","species","ACCEPTED"
"Tagetes erecta L.","G3JY","Tagetes erecta L.","Asteraceae",,,"Plantae","Tracheophyta","Magnoliopsida","Asterales","Asteraceae","species","ACCEPTED"
"Tagetes minuta L.","HS9B","Tagetes minuta L.","Asteraceae",,,"Plantae","Tracheophyta","Magnoliopsida","Asterales","Asteraceae","species","ACCEPTED"
"Taliepus dentatus (H.Milne Edwards, 1834)","5RLX","Taliepus dentatus (Milne-Edwards, 1834)","Epialtidae",,,"Animalia","Arthropoda","Malacostraca","Decapoda","Epialtidae","species","ACCEPTED"
"Tamarix gallica L.","DP4","Tamarix gallica L.","Tamaricaceae",,,"Plantae","Tracheophyta","Magnoliopsida","Caryophyllales","Tamaricaceae","species","ACCEPTED"
"Tanacetum vulgare L.","4VBR","Tanacetum vulgare L.","Asteraceae",,,"Plantae","Tracheophyta","Magnoliopsida","Asterales","Asteraceae","species","ACCEPTED"
"Tapinoma melanocephalum (Fabricius, 1793)","HNCF","Tapinoma melanocephalum (Fabricius, 1793)","Formicidae",,,"Animalia","Arthropoda","Insecta","Hymenoptera","Formicidae","species","ACCEPTED"
"Taraxacum officinale (Weber)","7H9J","Taraxacum officinale F.H. Wigg.","Asteraceae",,,"Plantae","Tracheophyta","Magnoliopsida","Asterales","Asteraceae","species","ACCEPTED"
"Tecoma stans (L.) Kunth","7MP4","Tecoma stans (L.) Juss. ex Kunth","Bignoniaceae",,,"Plantae","Tracheophyta","Magnoliopsida","Lamiales","Bignoniaceae","species","ACCEPTED"
"Temora turbinata (Dana, 1849)","Z2L","Temora turbinata (Dana, 1849)","Temoridae",,,"Animalia","Arthropoda","Hexanauplia","Calanoida","Temoridae","species","ACCEPTED"
"Tephrosia candida DC.","9DSF","Tephrosia candida DC.","Fabaceae",,,"Plantae","Tracheophyta","Magnoliopsida","Fabales","Fabaceae","species","ACCEPTED"
"Tephrosia vogelii Hook.f.","BKTD","Tephrosia vogelii Hook.f.","Fabaceae",,,"Plantae","Tracheophyta","Magnoliopsida","Fabales","Fabaceae","species","ACCEPTED"
"Terminalia catappa L.","523F","Terminalia catappa L.","Combretaceae",,,"Plantae","Tracheophyta","Magnoliopsida","Myrtales","Combretaceae","species","ACCEPTED"
"Tetraclitella divisa (Nilsson-Cantell, 1921)","B8YK","Tetraclitella divisa (Nilsson-Cantell, 1921)","Tetraclitidae",,,"Animalia","Arthropoda","Maxillopoda","Sessilia","Tetraclitidae","species","ACCEPTED"
"Tetragonia tetragonoides Kuntze","3NTB","Tetragonia tetragonoides (Pall.) Kuntze","Aizoaceae",,,"Plantae","Tracheophyta","Magnoliopsida","Caryophyllales","Aizoaceae","species","ACCEPTED"
"Thelypteris opulenta (Kaulf.) Fosb.","63YP","Amblovenatum opulentum (Kaulf.) J.P. Roux","Thelypteridaceae",,"Amphineuron opulentum (Kaulf.) Holttum","Plantae","Tracheophyta","Polypodiopsida","Polypodiales","Thelypteridaceae","species","SYNONYM"
"Themeda quadrivalvis (L.) Kuntze","B3NV","Themeda quadrivalvis (L.) Kuntze","Poaceae",,,"Plantae","Tracheophyta","Liliopsida","Poales","Poaceae","species","ACCEPTED"
"Theobroma cacao L.","FSZ5","Theobroma cacao L.","Malvaceae",,,"Plantae","Tracheophyta","Magnoliopsida","Malvales","Malvaceae","species","ACCEPTED"
"Thespesia populnea (L.) Correa","9KZW","Thespesia populnea (L.) Sol. ex Corrêa","Malvaceae",,,"Plantae","Tracheophyta","Magnoliopsida","Malvales","Malvaceae","species","ACCEPTED"
"Thlaspi arvense L.","4JTP","Thlaspi arvense L.","Brassicaceae",,"Sinapis arvensis L.","Plantae","Tracheophyta","Magnoliopsida","Brassicales","Brassicaceae","species","SYNONYM"
"Thunbergia alata Bojer ex Sims","D9Z3","Thunbergia alata Bojer ex Sims","Acanthaceae",,,"Plantae","Tracheophyta","Magnoliopsida","Lamiales","Acanthaceae","species","ACCEPTED"
"Thunbergia grandiflora Roxb.","HZ8W","Thunbergia grandiflora Roxb.","Acanthaceae",,,"Plantae","Tracheophyta","Magnoliopsida","Lamiales","Acanthaceae","species","ACCEPTED"
"Tilapia rendalli (Boulenger, 1897)","8N4N","Coptodon rendalli (Boulenger, 1897)","Cichlidae",,"Coptodon rendalli (Boulenger, 1897)","Animalia","Chordata","Actinopterygii","Perciformes","Cichlidae","species","SYNONYM"
"Tilesia baccata (L.) Pruski","6QZR","Tilesia baccata (L.) Pruski","Asteraceae",,,"Plantae","Tracheophyta","Magnoliopsida","Asterales","Asteraceae","species","ACCEPTED"
"Tithonia diversifolia A.Gray","5C2F","Tithonia diversifolia (Hemsl.) A.Gray","Asteraceae",,,"Plantae","Tracheophyta","Magnoliopsida","Asterales","Asteraceae","species","ACCEPTED"
"Tithonia rotundifolia (Mill.) S.F.Blake","4HYY","Tithonia rotundifolia (Mill.) S.F.Blake","Asteraceae",,,"Plantae","Tracheophyta","Magnoliopsida","Asterales","Asteraceae","species","ACCEPTED"
"Toona ciliata M.Roem.","7ZZS","Toona ciliata M.Roem.","Meliaceae",,,"Plantae","Tracheophyta","Magnoliopsida","Sapindales","Meliaceae","species","ACCEPTED"
"Torilis arvensis Link","DPZ","Torilis arvensis (Huds.) Link","Apiaceae",,,"Plantae","Tracheophyta","Magnoliopsida","Apiales","Apiaceae","species","ACCEPTED"
"Torilis japonica DC.","W2N","Torilis japonica DC.","Apiaceae",,,"Plantae","Tracheophyta","Magnoliopsida","Apiales","Apiaceae","species","ACCEPTED"
"Torilis nodosa (L.) Gaertn.","7M4P","Torilis nodosa (L.) Gaertn.","Apiaceae",,,"Plantae","Tracheophyta","Magnoliopsida","Apiales","Apiaceae","species","ACCEPTED"
"Trachemys dorbigni (Duméril & Bibron, 1835)","39MP","Trachemys dorbigni (Duméril & Bibron, 1835)","Emydidae",,,"Animalia","Chordata","Reptilia","Testudines","Emydidae","species","ACCEPTED"
"Trachemys scripta (Thunberg In Schoepff, 1792)","HLPP","Trachemys scripta (Schoepff, 1792)","Emydidae",,,"Animalia","Chordata","Reptilia","Testudines","Emydidae","species","ACCEPTED"
"Tradescantia fluminensis Vell.","DDYL","Tradescantia fluminensis Vell.","Commelinaceae",,,"Plantae","Tracheophyta","Liliopsida","Commelinales","Commelinaceae","species","ACCEPTED"
"Tradescantia zebrina Bosse","6FR5","Tradescantia zebrina Heynh. ex Bosse","Commelinaceae",,,"Plantae","Tracheophyta","Liliopsida","Commelinales","Commelinaceae","species","ACCEPTED"
"Trianthema portulacastrum L.","VCW","Trianthema portulacastrum L.","Aizoaceae",,,"Plantae","Tracheophyta","Magnoliopsida","Caryophyllales","Aizoaceae","species","ACCEPTED"
"Tribulus terrestris L.","CJKZ","Tribulus terrestris L.","Zygophyllaceae",,,"Plantae","Tracheophyta","Magnoliopsida","Zygophyllales","Zygophyllaceae","species","ACCEPTED"
"Tridax procumbens L.","KVJ","Tridax procumbens L.","Asteraceae",,,"Plantae","Tracheophyta","Magnoliopsida","Asterales","Asteraceae","species","ACCEPTED"
"Trifolium campestre Schreb.","CR9Y","Trifolium campestre Schreb.","Fabaceae",,,"Plantae","Tracheophyta","Magnoliopsida","Fabales","Fabaceae","species","ACCEPTED"
"Trifolium dubium Sibth.","5B8L","Trifolium dubium Sibth.","Fabaceae",,,"Plantae","Tracheophyta","Magnoliopsida","Fabales","Fabaceae","species","ACCEPTED"
"Trifolium pratense L.","DSBW","Trifolium pratense L.","Fabaceae",,,"Plantae","Tracheophyta","Magnoliopsida","Fabales","Fabaceae","species","ACCEPTED"
"Trifolium repens L.","ZBT","Trifolium repens L.","Fabaceae",,,"Plantae","Tracheophyta","Magnoliopsida","Fabales","Fabaceae","species","ACCEPTED"
"Triphasia trifolia P.Wilson","D6CD","Triphasia trifolia (Burm.f.) P.Wilson","Rutaceae",,,"Plantae","Tracheophyta","Magnoliopsida","Sapindales","Rutaceae","species","ACCEPTED"
"Tripsacum dactyloides L.","8CDJ","Tripsacum dactyloides (L.) L.","Poaceae",,,"Plantae","Tracheophyta","Liliopsida","Poales","Poaceae","species","ACCEPTED"
"Tripsacum lanceolatum E.Fourn.","3B4D","Tripsacum lanceolatum Rupr. ex E.Fourn.","Poaceae",,,"Plantae","Tracheophyta","Liliopsida","Poales","Poaceae","species","ACCEPTED"
"Triraphis andropogonoides (Steud.) Phillips","J788","Triraphis andropogonoides (Steud.) E.Phillips","Poaceae",,,"Plantae","Tracheophyta","Liliopsida","Poales","Poaceae","species","ACCEPTED"
"Tropaeolum majus L.","CMNK","Tropaeolum majus L.","Tropaeolaceae",,,"Plantae","Tracheophyta","Magnoliopsida","Brassicales","Tropaeolaceae","species","ACCEPTED"
"Tubastraea coccinea Lesson, 1829-1830","8RWW","Tubastraea coccinea Lesson, 1829","Dendrophylliidae",,,"Animalia","Cnidaria","Anthozoa","Scleractinia","Dendrophylliidae","species","ACCEPTED"
"Tubastraea tagusensis Wells, 1982","5CZQ","Tubastraea tagusensis (Wells, 1982)","Dendrophylliidae",,,"Animalia","Cnidaria","Anthozoa","Scleractinia","Dendrophylliidae","species","ACCEPTED"
"Tupinambis merianae Dirksen & De La Riva, 1999","7PQD","Salvator merianae (Duméril & Bibron, 1839)","Teiidae",,"Salvator merianae (Duméril & Bibron, 1839)","Animalia","Chordata","Reptilia","Squamata","Teiidae","species","SYNONYM"
"Tylos niveus Budde-Lund, 1885","7M4N","Tylos niveus Budde-Lund, 1885","Tylidae",,,"Animalia","Arthropoda","Malacostraca","Isopoda","Tylidae","species","ACCEPTED"
"Typha angustifolia L.","J5ZX","Typha angustifolia L.","Typhaceae",,,"Plantae","Tracheophyta","Liliopsida","Poales","Typhaceae","species","ACCEPTED"
"Ulex europaeus L.","9SYJ","Ulex europaeus L.","Fabaceae",,,"Plantae","Tracheophyta","Magnoliopsida","Fabales","Fabaceae","species","ACCEPTED"
"Urena lobata L.","FZ73","Urena lobata L.","Malvaceae",,,"Plantae","Tracheophyta","Magnoliopsida","Malvales","Malvaceae","species","ACCEPTED"
"Urena sinuata L.","Q2K","Urena sinuata L.","Malvaceae",,"Urena procumbens L.","Plantae","Tracheophyta","Magnoliopsida","Malvales","Malvaceae","species","HETEROTYPIC_SYNONYM"
"Urochloa adspersa (Trin.) R.D.Webster","5W8S","Urochloa adspersa (Trin.) R.D.Webster","Poaceae",,"Brachiaria adspersa (Trin.) Parodi","Plantae","Tracheophyta","Liliopsida","Poales","Poaceae","species","SYNONYM"
"Urochloa arrecta (Hack.) Morrone & Zuloaga","9KS3","Urochloa arrecta (Hack. ex T.Durand & Schinz) Morrone & Zuloaga","Poaceae",,"Brachiaria arrecta Stent","Plantae","Tracheophyta","Liliopsida","Poales","Poaceae","species","SYNONYM"
"Urochloa brizantha (A.Rich.) R.D.Webster","PMX","Urochloa brizantha (Hochst. ex A.Rich.) R.D.Webster","Poaceae",,"Brachiaria brizantha Stapf","Plantae","Tracheophyta","Liliopsida","Poales","Poaceae","species","SYNONYM"
"Urochloa decumbens (Stapf) R.D.Webster","G39K","Urochloa decumbens (Stapf) R.D.Webster","Poaceae",,"Brachiaria eminii (Mez) Robyns","Plantae","Tracheophyta","Liliopsida","Poales","Poaceae","species","SYNONYM"
"Urochloa dictyoneura (Fig. & De Not.) Veldkamp","DLKF","Urochloa dictyoneura (Fig. & De Not.) Veldkamp","Poaceae",,"Brachiaria dictyoneura Stapf","Plantae","Tracheophyta","Liliopsida","Poales","Poaceae","species","SYNONYM"
"Urochloa fusca (Sw.) B.F.Hansen & Wunderlin","9RZM","Urochloa fusca (Sw.) B.F.Hansen & Wunderlin","Poaceae",,"Brachiaria fasciculata (Sw.) Parodi","Plantae","Tracheophyta","Liliopsida","Poales","Poaceae","species","SYNONYM"
"Urochloa humidicola (Rendle) Morrone & Zuloaga","9FLX","Urochloa humidicola (Rendle) Morrone & Zuloaga","Poaceae",,"Brachiaria dictyoneura Stapf","Plantae","Tracheophyta","Liliopsida","Poales","Poaceae","species","SYNONYM"
"Urochloa jubata (Fig. & De Not.) Sosef","DCFP","Urochloa jubata (Fig. & De Not.) Sosef","Poaceae",,"Brachiaria jubata Stapf","Plantae","Tracheophyta","Liliopsida","Poales","Poaceae","species","SYNONYM"
"Urochloa mollis (Sw.) Morrone & Zuloaga","G5B5","Urochloa mollis (Sw.) Morrone & Zuloaga","Poaceae",,"Brachiaria mollis (Sw.) Parodi","Plantae","Tracheophyta","Liliopsida","Poales","Poaceae","species","SYNONYM"
"Urochloa mosambicensis (Hack.) Dandy","462H","Urochloa mosambicensis (Hack.) Dandy","Poaceae",,"Urochloa trichopus Stapf","Plantae","Tracheophyta","Liliopsida","Poales","Poaceae","species","SYNONYM"
"Urochloa mutica (Forssk.) T.Q.Nguyen","FPX5","Urochloa mutica (Forssk.) T.Q.Nguyen","Poaceae",,"Brachiaria mutica (Forssk.) Stapf","Plantae","Tracheophyta","Liliopsida","Poales","Poaceae","species","SYNONYM"
"Urochloa paucispicata (Morong) Morrone & Zuloaga","FQWW","Urochloa paucispicata (Morong) Morrone & Zuloaga","Poaceae",,"Brachiaria paucispicata (Morong) Clayton","Plantae","Tracheophyta","Liliopsida","Poales","Poaceae","species","SYNONYM"
"Urochloa plantaginea (Link) R.D.Webster","V2D","Urochloa plantaginea (Link) R.D.Webster","Poaceae",,"Panicum brevifolium L.","Plantae","Tracheophyta","Liliopsida","Poales","Poaceae","species","SYNONYM"
"Urochloa platyphylla (Munro ex C.Wright) R.D.Webster","5G2G","Urochloa platyphylla (Munro ex C.Wright) R.D.Webster","Poaceae",,"Brachiaria platyphylla (Munro ex C.Wright) Nash","Plantae","Tracheophyta","Liliopsida","Poales","Poaceae","species","SYNONYM"
"Urochloa reptans (L.) Stapf","9TYB","Urochloa reptans (L.) Stapf","Poaceae",,"Brachiaria reptans (L.) C.A.Gardner & C.E.Hubb.","Plantae","Tracheophyta","Liliopsida","Poales","Poaceae","species","SYNONYM"
"Urochloa ruziziensis (R.Germ. & C.M.Evrard) Crins","6RRZ","Urochloa ruziziensis (R.Germ. & Evrard) Crins","Poaceae",,"Brachiaria eminii (Mez) Robyns","Plantae","Tracheophyta","Liliopsida","Poales","Poaceae","species","SYNONYM"
"Urochloa stolonifera (Gooss.) Chippind.","BRKR","Urochloa trichopus (Hochst.) Stapf","Poaceae",,"Urochloa trichopus Stapf","Plantae","Tracheophyta","Liliopsida","Poales","Poaceae","species","SYNONYM"
"Urochloa subquadripara (Trin.) R.D.Webster","XDV","Urochloa subquadripara (Trin.) R.D.Webster","Poaceae",,"Brachiaria distachya (L.) Stapf","Plantae","Tracheophyta","Liliopsida","Poales","Poaceae","species","SYNONYM"
"Urochloa vittata (Stapf) Morrone & Zuloaga","FGSC","Urochloa vittata (Stapf) Morrone & Zuloaga","Poaceae",,"Brachiaria oligobrachiata (Pilg.) Henrard","Plantae","Tracheophyta","Liliopsida","Poales","Poaceae","species","SYNONYM"
"Urtica dioica L.","3BZC","Urtica dioica L.","Urticaceae",,,"Plantae","Tracheophyta","Magnoliopsida","Rosales","Urticaceae","species","ACCEPTED"
"Urtica urens L.","GS7L","Urtica urens L.","Urticaceae",,,"Plantae","Tracheophyta","Magnoliopsida","Rosales","Urticaceae","species","ACCEPTED"
"Utricularia gibba L.","BGN9","Utricularia gibba L.","Lentibulariaceae",,,"Plantae","Tracheophyta","Magnoliopsida","Lamiales","Lentibulariaceae","species","ACCEPTED"
"Vaccaria pyramidata Medicus","9DNW","Vaccaria pyramidata Medik.","Caryophyllaceae",,"Vaccaria hispanica (Mill.) Rauschert","Plantae","Tracheophyta","Magnoliopsida","Caryophyllales","Caryophyllaceae","species","SYNONYM"
"Velloziella spathacea (Oliv.) Melch.","9ZB","Velloziella spathacea (Oliv.) Melch.","Orobanchaceae",,,"Plantae","Tracheophyta","Magnoliopsida","Lamiales","Orobanchaceae","species","ACCEPTED"
"Verbascum thapsus L.","GR7M","Verbascum thapsus L.","Scrophulariaceae",,,"Plantae","Tracheophyta","Magnoliopsida","Lamiales","Scrophulariaceae","species","ACCEPTED"
"Verbascum virgatum Stokes","38HT","Verbascum virgatum Stokes","Scrophulariaceae",,,"Plantae","Tracheophyta","Magnoliopsida","Lamiales","Scrophulariaceae","species","ACCEPTED"
"Verbena litoralis Kunth","G7F7","Verbena litoralis Kunth","Verbenaceae",,,"Plantae","Tracheophyta","Magnoliopsida","Lamiales","Verbenaceae","species","ACCEPTED"
"Veronica anagallis-aquatica L.","BMLW","Veronica anagallis-aquatica L.","Plantaginaceae",,,"Plantae","Tracheophyta","Magnoliopsida","Lamiales","Plantaginaceae","species","ACCEPTED"
"Veronica arvensis L.","8XTY","Veronica arvensis L.","Plantaginaceae",,,"Plantae","Tracheophyta","Magnoliopsida","Lamiales","Plantaginaceae","species","ACCEPTED"
"Veronica javanica Blume","FQHB","Veronica javanica Blume","Plantaginaceae",,,"Plantae","Tracheophyta","Magnoliopsida","Lamiales","Plantaginaceae","species","ACCEPTED"
"Veronica peregrina L.","C643","Veronica peregrina L.","Plantaginaceae",,,"Plantae","Tracheophyta","Magnoliopsida","Lamiales","Plantaginaceae","species","ACCEPTED"
"Veronica persica Poir.","RD2","Veronica persica Poir.","Plantaginaceae",,,"Plantae","Tracheophyta","Magnoliopsida","Lamiales","Plantaginaceae","species","ACCEPTED"
"Veronica polita Fries","CQBY","Veronica polita Fr.","Plantaginaceae",,,"Plantae","Tracheophyta","Magnoliopsida","Lamiales","Plantaginaceae","species","ACCEPTED"
"Veronica serpyllifolia L.","8LYG","Veronica serpyllifolia L.","Plantaginaceae",,,"Plantae","Tracheophyta","Magnoliopsida","Lamiales","Plantaginaceae","species","ACCEPTED"
"Vibrio cholerae Pacini, 1854","338530","Vibrio cholerae Pacini, 1854","Vibrionaceae",,,"Bacteria","Proteobacteria","Gammaproteobacteria","Vibrionales","Vibrionaceae","species","ACCEPTED"
"Vicia angustifolia Clos","5PH6","Vicia angustifolia L.","Fabaceae",,,"Plantae","Tracheophyta","Magnoliopsida","Fabales","Fabaceae","species","DOUBTFUL"
"Vicia sativa L.","HFVL","Vicia sativa L.","Fabaceae",,,"Plantae","Tracheophyta","Magnoliopsida","Fabales","Fabaceae","species","ACCEPTED"
"Vicia villosa Roth","BR9P","Vicia villosa Roth","Fabaceae",,,"Plantae","Tracheophyta","Magnoliopsida","Fabales","Fabaceae","species","ACCEPTED"
"Vigna unguiculata Walp.","B5RD","Vigna unguiculata (L.) Walp.","Fabaceae",,,"Plantae","Tracheophyta","Magnoliopsida","Fabales","Fabaceae","species","ACCEPTED"
"Vinca major L.","6964","Vinca major L.","Apocynaceae",,,"Plantae","Tracheophyta","Magnoliopsida","Gentianales","Apocynaceae","species","ACCEPTED"
"Vinca minor L.","GK6B","Vinca minor L.","Apocynaceae",,,"Plantae","Tracheophyta","Magnoliopsida","Gentianales","Apocynaceae","species","ACCEPTED"
"Viola odorata L.","DCB9","Viola odorata L.","Violaceae",,,"Plantae","Tracheophyta","Magnoliopsida","Malpighiales","Violaceae","species","ACCEPTED"
"Visnaga daucoides Gaertn.","6GB3","Visnaga daucoides Gaertn.","Apiaceae",,,"Plantae","Tracheophyta","Magnoliopsida","Apiales","Apiaceae","species","ACCEPTED"
"Vitex agnus-castus L.","9F8W","Vitex agnus-castus L.","Lamiaceae",,,"Plantae","Tracheophyta","Magnoliopsida","Lamiales","Lamiaceae","species","ACCEPTED"
"Vulpia bromoides Gray","8LXC","Vulpia bromoides (L.) Gray","Poaceae",,,"Plantae","Tracheophyta","Liliopsida","Poales","Poaceae","species","ACCEPTED"
"Vulpia myuros (L.) C.C.Gmel.","6DJC","Vulpia myuros (L.) C.C.Gmel.","Poaceae",,,"Plantae","Tracheophyta","Liliopsida","Poales","Poaceae","species","ACCEPTED"
"Xanthium spinosum L.","9WSK","Xanthium spinosum L.","Asteraceae",,,"Plantae","Tracheophyta","Magnoliopsida","Asterales","Asteraceae","species","ACCEPTED"
"Xanthium strumarium L.","5MKH","Xanthium strumarium L.","Asteraceae",,,"Plantae","Tracheophyta","Magnoliopsida","Asterales","Asteraceae","species","ACCEPTED"
"Xiphophorus hellerii Heckel, 1848","C4BC","Xiphophorus hellerii Heckel, 1848","Poeciliidae",,,"Animalia","Chordata","Actinopterygii","Cyprinodontiformes","Poeciliidae","species","ACCEPTED"
"Xiphophorus maculatus (Günther, 1866)","B2G6","Xiphophorus maculatus (Günther, 1866)","Poeciliidae",,,"Animalia","Chordata","Actinopterygii","Cyprinodontiformes","Poeciliidae","species","ACCEPTED"
"Xyleborus volvulus (Fabricius & J.C., 1794)","32ZW","Xyleborus volvulus Fabricius, 1775","Curculionidae",,,"Animalia","Arthropoda","Insecta","Coleoptera","Curculionidae","species","ACCEPTED"
"Xylosandrus compactus Eichhoff, 1875","4V4P","Xylosandrus compactus (Eichhoff, 1875)","Curculionidae",,,"Animalia","Arthropoda","Insecta","Coleoptera","Curculionidae","species","ACCEPTED"
"Xylosandrus morigerus Reitter, 1913a","HJBJ","Xylosandrus morigerus (Blandford, 1894)","Curculionidae",,,"Animalia","Arthropoda","Insecta","Coleoptera","Curculionidae","species","DOUBTFUL"
"Yersinia pestis (Lehmann & Neumann, 1896) van Loghem, 1944","366247","Yersinia pestis (Lehmann & Neumann, 1896) van Loghem, 1944","Enterobacteriaceae",,,"Bacteria","Proteobacteria","Gammaproteobacteria","Enterobacteriales","Enterobacteriaceae","species","ACCEPTED"
"Youngia japonica DC.","32FW","Youngia japonica (L.) DC.","Asteraceae",,,"Plantae","Tracheophyta","Magnoliopsida","Asterales","Asteraceae","species","ACCEPTED"
"Yucca filamentosa L.","GL6R","Yucca filamentosa L.","Asparagaceae",,,"Plantae","Tracheophyta","Liliopsida","Asparagales","Asparagaceae","species","ACCEPTED"
"Zantedeschia aethiopica (L.) Spreng.","4QJ5","Zantedeschia aethiopica (L.) Spreng.","Araceae",,,"Plantae","Tracheophyta","Liliopsida","Alismatales","Araceae","species","ACCEPTED"
"Zaprionus indianus Gupta, 1970","945L","Zaprionus indianus Gupta, 1970","Drosophilidae",,,"Animalia","Arthropoda","Insecta","Diptera","Drosophilidae","species","ACCEPTED"
"Zephyranthes carinata Herb.","9FTD","Zephyranthes carinata Herb.","Amaryllidaceae",,,"Plantae","Tracheophyta","Liliopsida","Asparagales","Amaryllidaceae","species","ACCEPTED"
"Zephyranthes chlorosolen D.Dietr.","8MRW","Zephyranthes chlorosolen (Herb.) D.Dietr.","Amaryllidaceae",,,"Plantae","Tracheophyta","Liliopsida","Asparagales","Amaryllidaceae","species","ACCEPTED"
"Zeuxine strateumatica (L.) Schltr.","DRFZ","Zeuxine strateumatica (L.) Schltr.","Orchidaceae",,,"Plantae","Tracheophyta","Liliopsida","Asparagales","Orchidaceae","species","ACCEPTED"
"Zinnia elegans L.","FJ5N","Zinnia elegans Jacq.","Asteraceae",,,"Plantae","Tracheophyta","Magnoliopsida","Asterales","Asteraceae","species","ACCEPTED"
"Zinnia peruviana (L.) L.","7VBH","Zinnia peruviana .(L.) L. (L.)","Asteraceae",,,"Plantae","Tracheophyta","Magnoliopsida","Asterales","Asteraceae","species","ACCEPTED"
"Ziziphus mauritiana Lam.","44DW","Ziziphus mauritiana Lam.","Rhamnaceae",,,"Plantae","Tracheophyta","Magnoliopsida","Rosales","Rhamnaceae","species","ACCEPTED"
"Zonitoides arboreus (Say, 1816)","7KDZ","Zonitoides arboreus (Say, 1817)","Gastrodontidae",,,"Animalia","Mollusca","Gastropoda","Stylommatophora","Gastrodontidae","species","ACCEPTED"
"Zoobotryon verticillatum (Delle Chiaje, 1822)","4J2Q","Amathia verticillata (delle Chiaje, 1822)","Vesiculariidae",,"Amathia verticillata (Delle Chiaje, 1822)","Animalia","Bryozoa","Gymnolaemata","Ctenostomatida","Vesiculariidae","species","SYNONYM"
"Zornia diphylla Pers.","95PW","Zornia diphylla (L.) Pers.","Fabaceae",,"Zornia apiculata Milne-Redh.","Plantae","Tracheophyta","Magnoliopsida","Fabales","Fabaceae","species","HETEROTYPIC_SYNONYM"
