"Supplied Name","guid","scientificName","family","kingdom","genus","specificEpithet","scientificNameAuthorship","behavior","establishmentMeans","locality","country","infraspecificEpithet"
"Abrus precatorius","285570","Abrus precatorius","Fabaceae",,"Abrus","precatorius","L.","Trepadeira","Exôtica","Área De Proteção Ambiental Anhatomirim","Brasil",
"Artocarpus heterophyllus","DTMK","Artocarpus heterophyllus Lam.","Moraceae",,"Artocarpus","heterophyllus","Lam.","Árvore","Exôtica","Área De Proteção Ambiental Anhatomirim","Brasil",
"Casuarina equisetifolia","GN3L","Casuarina equisetifolia L.","Casuarinaceae",,"Casuarina","equisetifolia","L.","Árvore","Exôtica","Área De Proteção Ambiental Anhatomirim","Brasil",
"Eriobotrya japonica","B7MF","Eriobotrya japonica (Thunb.) Lindl.","Rosaceae",,"Eriobotrya","japonica","(Thunb.) Lindl.","Árvore","Exôtica","Área De Proteção Ambiental Anhatomirim","Brasil",
"Furcraea foetida","7PG6","Furcraea foetida (L.) Haw.","Asparagaceae",,"Furcraea","foetida","(L.) Haw.","Arbusto e herbácea","Exôtica","Área De Proteção Ambiental Anhatomirim","Brasil",
"Hedychium coronarium","3D3Y","Hedychium coronarium J.Koenig","Zingiberaceae",,"Hedychium","coronarium","J. König","Arbusto e herbácea","Exôtica","Área De Proteção Ambiental Anhatomirim","Brasil",
"Hovenia dulcis","3N36","Hovenia dulcis Thunb.","Rhamnaceae",,"Hovenia","dulcis","Thunb.","Árvore","Exôtica","Área De Proteção Ambiental Anhatomirim","Brasil",
"Hyparrhenia rufa","6SW2","Hyparrhenia rufa (Nees) Stapf","Poaceae",,"Hyparrhenia","rufa","(Nees) Stapf","Gramínea","Exôtica","Área De Proteção Ambiental Anhatomirim","Brasil",
"Leucaena leucocephala","8BRC","Leucaena leucocephala (Lam.) de Wit","Fabaceae",,"Leucaena","leucocephala","(Lam.) de Wit","Árvore","Exôtica","Área De Proteção Ambiental Anhatomirim","Brasil",
"Livistona chinensis","G4G7","Livistona chinensis (Jacq.) R.Br. ex Mart.","Arecaceae",,"Livistona","chinensis","(Jacq.) R. Br.","Palmeira","Exôtica","Área De Proteção Ambiental Anhatomirim","Brasil",
"Megathyrsus maximus","3ST","Megathyrsus maximus (Jacq.) B.K.Simon & S.W.L.Jacobs","Poaceae",,"Megathyrsus","maximus","(Jacq.) B.K. Simon & S.W.L. Jacobs","Gramínea","Exôtica","Área De Proteção Ambiental Anhatomirim","Brasil",
"Melinis minutiflora","5XV3","Melinis minutiflora P.Beauv.","Poaceae",,"Melinis","minutiflora","P. Beauv.","Gramínea","Exôtica","Área De Proteção Ambiental Anhatomirim","Brasil",
"Momordica charantia","4VRJ","Momordica charantia L.","Cucurbitaceae",,"Momordica","charantia","L.","Trepadeira","Exôtica","Área De Proteção Ambiental Anhatomirim","Brasil",
"Terminalia catappa","523F","Terminalia catappa L.","Combretaceae",,"Terminalia","catappa","L.","Árvore","Exôtica","Área De Proteção Ambiental Anhatomirim","Brasil",
"Ulex europaeus","9SYJ","Ulex europaeus L.","Fabaceae",,"Ulex","europaeus","L.","Arbusto e herbácea","Exôtica","Área De Proteção Ambiental Anhatomirim","Brasil",
"Agave americana","GLPG","Agave americana L.","Asparagaceae",,"Agave","americana","L.","Arbusto e herbácea","Exôtica","Área De Proteção Ambiental Da Barra Do Rio Mamanguape","Brasil",
"Melinis minutiflora","5XV3","Melinis minutiflora P.Beauv.","Poaceae",,"Melinis","minutiflora","P. Beauv.","Gramínea","Exôtica","Área De Proteção Ambiental Da Bacia Do Rio Descoberto","Brasil",
"Leucaena leucocephala","8BRC","Leucaena leucocephala (Lam.) de Wit","Fabaceae",,"Leucaena","leucocephala","(Lam.) de Wit","Árvore","Exôtica","Área De Proteção Ambiental Da Bacia Do Rio São João - Mico-Leão-Dourado","Brasil",
"Asparagus aethiopicus","FJRS","Asparagus aethiopicus L.","Asparagaceae",,"Asparagus","aethiopicus","L.","Arbusto e herbácea","Exôtica","Área De Proteção Ambiental Da Baleia Franca","Brasil",
"Carpobrotus acinaciformis","656X","Carpobrotus acinaciformis (L.) L.Bolus","Aizoaceae",,"Carpobrotus","acinaciformis","(L.) L.Bolus","Arbusto e herbácea","Exôtica","Área De Proteção Ambiental Da Baleia Franca","Brasil",
"Casuarina equisetifolia","GN3L","Casuarina equisetifolia L.","Casuarinaceae",,"Casuarina","equisetifolia","L.","Árvore","Exôtica","Área De Proteção Ambiental Da Baleia Franca","Brasil",
"Cenchrus purpureus","CLW9","Cenchrus purpureus (Schumach.) Morrone","Poaceae",,"Cenchrus","purpureus","(Schumach.) Morrone","Gramínea","Exôtica","Área De Proteção Ambiental Da Baleia Franca","Brasil",
"Eriobotrya japonica","B7MF","Eriobotrya japonica (Thunb.) Lindl.","Rosaceae",,"Eriobotrya","japonica","(Thunb.) Lindl.","Árvore","Exôtica","Área De Proteção Ambiental Da Baleia Franca","Brasil",
"Furcraea foetida","7PG6","Furcraea foetida (L.) Haw.","Asparagaceae",,"Furcraea","foetida","(L.) Haw.","Arbusto e herbácea","Exôtica","Área De Proteção Ambiental Da Baleia Franca","Brasil",
"Hedychium coronarium","3D3Y","Hedychium coronarium J.Koenig","Zingiberaceae",,"Hedychium","coronarium","J. König","Arbusto e herbácea","Exôtica","Área De Proteção Ambiental Da Baleia Franca","Brasil",
"Melinis minutiflora","5XV3","Melinis minutiflora P.Beauv.","Poaceae",,"Melinis","minutiflora","P. Beauv.","Gramínea","Exôtica","Área De Proteção Ambiental Da Baleia Franca","Brasil",
"Persea americana","787H","Persea americana Mill.","Lauraceae",,"Persea","americana","Mill","Árvore","Exôtica","Área De Proteção Ambiental Da Baleia Franca","Brasil",
"Ricinus communis","D4RB","Ricinus communis L.","Euphorbiaceae",,"Ricinus","communis","L.","Arbusto e herbácea","Exôtica","Área De Proteção Ambiental Da Baleia Franca","Brasil",
"Tithonia diversifolia","5C2F","Tithonia diversifolia (Hemsl.) A.Gray","Asteraceae",,"Tithonia","diversifolia","(Hemsl.) A. Gray","Arbusto e herbácea","Exôtica","Área De Proteção Ambiental Da Baleia Franca","Brasil",
"Urochloa brizantha","PMX","Urochloa brizantha (Hochst. ex A.Rich.) R.D.Webster","Poaceae",,"Urochloa","brizantha","(A.Rich.) R.D.Webster","Gramínea","Exôtica","Área De Proteção Ambiental Da Baleia Franca","Brasil",
"Urochloa eminii","CCGS","Urochloa eminii (Mez) Davidse","Poaceae",,"Urochloa","eminii","(Mez) Davidse","Gramínea","Exôtica","Área De Proteção Ambiental Da Baleia Franca","Brasil",
"Caulerpa scalpelliformis","96GH","Caulerpa scalpelliformis (R.Brown ex Turner) C.Agardh",,,"Caulerpa","scalpelliformis","(R. Brown ex Turner) C. Agardh","Planta Aquática","Exôtica","Área De Proteção Ambiental Da Costa Dos Corais","Brasil",
"Megathyrsus maximus","3ST","Megathyrsus maximus (Jacq.) B.K.Simon & S.W.L.Jacobs","Poaceae",,"Megathyrsus","maximus","(Jacq.) B.K. Simon & S.W.L. Jacobs","Gramínea","Exôtica","Área De Proteção Ambiental Da Região Serrana De Petrópolis","Brasil",
"Artocarpus altilis","77HZ","Artocarpus altilis (Parkinson) Fosberg","Moraceae",,"Artocarpus","altilis","(Parkinson)  Fosberg","Árvore","Exôtica","Área De Proteção Ambiental De Cairuçu","Brasil",
"Artocarpus heterophyllus","DTMK","Artocarpus heterophyllus Lam.","Moraceae",,"Artocarpus","heterophyllus","Lam.","Árvore","Exôtica","Área De Proteção Ambiental De Cairuçu","Brasil",
"Caulerpa scalpelliformis","96GH","Caulerpa scalpelliformis (R.Brown ex Turner) C.Agardh",,,"Caulerpa","scalpelliformis","(R. Brown ex Turner) C. Agardh","Planta Aquática","Exôtica","Área De Proteção Ambiental De Cairuçu","Brasil",
"Coffea arabica","HPJF","Coffea arabica L.","Rubiaceae",,"Coffea","arabica","L.","Arbusto e herbácea","Exôtica","Área De Proteção Ambiental De Cairuçu","Brasil",
"Eriobotrya japonica","B7MF","Eriobotrya japonica (Thunb.) Lindl.","Rosaceae",,"Eriobotrya","japonica","(Thunb.) Lindl.","Árvore","Exôtica","Área De Proteção Ambiental De Cairuçu","Brasil",
"Mangifera indica","9YG6","Mangifera indica L.","Anacardiaceae",,"Mangifera","indica","L.","Árvore","Exôtica","Área De Proteção Ambiental De Cairuçu","Brasil",
"Morus nigra","FLJ5","Morus nigra L.","Moraceae",,"Morus","nigra","L.","Árvore","Exôtica","Área De Proteção Ambiental De Cairuçu","Brasil",
"Persea americana","787H","Persea americana Mill.","Lauraceae",,"Persea","americana","Mill","Árvore","Exôtica","Área De Proteção Ambiental De Cairuçu","Brasil",
"Psidium guajava","GN88","Psidium guajava L.","Myrtaceae",,"Psidium","guajava","L.","Árvore","Exôtica","Área De Proteção Ambiental De Cairuçu","Brasil",
"Sicyos edulis","3G8P","Sicyos edulis Jacq.","Cucurbitaceae",,"Sicyos","edulis","Jacq.","Trepadeira","Exôtica","Área De Proteção Ambiental De Cairuçu","Brasil",
"Syzygium jambos","GMFG","Syzygium jambos (L.) Alston","Myrtaceae",,"Syzygium","jambos","(L.) Alston","Árvore","Exôtica","Área De Proteção Ambiental De Cairuçu","Brasil",
"Casuarina equisetifolia","GN3L","Casuarina equisetifolia L.","Casuarinaceae",,"Casuarina","equisetifolia","L.","Árvore","Exôtica","Área De Proteção Ambiental De Cananéia-Iguapé-Peruíbe","Brasil",
"Hovenia dulcis","3N36","Hovenia dulcis Thunb.","Rhamnaceae",,"Hovenia","dulcis","Thunb.","Árvore","Exôtica","Área De Proteção Ambiental De Cananéia-Iguapé-Peruíbe","Brasil",
"Impatiens walleriana","GZYB","Impatiens walleriana Hook.f.","Balsaminaceae",,"Impatiens","walleriana","Hook. f.","Arbusto e herbácea","Exôtica","Área De Proteção Ambiental De Cananéia-Iguapé-Peruíbe","Brasil",
"Melinis minutiflora","5XV3","Melinis minutiflora P.Beauv.","Poaceae",,"Melinis","minutiflora","P. Beauv.","Gramínea","Exôtica","Área De Proteção Ambiental De Cananéia-Iguapé-Peruíbe","Brasil",
"Prosopis juliflora","291408","Prosopis juliflora","Fabaceae",,"Prosopis","juliflora","(Sw.) DC.","Árvore","Exôtica","Área De Proteção Ambiental De Cananéia-Iguapé-Peruíbe","Brasil",
"Ulex europaeus","9SYJ","Ulex europaeus L.","Fabaceae",,"Ulex","europaeus","L.","Arbusto e herbácea","Exôtica","Área De Proteção Ambiental De Cananéia-Iguapé-Peruíbe","Brasil",
"Arundo donax","4RN4","Arundo donax L.","Poaceae",,"Arundo","donax","L.","Bambu","Exôtica","Área De Proteção Ambiental De Fernando De Noronha","Brasil",
"Azadirachta indica","F9XF","Azadirachta indica A.Juss.","Meliaceae",,"Azadirachta","indica","A. Juss.","Árvore","Exôtica","Área De Proteção Ambiental De Fernando De Noronha","Brasil",
"Calotropis procera","3Q8J","Calotropis procera (Aiton) W.T.Aiton","Apocynaceae",,"Calotropis","procera","(Ait.) R.Br.","Arbusto e herbácea","Exôtica","Área De Proteção Ambiental De Fernando De Noronha","Brasil",
"Cenchrus purpureus","CLW9","Cenchrus purpureus (Schumach.) Morrone","Poaceae",,"Cenchrus","purpureus","(Schumach.) Morrone","Gramínea","Exôtica","Área De Proteção Ambiental De Fernando De Noronha","Brasil",
"Cenchrus setaceus","CZ8J","Cenchrus setaceus (Forssk.) Morrone","Poaceae",,"Cenchrus","setaceus","(Forssk.) Morrone","Gramínea","Exôtica","Área De Proteção Ambiental De Fernando De Noronha","Brasil",
"Cissus verticillata","F6ZT","Cissus verticillata (L.) Nicolson & C.E.Jarvis","Vitaceae",,"Cissus","verticillata","Nicolson & CE Jarvis","Árvore","Exôtica","Área De Proteção Ambiental De Fernando De Noronha","Brasil",
"Crotalaria retusa","8YRX","Crotalaria retusa L.","Fabaceae",,"Crotalaria","retusa","L.","Arbusto e herbácea","Exôtica","Área De Proteção Ambiental De Fernando De Noronha","Brasil",
"Euphorbia tirucalli","H9NR","Euphorbia tirucalli L.","Euphorbiaceae",,"Euphorbia","tirucalli","L.","Arbusto e herbácea","Exôtica","Área De Proteção Ambiental De Fernando De Noronha","Brasil",
"Hovenia dulcis","3N36","Hovenia dulcis Thunb.","Rhamnaceae",,"Hovenia","dulcis","Thunb.","Árvore","Exôtica","Área De Proteção Ambiental De Fernando De Noronha","Brasil",
"Impatiens walleriana","GZYB","Impatiens walleriana Hook.f.","Balsaminaceae",,"Impatiens","walleriana","Hook. f.","Arbusto e herbácea","Exôtica","Área De Proteção Ambiental De Fernando De Noronha","Brasil",
"Jatropha curcas","5QVG","Jatropha curcas L.","Euphorbiaceae",,"Jatropha","curcas","L.","Arbusto e herbácea","Exôtica","Área De Proteção Ambiental De Fernando De Noronha","Brasil",
"Jatropha gossypiifolia","F3XV","Jatropha gossypiifolia L.","Euphorbiaceae",,"Jatropha","gossypiifolia","L.","Arbusto e herbácea","Exôtica","Área De Proteção Ambiental De Fernando De Noronha","Brasil",
"Lantana camara","GQ8W","Lantana camara L.","Verbenaceae",,"Lantana","camara","L.","Arbusto e herbácea","Exôtica","Área De Proteção Ambiental De Fernando De Noronha","Brasil",
"Leucaena leucocephala","8BRC","Leucaena leucocephala (Lam.) de Wit","Fabaceae",,"Leucaena","leucocephala","(Lam.) de Wit","Árvore","Exôtica","Área De Proteção Ambiental De Fernando De Noronha","Brasil",
"Megathyrsus maximus","3ST","Megathyrsus maximus (Jacq.) B.K.Simon & S.W.L.Jacobs","Poaceae",,"Megathyrsus","maximus","(Jacq.) B.K. Simon & S.W.L. Jacobs","Gramínea","Exôtica","Área De Proteção Ambiental De Fernando De Noronha","Brasil",
"Melia azedarach","5M6R","Melia azedarach L.","Meliaceae",,"Melia","azedarach","L.","Árvore","Exôtica","Área De Proteção Ambiental De Fernando De Noronha","Brasil",
"Momordica charantia","4VRJ","Momordica charantia L.","Cucurbitaceae",,"Momordica","charantia","L.","Trepadeira","Exôtica","Área De Proteção Ambiental De Fernando De Noronha","Brasil",
"Ricinus communis","D4RB","Ricinus communis L.","Euphorbiaceae",,"Ricinus","communis","L.","Arbusto e herbácea","Exôtica","Área De Proteção Ambiental De Fernando De Noronha","Brasil",
"Terminalia catappa","523F","Terminalia catappa L.","Combretaceae",,"Terminalia","catappa","L.","Árvore","Exôtica","Área De Proteção Ambiental De Fernando De Noronha","Brasil",
"Tithonia diversifolia","5C2F","Tithonia diversifolia (Hemsl.) A.Gray","Asteraceae",,"Tithonia","diversifolia","(Hemsl.) A. Gray","Arbusto e herbácea","Exôtica","Área De Proteção Ambiental De Fernando De Noronha","Brasil",
"Tradescantia zebrina","6FR5","Tradescantia zebrina Heynh. ex Bosse","Commelinaceae",,"Tradescantia","zebrina","Heynh. ex Bosse","Arbusto e herbácea","Exôtica","Área De Proteção Ambiental De Fernando De Noronha","Brasil",
"Urochloa brizantha","PMX","Urochloa brizantha (Hochst. ex A.Rich.) R.D.Webster","Poaceae",,"Urochloa","brizantha","(A.Rich.) R.D.Webster","Gramínea","Exôtica","Área De Proteção Ambiental De Fernando De Noronha","Brasil",
"Urochloa plantaginea","V2D","Urochloa plantaginea (Link) R.D.Webster","Poaceae",,"Urochloa","plantaginea","(Link) R.D.Webster","Gramínea","Exôtica","Área De Proteção Ambiental De Fernando De Noronha","Brasil",
"Vachellia farnesiana","387849","Vachellia farnesiana","Fabaceae",,"Vachellia","farnesiana","(L.) Wight & Arn.","Árvore","Exôtica","Área De Proteção Ambiental De Fernando De Noronha","Brasil",
"Acacia mangium","7J6D","Acacia mangium Willd.","Fabaceae",,"Acacia","mangium","Willd.","Árvore","Exôtica","Área De Proteção Ambiental De Guapi-Mirim","Brasil",
"Elaeis guineensis","3PPV","Elaeis guineensis Jacq.","Arecaceae",,"Elaeis","guineensis","Jacq.","Palmeira","Exôtica","Área De Proteção Ambiental De Guapi-Mirim","Brasil",
"Leucaena leucocephala","8BRC","Leucaena leucocephala (Lam.) de Wit","Fabaceae",,"Leucaena","leucocephala","(Lam.) de Wit","Árvore","Exôtica","Área De Proteção Ambiental De Guapi-Mirim","Brasil",
"Melinis minutiflora","5XV3","Melinis minutiflora P.Beauv.","Poaceae",,"Melinis","minutiflora","P. Beauv.","Gramínea","Exôtica","Área De Proteção Ambiental De Guapi-Mirim","Brasil",
"Phyllostachys bambusoides","FTRH","Phyllostachys bambusoides Siebold & Zucc.","Poaceae",,"Phyllostachys","bambusoides","Siebold & Zucc.","Bambu","Exôtica","Área De Proteção Ambiental De Guapi-Mirim","Brasil",
"Prosopis juliflora","291408","Prosopis juliflora","Fabaceae",,"Prosopis","juliflora","(Sw.) DC.","Árvore","Exôtica","Área De Proteção Ambiental De Guapi-Mirim","Brasil",
"Artocarpus heterophyllus","DTMK","Artocarpus heterophyllus Lam.","Moraceae",,"Artocarpus","heterophyllus","Lam.","Árvore","Exôtica","Área De Proteção Ambiental De Guaraqueçaba","Brasil",
"Dracaena fragrans","DTF","Dracaena fragrans (L.) Ker Gawl.","Asparagaceae",,"Dracaena","fragrans","(L.) Ker-Gawl","Arbusto e herbácea","Exôtica","Área De Proteção Ambiental De Guaraqueçaba","Brasil",
"Elaeis guineensis","3PPV","Elaeis guineensis Jacq.","Arecaceae",,"Elaeis","guineensis","Jacq.","Palmeira","Exôtica","Área De Proteção Ambiental De Guaraqueçaba","Brasil",
"Hedychium coronarium","3D3Y","Hedychium coronarium J.Koenig","Zingiberaceae",,"Hedychium","coronarium","J. König","Arbusto e herbácea","Exôtica","Área De Proteção Ambiental De Guaraqueçaba","Brasil",
"Impatiens walleriana","GZYB","Impatiens walleriana Hook.f.","Balsaminaceae",,"Impatiens","walleriana","Hook. f.","Arbusto e herbácea","Exôtica","Área De Proteção Ambiental De Guaraqueçaba","Brasil",
"Megathyrsus maximus","3ST","Megathyrsus maximus (Jacq.) B.K.Simon & S.W.L.Jacobs","Poaceae",,"Megathyrsus","maximus","(Jacq.) B.K. Simon & S.W.L. Jacobs","Gramínea","Exôtica","Área De Proteção Ambiental De Guaraqueçaba","Brasil",
"Musa balbisiana","DJ7B","Musa balbisiana Colla","Musaceae",,"Musa","balbisiana","Colla","Arbusto e herbácea","Exôtica","Área De Proteção Ambiental De Guaraqueçaba","Brasil",
"Psidium guajava","GN88","Psidium guajava L.","Myrtaceae",,"Psidium","guajava","L.","Árvore","Exôtica","Área De Proteção Ambiental De Guaraqueçaba","Brasil",
"Sansevieria trifasciata","K84","Dracaena trifasciata (Prain) Mabb.","Asparagaceae",,"Sansevieria","trifasciata","Prain","Arbusto e herbácea","Exôtica","Área De Proteção Ambiental De Guaraqueçaba","Brasil",
"Artocarpus altilis","77HZ","Artocarpus altilis (Parkinson) Fosberg","Moraceae",,"Artocarpus","altilis","(Parkinson)  Fosberg","Árvore","Exôtica","Área De Proteção Ambiental Delta Do Parnaiba","Brasil",
"Azadirachta indica","F9XF","Azadirachta indica A.Juss.","Meliaceae",,"Azadirachta","indica","A. Juss.","Árvore","Exôtica","Área De Proteção Ambiental Delta Do Parnaiba","Brasil",
"Calotropis procera","3Q8J","Calotropis procera (Aiton) W.T.Aiton","Apocynaceae",,"Calotropis","procera","(Ait.) R.Br.","Arbusto e herbácea","Exôtica","Área De Proteção Ambiental Delta Do Parnaiba","Brasil",
"Casuarina equisetifolia","GN3L","Casuarina equisetifolia L.","Casuarinaceae",,"Casuarina","equisetifolia","L.","Árvore","Exôtica","Área De Proteção Ambiental Delta Do Parnaiba","Brasil",
"Cenchrus echinatus","68HJ","Cenchrus echinatus L.","Poaceae",,"Cenchrus","echinatus","L.","Gramínea","Exôtica","Área De Proteção Ambiental Delta Do Parnaiba","Brasil",
"Cenchrus purpureus","CLW9","Cenchrus purpureus (Schumach.) Morrone","Poaceae",,"Cenchrus","purpureus","(Schumach.) Morrone","Gramínea","Exôtica","Área De Proteção Ambiental Delta Do Parnaiba","Brasil",
"Cryptostegia grandiflora","4F2D","Cryptostegia grandiflora R.Br.","Apocynaceae",,"Cryptostegia","grandiflora","R.Br.","Trepadeira","Exôtica","Área De Proteção Ambiental Delta Do Parnaiba","Brasil",
"Cynodon dactylon","DJM7","Cynodon dactylon (L.) Pers.","Poaceae",,"Cynodon","dactylon","(L.) Pers.","Gramínea","Exôtica","Área De Proteção Ambiental Delta Do Parnaiba","Brasil",
"Elaeis guineensis","3PPV","Elaeis guineensis Jacq.","Arecaceae",,"Elaeis","guineensis","Jacq.","Palmeira","Exôtica","Área De Proteção Ambiental Delta Do Parnaiba","Brasil",
"Jatropha curcas","5QVG","Jatropha curcas L.","Euphorbiaceae",,"Jatropha","curcas","L.","Arbusto e herbácea","Exôtica","Área De Proteção Ambiental Delta Do Parnaiba","Brasil",
"Mangifera indica","9YG6","Mangifera indica L.","Anacardiaceae",,"Mangifera","indica","L.","Árvore","Exôtica","Área De Proteção Ambiental Delta Do Parnaiba","Brasil",
"Parkinsonia aculeata","GVZY","Parkinsonia aculeata L.","Fabaceae",,"Parkinsonia","aculeata","L.","Árvore","Exôtica","Área De Proteção Ambiental Delta Do Parnaiba","Brasil",
"Persea americana","787H","Persea americana Mill.","Lauraceae",,"Persea","americana","Mill","Árvore","Exôtica","Área De Proteção Ambiental Delta Do Parnaiba","Brasil",
"Psidium guajava","GN88","Psidium guajava L.","Myrtaceae",,"Psidium","guajava","L.","Árvore","Exôtica","Área De Proteção Ambiental Delta Do Parnaiba","Brasil",
"Ricinus communis","D4RB","Ricinus communis L.","Euphorbiaceae",,"Ricinus","communis","L.","Arbusto e herbácea","Exôtica","Área De Proteção Ambiental Delta Do Parnaiba","Brasil",
"Sansevieria trifasciata","K84","Dracaena trifasciata (Prain) Mabb.","Asparagaceae",,"Sansevieria","trifasciata","Prain","Arbusto e herbácea","Exôtica","Área De Proteção Ambiental Delta Do Parnaiba","Brasil",
"Terminalia catappa","523F","Terminalia catappa L.","Combretaceae",,"Terminalia","catappa","L.","Árvore","Exôtica","Área De Proteção Ambiental Delta Do Parnaiba","Brasil",
"Acacia mangium","7J6D","Acacia mangium Willd.","Fabaceae",,"Acacia","mangium","Willd.","Árvore","Exôtica","Área De Proteção Ambiental Do Igarapé Gelado","Brasil",
"Leucaena leucocephala","8BRC","Leucaena leucocephala (Lam.) de Wit","Fabaceae",,"Leucaena","leucocephala","(Lam.) de Wit","Árvore","Exôtica","Área De Proteção Ambiental Do Igarapé Gelado","Brasil",
"Megathyrsus maximus","3ST","Megathyrsus maximus (Jacq.) B.K.Simon & S.W.L.Jacobs","Poaceae",,"Megathyrsus","maximus","(Jacq.) B.K. Simon & S.W.L. Jacobs","Gramínea","Exôtica","Área De Proteção Ambiental Do Igarapé Gelado","Brasil",
"Melinis minutiflora","5XV3","Melinis minutiflora P.Beauv.","Poaceae",,"Melinis","minutiflora","P. Beauv.","Gramínea","Exôtica","Área De Proteção Ambiental Do Igarapé Gelado","Brasil",
"Muntingia calabura","4FMX","Muntingia calabura L.","Muntingiaceae",,"Muntingia","calabura","L.","Árvore","Exôtica","Área De Proteção Ambiental Do Igarapé Gelado","Brasil",
"Neustanthus phaseoloides","6YFT","Neustanthus phaseoloides (Roxb.) Benth.","Fabaceae",,"Neustanthus","phaseoloides","(Roxb.) Benth.","Trepadeira","Exôtica","Área De Proteção Ambiental Do Igarapé Gelado","Brasil",
"Urochloa brizantha","PMX","Urochloa brizantha (Hochst. ex A.Rich.) R.D.Webster","Poaceae",,"Urochloa","brizantha","(A.Rich.) R.D.Webster","Gramínea","Exôtica","Área De Proteção Ambiental Do Igarapé Gelado","Brasil",
"Urochloa eminii","CCGS","Urochloa eminii (Mez) Davidse","Poaceae",,"Urochloa","eminii","(Mez) Davidse","Gramínea","Exôtica","Área De Proteção Ambiental Do Igarapé Gelado","Brasil",
"Andropogon gayanus","FSPV","Andropogon gayanus Kunth","Poaceae",,"Andropogon","gayanus","Kunth","Gramínea","Exôtica","Área De Proteção Ambiental Do Planalto Central","Brasil",
"Cenchrus pedicellatus","BQY5","Cenchrus pedicellatus (Trin.) Morrone","Poaceae",,"Cenchrus","pedicellatus","(Trin.) Morrone","Gramínea","Exôtica","Área De Proteção Ambiental Do Planalto Central","Brasil",
"Elaeis guineensis","3PPV","Elaeis guineensis Jacq.","Arecaceae",,"Elaeis","guineensis","Jacq.","Palmeira","Exôtica","Área De Proteção Ambiental Do Planalto Central","Brasil",
"Hyparrhenia rufa","6SW2","Hyparrhenia rufa (Nees) Stapf","Poaceae",,"Hyparrhenia","rufa","(Nees) Stapf","Gramínea","Exôtica","Área De Proteção Ambiental Do Planalto Central","Brasil",
"Leucaena leucocephala","8BRC","Leucaena leucocephala (Lam.) de Wit","Fabaceae",,"Leucaena","leucocephala","(Lam.) de Wit","Árvore","Exôtica","Área De Proteção Ambiental Do Planalto Central","Brasil",
"Megathyrsus maximus","3ST","Megathyrsus maximus (Jacq.) B.K.Simon & S.W.L.Jacobs","Poaceae",,"Megathyrsus","maximus","(Jacq.) B.K. Simon & S.W.L. Jacobs","Gramínea","Exôtica","Área De Proteção Ambiental Do Planalto Central","Brasil",
"Melinis minutiflora","5XV3","Melinis minutiflora P.Beauv.","Poaceae",,"Melinis","minutiflora","P. Beauv.","Gramínea","Exôtica","Área De Proteção Ambiental Do Planalto Central","Brasil",
"Ricinus communis","D4RB","Ricinus communis L.","Euphorbiaceae",,"Ricinus","communis","L.","Arbusto e herbácea","Exôtica","Área De Proteção Ambiental Do Planalto Central","Brasil",
"Tithonia diversifolia","5C2F","Tithonia diversifolia (Hemsl.) A.Gray","Asteraceae",,"Tithonia","diversifolia","(Hemsl.) A. Gray","Arbusto e herbácea","Exôtica","Área De Proteção Ambiental Do Planalto Central","Brasil",
"Kalanchoe pinnata","HYF8","Kalanchoe pinnata (Lam.) Pers.","Crassulaceae",,"Kalanchoe","pinnata","(Lam.) Pers.","Arbusto e herbácea","Exôtica","Área De Proteção Ambiental Do Tapajós","Brasil",
"Psidium guajava","GN88","Psidium guajava L.","Myrtaceae",,"Psidium","guajava","L.","Árvore","Exôtica","Área De Proteção Ambiental Do Tapajós","Brasil",
"Eragrostis plana","6VFM","Eragrostis plana Nees","Poaceae",,"Eragrostis","plana","Nees","Gramínea","Exôtica","Área De Proteção Ambiental Ibirapuitã","Brasil",
"Calotropis procera","3Q8J","Calotropis procera (Aiton) W.T.Aiton","Apocynaceae",,"Calotropis","procera","(Ait.) R.Br.","Arbusto e herbácea","Exôtica","Área De Proteção Ambiental Ilhas E Várzeas Do Rio Paraná","Brasil",
"Cenchrus echinatus","68HJ","Cenchrus echinatus L.","Poaceae",,"Cenchrus","echinatus","L.","Gramínea","Exôtica","Área De Proteção Ambiental Ilhas E Várzeas Do Rio Paraná","Brasil",
"Cenchrus purpureus","CLW9","Cenchrus purpureus (Schumach.) Morrone","Poaceae",,"Cenchrus","purpureus","(Schumach.) Morrone","Gramínea","Exôtica","Área De Proteção Ambiental Ilhas E Várzeas Do Rio Paraná","Brasil",
"Hydrilla verticillata","7SD6","Hydrilla verticillata (L.f.) Royle","Hydrocharitaceae",,"Hydrilla","verticillata","(L.f.) Royle","Planta aquática","Exôtica","Área De Proteção Ambiental Ilhas E Várzeas Do Rio Paraná","Brasil",
"Leucaena leucocephala","8BRC","Leucaena leucocephala (Lam.) de Wit","Fabaceae",,"Leucaena","leucocephala","(Lam.) de Wit","Árvore","Exôtica","Área De Proteção Ambiental Ilhas E Várzeas Do Rio Paraná","Brasil",
"Megathyrsus maximus","3ST","Megathyrsus maximus (Jacq.) B.K.Simon & S.W.L.Jacobs","Poaceae",,"Megathyrsus","maximus","(Jacq.) B.K. Simon & S.W.L. Jacobs","Gramínea","Exôtica","Área De Proteção Ambiental Ilhas E Várzeas Do Rio Paraná","Brasil",
"Melinis repens","HNF9","Melinis repens (Willd.) Zizka","Poaceae",,"Melinis","repens","(Willd.) Zizka","Gramínea","Exôtica","Área De Proteção Ambiental Ilhas E Várzeas Do Rio Paraná","Brasil",
"Momordica charantia","4VRJ","Momordica charantia L.","Cucurbitaceae",,"Momordica","charantia","L.","Trepadeira","Exôtica","Área De Proteção Ambiental Ilhas E Várzeas Do Rio Paraná","Brasil",
"Psidium guajava","GN88","Psidium guajava L.","Myrtaceae",,"Psidium","guajava","L.","Árvore","Exôtica","Área De Proteção Ambiental Ilhas E Várzeas Do Rio Paraná","Brasil",
"Syzygium cumini","7GBZ","Syzygium cumini (L.) Skeels","Myrtaceae",,"Syzygium","cumini","(L.) Skeels","Árvore","Exôtica","Área De Proteção Ambiental Ilhas E Várzeas Do Rio Paraná","Brasil",
"Urena lobata","FZ73","Urena lobata L.","Malvaceae",,"Urena","lobata","L.","Arbusto e herbácea","Exôtica","Área De Proteção Ambiental Ilhas E Várzeas Do Rio Paraná","Brasil",
"Urochloa subquadripara","XDV","Urochloa subquadripara (Trin.) R.D.Webster","Poaceae",,"Urochloa","subquadripara","(Trin.) R.D. Webster","Gramínea","Exôtica","Área De Proteção Ambiental Ilhas E Várzeas Do Rio Paraná","Brasil",
"Bambusa vulgaris","B444","Bambusa vulgaris Schrad. ex J.C.Wendl.","Poaceae",,"Bambusa","vulgaris","Schrad ex JC Wendl","Bambu","Exôtica","Área De Proteção Ambiental Morro Da Pedreira","Brasil",
"Coffea arabica","HPJF","Coffea arabica L.","Rubiaceae",,"Coffea","arabica","L.","Arbusto e herbácea","Exôtica","Área De Proteção Ambiental Morro Da Pedreira","Brasil",
"Furcraea foetida","7PG6","Furcraea foetida (L.) Haw.","Asparagaceae",,"Furcraea","foetida","(L.) Haw.","Arbusto e herbácea","Exôtica","Área De Proteção Ambiental Morro Da Pedreira","Brasil",
"Hedychium coronarium","3D3Y","Hedychium coronarium J.Koenig","Zingiberaceae",,"Hedychium","coronarium","J. König","Arbusto e herbácea","Exôtica","Área De Proteção Ambiental Morro Da Pedreira","Brasil",
"Mangifera indica","9YG6","Mangifera indica L.","Anacardiaceae",,"Mangifera","indica","L.","Árvore","Exôtica","Área De Proteção Ambiental Morro Da Pedreira","Brasil",
"Melinis minutiflora","5XV3","Melinis minutiflora P.Beauv.","Poaceae",,"Melinis","minutiflora","P. Beauv.","Gramínea","Exôtica","Área De Proteção Ambiental Morro Da Pedreira","Brasil",
"Andropogon gayanus","FSPV","Andropogon gayanus Kunth","Poaceae",,"Andropogon","gayanus","Kunth","Gramínea","Exôtica","Área De Proteção Ambiental Serra Da Mantiqueira","Brasil",
"Cestrum nocturnum","97JL","Cestrum nocturnum L.","Solanaceae",,"Cestrum","nocturnum","L.","Arbusto e herbácea","Exôtica","Área De Proteção Ambiental Serra Da Mantiqueira","Brasil",
"Chloris gayana","96YZ","Chloris gayana Kunth","Poaceae",,"Chloris","gayana","Kunth","Arbusto e herbácea","Exôtica","Área De Proteção Ambiental Serra Da Mantiqueira","Brasil",
"Citrus limon","6CK7","Citrus × limon (L.) Osbeck","Rutaceae",,"Citrus","limon","(L.) Osbeck","Árvore","Exôtica","Área De Proteção Ambiental Serra Da Mantiqueira","Brasil",
"Citrus sinensis","GCKX","Citrus sinensis (L.) Osbeck","Rutaceae",,"Citrus","sinensis","Osbeck","Árvore","Exôtica","Área De Proteção Ambiental Serra Da Mantiqueira","Brasil",
"Coffea arabica","HPJF","Coffea arabica L.","Rubiaceae",,"Coffea","arabica","L.","Arbusto e herbácea","Exôtica","Área De Proteção Ambiental Serra Da Mantiqueira","Brasil",
"Coix lacryma-jobi","H5JC","Coix lacryma-jobi L.","Poaceae",,"Coix","lacryma-jobi","L.","Arbusto e herbácea","Exôtica","Área De Proteção Ambiental Serra Da Mantiqueira","Brasil",
"Crotalaria retusa","8YRX","Crotalaria retusa L.","Fabaceae",,"Crotalaria","retusa","L.","Arbusto e herbácea","Exôtica","Área De Proteção Ambiental Serra Da Mantiqueira","Brasil",
"Cupressus lusitanica","54XB","Cupressus lusitanica Mill.","Cupressaceae",,"Cupressus","lusitanica","Mill.","Árvore","Exôtica","Área De Proteção Ambiental Serra Da Mantiqueira","Brasil",
"Cynodon nlemfuensis","8W7L","Cynodon nlemfuensis Vanderyst","Poaceae",,"Cynodon","nlemfuensis","Vand","Gramínea","Exôtica","Área De Proteção Ambiental Serra Da Mantiqueira","Brasil",
"Digitaria insularis","FPMB","Digitaria insularis (L.) Fedde","Poaceae",,"Digitaria","insularis","(L.) Fedde","Gramínea","Exôtica","Área De Proteção Ambiental Serra Da Mantiqueira","Brasil",
"Hedychium coronarium","3D3Y","Hedychium coronarium J.Koenig","Zingiberaceae",,"Hedychium","coronarium","J. König","Arbusto e herbácea","Exôtica","Área De Proteção Ambiental Serra Da Mantiqueira","Brasil",
"Hyparrhenia rufa","6SW2","Hyparrhenia rufa (Nees) Stapf","Poaceae",,"Hyparrhenia","rufa","(Nees) Stapf","Gramínea","Exôtica","Área De Proteção Ambiental Serra Da Mantiqueira","Brasil",
"Impatiens walleriana","GZYB","Impatiens walleriana Hook.f.","Balsaminaceae",,"Impatiens","walleriana","Hook. f.","Arbusto e herbácea","Exôtica","Área De Proteção Ambiental Serra Da Mantiqueira","Brasil",
"Megathyrsus maximus","3ST","Megathyrsus maximus (Jacq.) B.K.Simon & S.W.L.Jacobs","Poaceae",,"Megathyrsus","maximus","(Jacq.) B.K. Simon & S.W.L. Jacobs","Gramínea","Exôtica","Área De Proteção Ambiental Serra Da Mantiqueira","Brasil",
"Melinis minutiflora","5XV3","Melinis minutiflora P.Beauv.","Poaceae",,"Melinis","minutiflora","P. Beauv.","Gramínea","Exôtica","Área De Proteção Ambiental Serra Da Mantiqueira","Brasil",
"Melinis repens","HNF9","Melinis repens (Willd.) Zizka","Poaceae",,"Melinis","repens","(Willd.) Zizka","Gramínea","Exôtica","Área De Proteção Ambiental Serra Da Mantiqueira","Brasil",
"Oeceoclades maculata","7XD8","Oeceoclades maculata (Lindl.) Lindl.","Orchidaceae",,"Oeceoclades","maculata","(Lindl.) Lindl.","Arbusto e herbácea","Exôtica","Área De Proteção Ambiental Serra Da Mantiqueira","Brasil",
"Persea americana","787H","Persea americana Mill.","Lauraceae",,"Persea","americana","Mill","Árvore","Exôtica","Área De Proteção Ambiental Serra Da Mantiqueira","Brasil",
"Pinus elliottii","BVG","Pinus elliottii Engelm.","Pinaceae",,"Pinus","elliottii","L.","Árvore","Exôtica","Área De Proteção Ambiental Serra Da Mantiqueira","Brasil",
"Psidium guajava","GN88","Psidium guajava L.","Myrtaceae",,"Psidium","guajava","L.","Árvore","Exôtica","Área De Proteção Ambiental Serra Da Mantiqueira","Brasil",
"Ricinus communis","D4RB","Ricinus communis L.","Euphorbiaceae",,"Ricinus","communis","L.","Arbusto e herbácea","Exôtica","Área De Proteção Ambiental Serra Da Mantiqueira","Brasil",
"Sicyos edulis","3G8P","Sicyos edulis Jacq.","Cucurbitaceae",,"Sicyos","edulis","Jacq.","Trepadeira","Exôtica","Área De Proteção Ambiental Serra Da Mantiqueira","Brasil",
"Tithonia diversifolia","5C2F","Tithonia diversifolia (Hemsl.) A.Gray","Asteraceae",,"Tithonia","diversifolia","(Hemsl.) A. Gray","Arbusto e herbácea","Exôtica","Área De Proteção Ambiental Serra Da Mantiqueira","Brasil",
"Urochloa brizantha","PMX","Urochloa brizantha (Hochst. ex A.Rich.) R.D.Webster","Poaceae",,"Urochloa","brizantha","(A.Rich.) R.D.Webster","Gramínea","Exôtica","Área De Proteção Ambiental Serra Da Mantiqueira","Brasil",
"Urochloa eminii","CCGS","Urochloa eminii (Mez) Davidse","Poaceae",,"Urochloa","eminii","(Mez) Davidse","Gramínea","Exôtica","Área De Proteção Ambiental Serra Da Mantiqueira","Brasil",
"Urochloa mutica","FPX5","Urochloa mutica (Forssk.) T.Q.Nguyen","Poaceae",,"Urochloa","mutica","(Forssk.) T.Q.Nguyen","Gramínea","Exôtica","Área De Proteção Ambiental Serra Da Mantiqueira","Brasil",
"Urochloa ruziziensis","6RRZ","Urochloa ruziziensis (R.Germ. & Evrard) Crins","Poaceae",,"Urochloa","ruziziensis","(R.Germ.& Evrard) Crins","Gramínea","Exôtica","Área De Proteção Ambiental Serra Da Mantiqueira","Brasil",
"Christella dentata","7CS2","Christella dentata (Forssk.) Brownsey & Jermy","Thelypteridaceae",,"Christella","dentata","(Forssk.) Brownsey & Jermy","Samambaia","Exôtica","Área De Proteção Ambiental Serra Da Meruoca","Brasil",
"Mangifera indica","9YG6","Mangifera indica L.","Anacardiaceae",,"Mangifera","indica","L.","Árvore","Exôtica","Área De Relevante Interesse Ecológico Manguezais Da Foz Do Rio Mamanguape","Brasil",
"Melinis minutiflora","5XV3","Melinis minutiflora P.Beauv.","Poaceae",,"Melinis","minutiflora","P. Beauv.","Gramínea","Exôtica","Área De Relevante Interesse Ecológico Capetinga - Taquara","Brasil",
"Impatiens walleriana","GZYB","Impatiens walleriana Hook.f.","Balsaminaceae",,"Impatiens","walleriana","Hook. f.","Arbusto e herbácea","Exôtica","Área De Relevante Interesse Ecológico Floresta Da Cicuta","Brasil",
"Leucaena leucocephala","8BRC","Leucaena leucocephala (Lam.) de Wit","Fabaceae",,"Leucaena","leucocephala","(Lam.) de Wit","Árvore","Exôtica","Área De Relevante Interesse Ecológico Floresta Da Cicuta","Brasil",
"Phyllostachys aurea","82K5","Phyllostachys aurea Carrière ex Rivière & C. Rivière","Poaceae",,"Phyllostachys","aurea","Carrière ex Rivière & C. Rivière","Bambu","Exôtica","Área De Relevante Interesse Ecológico Floresta Da Cicuta","Brasil",
"Urochloa eminii","CCGS","Urochloa eminii (Mez) Davidse","Poaceae",,"Urochloa","eminii","(Mez) Davidse","Gramínea","Exôtica","Área De Relevante Interesse Ecológico Floresta Da Cicuta","Brasil",
"Eriobotrya japonica","B7MF","Eriobotrya japonica (Thunb.) Lindl.","Rosaceae",,"Eriobotrya","japonica","(Thunb.) Lindl.","Árvore","Exôtica","Área De Relevante Interesse Ecológico Mata De Santa Genebra","Brasil",
"Impatiens walleriana","GZYB","Impatiens walleriana Hook.f.","Balsaminaceae",,"Impatiens","walleriana","Hook. f.","Arbusto e herbácea","Exôtica","Área De Relevante Interesse Ecológico Mata De Santa Genebra","Brasil",
"Leucaena leucocephala","8BRC","Leucaena leucocephala (Lam.) de Wit","Fabaceae",,"Leucaena","leucocephala","(Lam.) de Wit","Árvore","Exôtica","Área De Relevante Interesse Ecológico Mata De Santa Genebra","Brasil",
"Mangifera indica","9YG6","Mangifera indica L.","Anacardiaceae",,"Mangifera","indica","L.","Árvore","Exôtica","Área De Relevante Interesse Ecológico Mata De Santa Genebra","Brasil",
"Megathyrsus maximus","3ST","Megathyrsus maximus (Jacq.) B.K.Simon & S.W.L.Jacobs","Poaceae",,"Megathyrsus","maximus","(Jacq.) B.K. Simon & S.W.L. Jacobs","Gramínea","Exôtica","Área De Relevante Interesse Ecológico Mata De Santa Genebra","Brasil",
"Melia azedarach","5M6R","Melia azedarach L.","Meliaceae",,"Melia","azedarach","L.","Árvore","Exôtica","Área De Relevante Interesse Ecológico Mata De Santa Genebra","Brasil",
"Momordica charantia","4VRJ","Momordica charantia L.","Cucurbitaceae",,"Momordica","charantia","L.","Trepadeira","Exôtica","Área De Relevante Interesse Ecológico Mata De Santa Genebra","Brasil",
"Morus nigra","FLJ5","Morus nigra L.","Moraceae",,"Morus","nigra","L.","Árvore","Exôtica","Área De Relevante Interesse Ecológico Mata De Santa Genebra","Brasil",
"Psidium guajava","GN88","Psidium guajava L.","Myrtaceae",,"Psidium","guajava","L.","Árvore","Exôtica","Área De Relevante Interesse Ecológico Mata De Santa Genebra","Brasil",
"Syzygium jambos","GMFG","Syzygium jambos (L.) Alston","Myrtaceae",,"Syzygium","jambos","(L.) Alston","Árvore","Exôtica","Área De Relevante Interesse Ecológico Mata De Santa Genebra","Brasil",
"Tithonia diversifolia","5C2F","Tithonia diversifolia (Hemsl.) A.Gray","Asteraceae",,"Tithonia","diversifolia","(Hemsl.) A. Gray","Arbusto e herbácea","Exôtica","Área De Relevante Interesse Ecológico Mata De Santa Genebra","Brasil",
"Eriobotrya japonica","B7MF","Eriobotrya japonica (Thunb.) Lindl.","Rosaceae",,"Eriobotrya","japonica","(Thunb.) Lindl.","Árvore","Exôtica","Estação Ecológica Da Mata Preta","Brasil",
"Hovenia dulcis","3N36","Hovenia dulcis Thunb.","Rhamnaceae",,"Hovenia","dulcis","Thunb.","Árvore","Exôtica","Estação Ecológica Da Mata Preta","Brasil",
"Melia azedarach","5M6R","Melia azedarach L.","Meliaceae",,"Melia","azedarach","L.","Árvore","Exôtica","Estação Ecológica Da Mata Preta","Brasil",
"Rubus fruticosus","351908","Rubus fruticosus","Rosaceae",,"Rubus","fruticosus","L.","Arbusto e herbácea","Exôtica","Estação Ecológica Da Mata Preta","Brasil",
"Mangifera indica","9YG6","Mangifera indica L.","Anacardiaceae",,"Mangifera","indica","L.","Árvore","Exôtica","Estação Ecológica Da Serra Das Araras","Brasil",
"Melinis minutiflora","5XV3","Melinis minutiflora P.Beauv.","Poaceae",,"Melinis","minutiflora","P. Beauv.","Gramínea","Exôtica","Estação Ecológica Da Serra Das Araras","Brasil",
"Coffea arabica","HPJF","Coffea arabica L.","Rubiaceae",,"Coffea","arabica","L.","Arbusto e herbácea","Exôtica","Estação Ecológica De Aiuaba","Brasil",
"Impatiens walleriana","GZYB","Impatiens walleriana Hook.f.","Balsaminaceae",,"Impatiens","walleriana","Hook. f.","Arbusto e herbácea","Exôtica","Estação Ecológica De Aiuaba","Brasil",
"Eriobotrya japonica","B7MF","Eriobotrya japonica (Thunb.) Lindl.","Rosaceae",,"Eriobotrya","japonica","(Thunb.) Lindl.","Árvore","Exôtica","Estação Ecológica De Aracuri-Esmeralda","Brasil",
"Hovenia dulcis","3N36","Hovenia dulcis Thunb.","Rhamnaceae",,"Hovenia","dulcis","Thunb.","Árvore","Exôtica","Estação Ecológica De Aracuri-Esmeralda","Brasil",
"Ligustrum lucidum","7QPG","Ligustrum lucidum W.T.Aiton","Oleaceae",,"Ligustrum","lucidum","W.T. Aiton","Árvore","Exôtica","Estação Ecológica De Aracuri-Esmeralda","Brasil",
"Pinus taeda","GXYD","Pinus taeda L.","Pinaceae",,"Pinus","taeda","L.","Árvore","Exôtica","Estação Ecológica De Aracuri-Esmeralda","Brasil",
"Casuarina equisetifolia","GN3L","Casuarina equisetifolia L.","Casuarinaceae",,"Casuarina","equisetifolia","L.","Árvore","Exôtica","Estação Ecológica De Carijós","Brasil",
"Eucalyptus robusta","BLCV","Eucalyptus robusta Sm.","Myrtaceae",,"Eucalyptus","robusta","Sm.","Árvore","Exôtica","Estação Ecológica De Carijós","Brasil",
"Pinus elliottii","BVG","Pinus elliottii Engelm.","Pinaceae",,"Pinus","elliottii","L.","Árvore","Exôtica","Estação Ecológica De Carijós","Brasil",
"Pinus taeda","GXYD","Pinus taeda L.","Pinaceae",,"Pinus","taeda","L.","Árvore","Exôtica","Estação Ecológica De Carijós","Brasil",
"Syzygium cumini","7GBZ","Syzygium cumini (L.) Skeels","Myrtaceae",,"Syzygium","cumini","(L.) Skeels","Árvore","Exôtica","Estação Ecológica De Carijós","Brasil",
"Citrus limon","6CK7","Citrus × limon (L.) Osbeck","Rutaceae",,"Citrus","limon","(L.) Osbeck","Árvore","Exôtica","Estação Ecológica De Maracá","Brasil",
"Citrus sinensis","GCKX","Citrus sinensis (L.) Osbeck","Rutaceae",,"Citrus","sinensis","Osbeck","Árvore","Exôtica","Estação Ecológica De Maracá","Brasil",
"Mangifera indica","9YG6","Mangifera indica L.","Anacardiaceae",,"Mangifera","indica","L.","Árvore","Exôtica","Estação Ecológica De Maracá","Brasil",
"Artocarpus heterophyllus","DTMK","Artocarpus heterophyllus Lam.","Moraceae",,"Artocarpus","heterophyllus","Lam.","Árvore","Exôtica","Estação Ecológica De Murici","Brasil",
"Dieffenbachia amoena","F65W","Dieffenbachia seguine (Jacq.) Schott","Araceae",,"Dieffenbachia","amoena","Bull","Gramínea","Exôtica","Estação Ecológica De Murici","Brasil",
"Elaeis guineensis","3PPV","Elaeis guineensis Jacq.","Arecaceae",,"Elaeis","guineensis","Jacq.","Palmeira","Exôtica","Estação Ecológica De Murici","Brasil",
"Acacia mangium","7J6D","Acacia mangium Willd.","Fabaceae",,"Acacia","mangium","Willd.","Árvore","Exôtica","Estação Ecológica De Niquiá","Brasil",
"Citrus limon","6CK7","Citrus × limon (L.) Osbeck","Rutaceae",,"Citrus","limon","(L.) Osbeck","Árvore","Exôtica","Estação Ecológica De Taiamã","Brasil",
"Citrus sinensis","GCKX","Citrus sinensis (L.) Osbeck","Rutaceae",,"Citrus","sinensis","Osbeck","Árvore","Exôtica","Estação Ecológica De Taiamã","Brasil",
"Mangifera indica","9YG6","Mangifera indica L.","Anacardiaceae",,"Mangifera","indica","L.","Árvore","Exôtica","Estação Ecológica De Taiamã","Brasil",
"Psidium guajava","GN88","Psidium guajava L.","Myrtaceae",,"Psidium","guajava","L.","Árvore","Exôtica","Estação Ecológica De Taiamã","Brasil",
"Artocarpus heterophyllus","DTMK","Artocarpus heterophyllus Lam.","Moraceae",,"Artocarpus","heterophyllus","Lam.","Árvore","Exôtica","Estação Ecológica De Tamoios","Brasil",
"Clitoria fairchildiana","8Z6B","Clitoria fairchildiana R.A.Howard","Fabaceae",,"Clitoria","fairchildiana","R.A. Howard","Árvore","Exôtica","Estação Ecológica De Tamoios","Brasil",
"Mangifera indica","9YG6","Mangifera indica L.","Anacardiaceae",,"Mangifera","indica","L.","Árvore","Exôtica","Estação Ecológica De Tamoios","Brasil",
"Terminalia catappa","523F","Terminalia catappa L.","Combretaceae",,"Terminalia","catappa","L.","Árvore","Exôtica","Estação Ecológica De Tamoios","Brasil",
"Cenchrus purpureus","CLW9","Cenchrus purpureus (Schumach.) Morrone","Poaceae",,"Cenchrus","purpureus","(Schumach.) Morrone","Gramínea","Exôtica","Estação Ecológica Do Seridó","Brasil",
"Leucaena leucocephala","8BRC","Leucaena leucocephala (Lam.) de Wit","Fabaceae",,"Leucaena","leucocephala","(Lam.) de Wit","Árvore","Exôtica","Estação Ecológica Do Seridó","Brasil",
"Prosopis juliflora","291408","Prosopis juliflora","Fabaceae",,"Prosopis","juliflora","(Sw.) DC.","Árvore","Exôtica","Estação Ecológica Do Seridó","Brasil",
"Cirsium vulgare","3KDS","Cirsium vulgare (Savi) Ten.","Asteraceae",,"Cirsium","vulgare","(Savi) Ten.","Arbusto e herbácea","Exôtica","Estação Ecológica Do Taim","Brasil",
"Cynodon dactylon","DJM7","Cynodon dactylon (L.) Pers.","Poaceae",,"Cynodon","dactylon","(L.) Pers.","Gramínea","Exôtica","Estação Ecológica Do Taim","Brasil",
"Ricinus communis","D4RB","Ricinus communis L.","Euphorbiaceae",,"Ricinus","communis","L.","Arbusto e herbácea","Exôtica","Estação Ecológica Do Taim","Brasil",
"Megathyrsus maximus","3ST","Megathyrsus maximus (Jacq.) B.K.Simon & S.W.L.Jacobs","Poaceae",,"Megathyrsus","maximus","(Jacq.) B.K. Simon & S.W.L. Jacobs","Gramínea","Exôtica","Estação Ecológica Mico Leão Preto","Brasil",
"Urochloa eminii","CCGS","Urochloa eminii (Mez) Davidse","Poaceae",,"Urochloa","eminii","(Mez) Davidse","Gramínea","Exôtica","Estação Ecológica Mico Leão Preto","Brasil",
"Prosopis juliflora","291408","Prosopis juliflora","Fabaceae",,"Prosopis","juliflora","(Sw.) DC.","Árvore","Exôtica","Estação Ecológica Raso Da Catarina","Brasil",
"Furcraea foetida","7PG6","Furcraea foetida (L.) Haw.","Asparagaceae",,"Furcraea","foetida","(L.) Haw.","Arbusto e herbácea","Exôtica","Estação Ecológica Tupinambás","Brasil",
"Citrus limon","6CK7","Citrus × limon (L.) Osbeck","Rutaceae",,"Citrus","limon","(L.) Osbeck","Árvore","Exôtica","Floresta Nacional De Altamira","Brasil",
"Mangifera indica","9YG6","Mangifera indica L.","Anacardiaceae",,"Mangifera","indica","L.","Árvore","Exôtica","Floresta Nacional De Altamira","Brasil",
"Megathyrsus maximus","3ST","Megathyrsus maximus (Jacq.) B.K.Simon & S.W.L.Jacobs","Poaceae",,"Megathyrsus","maximus","(Jacq.) B.K. Simon & S.W.L. Jacobs","Gramínea","Exôtica","Floresta Nacional De Altamira","Brasil",
"Azadirachta indica","F9XF","Azadirachta indica A.Juss.","Meliaceae",,"Azadirachta","indica","A. Juss.","Árvore","Exôtica","Floresta Nacional Da Restinga De Cabedelo","Brasil",
"Calotropis procera","3Q8J","Calotropis procera (Aiton) W.T.Aiton","Apocynaceae",,"Calotropis","procera","(Ait.) R.Br.","Arbusto e herbácea","Exôtica","Floresta Nacional Da Restinga De Cabedelo","Brasil",
"Elaeis guineensis","3PPV","Elaeis guineensis Jacq.","Arecaceae",,"Elaeis","guineensis","Jacq.","Palmeira","Exôtica","Floresta Nacional Da Restinga De Cabedelo","Brasil",
"Leucaena leucocephala","8BRC","Leucaena leucocephala (Lam.) de Wit","Fabaceae",,"Leucaena","leucocephala","(Lam.) de Wit","Árvore","Exôtica","Floresta Nacional Da Restinga De Cabedelo","Brasil",
"Mangifera indica","9YG6","Mangifera indica L.","Anacardiaceae",,"Mangifera","indica","L.","Árvore","Exôtica","Floresta Nacional Da Restinga De Cabedelo","Brasil",
"Megathyrsus maximus","3ST","Megathyrsus maximus (Jacq.) B.K.Simon & S.W.L.Jacobs","Poaceae",,"Megathyrsus","maximus","(Jacq.) B.K. Simon & S.W.L. Jacobs","Gramínea","Exôtica","Floresta Nacional Da Restinga De Cabedelo","Brasil",
"Sansevieria trifasciata","K84","Dracaena trifasciata (Prain) Mabb.","Asparagaceae",,"Sansevieria","trifasciata","Prain","Arbusto e herbácea","Exôtica","Floresta Nacional Da Restinga De Cabedelo","Brasil",
"Syzygium cumini","7GBZ","Syzygium cumini (L.) Skeels","Myrtaceae",,"Syzygium","cumini","(L.) Skeels","Árvore","Exôtica","Floresta Nacional Da Restinga De Cabedelo","Brasil",
"Hedychium coronarium","3D3Y","Hedychium coronarium J.Koenig","Zingiberaceae",,"Hedychium","coronarium","J. König","Arbusto e herbácea","Exôtica","Floresta Nacional De Assungui","Brasil",
"Hovenia dulcis","3N36","Hovenia dulcis Thunb.","Rhamnaceae",,"Hovenia","dulcis","Thunb.","Árvore","Exôtica","Floresta Nacional De Assungui","Brasil",
"Calotropis procera","3Q8J","Calotropis procera (Aiton) W.T.Aiton","Apocynaceae",,"Calotropis","procera","(Ait.) R.Br.","Arbusto e herbácea","Exôtica","Floresta Nacional Do Bom Futuro","Brasil",
"Mangifera indica","9YG6","Mangifera indica L.","Anacardiaceae",,"Mangifera","indica","L.","Árvore","Exôtica","Floresta Nacional Do Bom Futuro","Brasil",
"Musa ornata","6T4Q","Musa ornata Roxb.","Musaceae",,"Musa","ornata","Roxb.","Arbusto e herbácea","Exôtica","Floresta Nacional Do Bom Futuro","Brasil",
"Psidium guajava","GN88","Psidium guajava L.","Myrtaceae",,"Psidium","guajava","L.","Árvore","Exôtica","Floresta Nacional Do Bom Futuro","Brasil",
"Urochloa brizantha","PMX","Urochloa brizantha (Hochst. ex A.Rich.) R.D.Webster","Poaceae",,"Urochloa","brizantha","(A.Rich.) R.D.Webster","Gramínea","Exôtica","Floresta Nacional Do Bom Futuro","Brasil",
"Agave americana","GLPG","Agave americana L.","Asparagaceae",,"Agave","americana","L.","Arbusto e herbácea","Exôtica","Floresta Nacional De Brasília","Brasil",
"Andropogon gayanus","FSPV","Andropogon gayanus Kunth","Poaceae",,"Andropogon","gayanus","Kunth","Gramínea","Exôtica","Floresta Nacional De Brasília","Brasil",
"Bidens pilosa","BMFF","Bidens pilosa L.","Asteraceae",,"Bidens","pilosa","L.","Arbusto e herbácea","Exôtica","Floresta Nacional De Brasília","Brasil",
"Dracaena fragrans","DTF","Dracaena fragrans (L.) Ker Gawl.","Asparagaceae",,"Dracaena","fragrans","(L.) Ker-Gawl","Arbusto e herbácea","Exôtica","Floresta Nacional De Brasília","Brasil",
"Eucalyptus grandis",,,,,"Eucalyptus","grandis","W. Hill","Árvore","Exôtica","Floresta Nacional De Brasília","Brasil",
"Melinis minutiflora","5XV3","Melinis minutiflora P.Beauv.","Poaceae",,"Melinis","minutiflora","P. Beauv.","Gramínea","Exôtica","Floresta Nacional De Brasília","Brasil",
"Pinus caribaea","CXT7","Pinus caribaea Morelet","Pinaceae",,"Pinus","caribaea","Morelet","Árvore","Exôtica","Floresta Nacional De Brasília","Brasil",
"Pinus oocarpa","FB8Y","Pinus oocarpa Schiede ex Schltdl.","Pinaceae",,"Pinus","oocarpa","Schiede ex Schltdl.","Árvore","Exôtica","Floresta Nacional De Brasília","Brasil",
"Syzygium cumini","7GBZ","Syzygium cumini (L.) Skeels","Myrtaceae",,"Syzygium","cumini","(L.) Skeels","Árvore","Exôtica","Floresta Nacional De Brasília","Brasil",
"Urochloa eminii","CCGS","Urochloa eminii (Mez) Davidse","Poaceae",,"Urochloa","eminii","(Mez) Davidse","Gramínea","Exôtica","Floresta Nacional De Brasília","Brasil",
"Acacia decurrens",,,,,"Acacia","decurrens","Willd.","Árvore","Exôtica","Floresta Nacional De Canela","Brasil",
"Crocosmia crocosmiiflora","J9XP","Crocosmia × crocosmiiflora (Lemoine) N.E.Br.","Iridaceae",,"Crocosmia","crocosmiiflora","(Lemoine) N.E.Br.","Arbusto e herbácea","Exôtica","Floresta Nacional De Canela","Brasil",
"Hovenia dulcis","3N36","Hovenia dulcis Thunb.","Rhamnaceae",,"Hovenia","dulcis","Thunb.","Árvore","Exôtica","Floresta Nacional De Canela","Brasil",
"Ligustrum sinense","47LN","Ligustrum sinense Lour.","Oleaceae",,"Ligustrum","sinense","Lour","Árvore","Exôtica","Floresta Nacional De Canela","Brasil",
"Lonicera japonica","GZZ5","Lonicera japonica Thumb.","Caprifoliaceae",,"Lonicera","japonica","Thunb. ex Murray","Trepadeira","Exôtica","Floresta Nacional De Canela","Brasil",
"Pinus elliottii","BVG","Pinus elliottii Engelm.","Pinaceae",,"Pinus","elliottii","L.","Árvore","Exôtica","Floresta Nacional De Canela","Brasil",
"Pinus taeda","GXYD","Pinus taeda L.","Pinaceae",,"Pinus","taeda","L.","Árvore","Exôtica","Floresta Nacional De Canela","Brasil",
"Citrus limon","6CK7","Citrus × limon (L.) Osbeck","Rutaceae",,"Citrus","limon","(L.) Osbeck","Árvore","Exôtica","Floresta Nacional De Capão Bonito","Brasil",
"Eriobotrya japonica","B7MF","Eriobotrya japonica (Thunb.) Lindl.","Rosaceae",,"Eriobotrya","japonica","(Thunb.) Lindl.","Árvore","Exôtica","Floresta Nacional De Capão Bonito","Brasil",
"Hedychium coronarium","3D3Y","Hedychium coronarium J.Koenig","Zingiberaceae",,"Hedychium","coronarium","J. König","Arbusto e herbácea","Exôtica","Floresta Nacional De Capão Bonito","Brasil",
"Hovenia dulcis","3N36","Hovenia dulcis Thunb.","Rhamnaceae",,"Hovenia","dulcis","Thunb.","Árvore","Exôtica","Floresta Nacional De Capão Bonito","Brasil",
"Mangifera indica","9YG6","Mangifera indica L.","Anacardiaceae",,"Mangifera","indica","L.","Árvore","Exôtica","Floresta Nacional De Capão Bonito","Brasil",
"Melia azedarach","5M6R","Melia azedarach L.","Meliaceae",,"Melia","azedarach","L.","Árvore","Exôtica","Floresta Nacional De Capão Bonito","Brasil",
"Melinis minutiflora","5XV3","Melinis minutiflora P.Beauv.","Poaceae",,"Melinis","minutiflora","P. Beauv.","Gramínea","Exôtica","Floresta Nacional De Capão Bonito","Brasil",
"Phyllostachys aurea","82K5","Phyllostachys aurea Carrière ex Rivière & C. Rivière","Poaceae",,"Phyllostachys","aurea","Carrière ex Rivière & C. Rivière","Bambu","Exôtica","Floresta Nacional De Capão Bonito","Brasil",
"Pinus elliottii","BVG","Pinus elliottii Engelm.","Pinaceae",,"Pinus","elliottii","L.","Árvore","Exôtica","Floresta Nacional De Capão Bonito","Brasil",
"Pinus taeda","GXYD","Pinus taeda L.","Pinaceae",,"Pinus","taeda","L.","Árvore","Exôtica","Floresta Nacional De Capão Bonito","Brasil",
"Psidium guajava","GN88","Psidium guajava L.","Myrtaceae",,"Psidium","guajava","L.","Árvore","Exôtica","Floresta Nacional De Capão Bonito","Brasil",
"Ricinus communis","D4RB","Ricinus communis L.","Euphorbiaceae",,"Ricinus","communis","L.","Arbusto e herbácea","Exôtica","Floresta Nacional De Capão Bonito","Brasil",
"Syzygium cumini","7GBZ","Syzygium cumini (L.) Skeels","Myrtaceae",,"Syzygium","cumini","(L.) Skeels","Árvore","Exôtica","Floresta Nacional De Capão Bonito","Brasil",
"Acacia mangium","7J6D","Acacia mangium Willd.","Fabaceae",,"Acacia","mangium","Willd.","Árvore","Exôtica","Floresta Nacional De Carajás","Brasil",
"Leucaena leucocephala","8BRC","Leucaena leucocephala (Lam.) de Wit","Fabaceae",,"Leucaena","leucocephala","(Lam.) de Wit","Árvore","Exôtica","Floresta Nacional De Carajás","Brasil",
"Megathyrsus maximus","3ST","Megathyrsus maximus (Jacq.) B.K.Simon & S.W.L.Jacobs","Poaceae",,"Megathyrsus","maximus","(Jacq.) B.K. Simon & S.W.L. Jacobs","Gramínea","Exôtica","Floresta Nacional De Carajás","Brasil",
"Melinis minutiflora","5XV3","Melinis minutiflora P.Beauv.","Poaceae",,"Melinis","minutiflora","P. Beauv.","Gramínea","Exôtica","Floresta Nacional De Carajás","Brasil",
"Muntingia calabura","4FMX","Muntingia calabura L.","Muntingiaceae",,"Muntingia","calabura","L.","Árvore","Exôtica","Floresta Nacional De Carajás","Brasil",
"Neustanthus phaseoloides","6YFT","Neustanthus phaseoloides (Roxb.) Benth.","Fabaceae",,"Neustanthus","phaseoloides","(Roxb.) Benth.","Trepadeira","Exôtica","Floresta Nacional De Carajás","Brasil",
"Urochloa eminii","CCGS","Urochloa eminii (Mez) Davidse","Poaceae",,"Urochloa","eminii","(Mez) Davidse","Gramínea","Exôtica","Floresta Nacional De Carajás","Brasil",
"Citrus limon","6CK7","Citrus × limon (L.) Osbeck","Rutaceae",,"Citrus","limon","(L.) Osbeck","Árvore","Exôtica","Floresta Nacional De Caxiuanã","Brasil",
"Coffea arabica","HPJF","Coffea arabica L.","Rubiaceae",,"Coffea","arabica","L.","Arbusto e herbácea","Exôtica","Floresta Nacional De Caxiuanã","Brasil",
"Agave americana","GLPG","Agave americana L.","Asparagaceae",,"Agave","americana","L.","Arbusto e herbácea","Exôtica","Floresta Nacional De Chapecó","Brasil",
"Cenchrus purpureus","CLW9","Cenchrus purpureus (Schumach.) Morrone","Poaceae",,"Cenchrus","purpureus","(Schumach.) Morrone","Gramínea","Exôtica","Floresta Nacional De Chapecó","Brasil",
"Eriobotrya japonica","B7MF","Eriobotrya japonica (Thunb.) Lindl.","Rosaceae",,"Eriobotrya","japonica","(Thunb.) Lindl.","Árvore","Exôtica","Floresta Nacional De Chapecó","Brasil",
"Hedychium coronarium","3D3Y","Hedychium coronarium J.Koenig","Zingiberaceae",,"Hedychium","coronarium","J. König","Arbusto e herbácea","Exôtica","Floresta Nacional De Chapecó","Brasil",
"Hovenia dulcis","3N36","Hovenia dulcis Thunb.","Rhamnaceae",,"Hovenia","dulcis","Thunb.","Árvore","Exôtica","Floresta Nacional De Chapecó","Brasil",
"Impatiens walleriana","GZYB","Impatiens walleriana Hook.f.","Balsaminaceae",,"Impatiens","walleriana","Hook. f.","Arbusto e herbácea","Exôtica","Floresta Nacional De Chapecó","Brasil",
"Ligustrum lucidum","7QPG","Ligustrum lucidum W.T.Aiton","Oleaceae",,"Ligustrum","lucidum","W.T. Aiton","Árvore","Exôtica","Floresta Nacional De Chapecó","Brasil",
"Pinus elliottii","BVG","Pinus elliottii Engelm.","Pinaceae",,"Pinus","elliottii","L.","Árvore","Exôtica","Floresta Nacional De Chapecó","Brasil",
"Pinus taeda","GXYD","Pinus taeda L.","Pinaceae",,"Pinus","taeda","L.","Árvore","Exôtica","Floresta Nacional De Chapecó","Brasil",
"Rubus rosifolius","349378","Rubus rosifolius","Rosaceae",,"Rubus","rosifolius","Sm.","Arbusto e herbácea","Exôtica","Floresta Nacional De Chapecó","Brasil",
"Tithonia diversifolia","5C2F","Tithonia diversifolia (Hemsl.) A.Gray","Asteraceae",,"Tithonia","diversifolia","(Hemsl.) A. Gray","Arbusto e herbácea","Exôtica","Floresta Nacional De Chapecó","Brasil",
"Acacia auriculiformis","85CB","Acacia auriculiformis A.Cunn. ex Benth.","Fabaceae",,"Acacia","auriculiformis","A. Cunn. ex Benth.","Árvore","Exôtica","Floresta Nacional De Goytacazes","Brasil",
"Leucaena leucocephala","8BRC","Leucaena leucocephala (Lam.) de Wit","Fabaceae",,"Leucaena","leucocephala","(Lam.) de Wit","Árvore","Exôtica","Floresta Nacional De Goytacazes","Brasil",
"Megathyrsus maximus","3ST","Megathyrsus maximus (Jacq.) B.K.Simon & S.W.L.Jacobs","Poaceae",,"Megathyrsus","maximus","(Jacq.) B.K. Simon & S.W.L. Jacobs","Gramínea","Exôtica","Floresta Nacional De Goytacazes","Brasil",
"Oeceoclades maculata","7XD8","Oeceoclades maculata (Lindl.) Lindl.","Orchidaceae",,"Oeceoclades","maculata","(Lindl.) Lindl.","Arbusto e herbácea","Exôtica","Floresta Nacional De Goytacazes","Brasil",
"Urochloa eminii","CCGS","Urochloa eminii (Mez) Davidse","Poaceae",,"Urochloa","eminii","(Mez) Davidse","Gramínea","Exôtica","Floresta Nacional De Goytacazes","Brasil",
"Urochloa humidicola","9FLX","Urochloa humidicola (Rendle) Morrone & Zuloaga","Poaceae",,"Urochloa","humidicola","(Rendle) Morrone & Zuloaga","Gramínea","Exôtica","Floresta Nacional De Goytacazes","Brasil",
"Cenchrus purpureus","CLW9","Cenchrus purpureus (Schumach.) Morrone","Poaceae",,"Cenchrus","purpureus","(Schumach.) Morrone","Gramínea","Exôtica","Floresta Nacional De Ibirama","Brasil",
"Hedychium coronarium","3D3Y","Hedychium coronarium J.Koenig","Zingiberaceae",,"Hedychium","coronarium","J. König","Arbusto e herbácea","Exôtica","Floresta Nacional De Ibirama","Brasil",
"Urochloa eminii","CCGS","Urochloa eminii (Mez) Davidse","Poaceae",,"Urochloa","eminii","(Mez) Davidse","Gramínea","Exôtica","Floresta Nacional De Ibirama","Brasil",
"Urochloa humidicola","9FLX","Urochloa humidicola (Rendle) Morrone & Zuloaga","Poaceae",,"Urochloa","humidicola","(Rendle) Morrone & Zuloaga","Gramínea","Exôtica","Floresta Nacional De Ibirama","Brasil",
"Azadirachta indica","F9XF","Azadirachta indica A.Juss.","Meliaceae",,"Azadirachta","indica","A. Juss.","Árvore","Exôtica","Floresta Nacional De Ipanema","Brasil",
"Casuarina equisetifolia","GN3L","Casuarina equisetifolia L.","Casuarinaceae",,"Casuarina","equisetifolia","L.","Árvore","Exôtica","Floresta Nacional De Ipanema","Brasil",
"Cenchrus purpureus","CLW9","Cenchrus purpureus (Schumach.) Morrone","Poaceae",,"Cenchrus","purpureus","(Schumach.) Morrone","Gramínea","Exôtica","Floresta Nacional De Ipanema","Brasil",
"Citrus limon","6CK7","Citrus × limon (L.) Osbeck","Rutaceae",,"Citrus","limon","(L.) Osbeck","Árvore","Exôtica","Floresta Nacional De Ipanema","Brasil",
"Cupressus lusitanica","54XB","Cupressus lusitanica Mill.","Cupressaceae",,"Cupressus","lusitanica","Mill.","Árvore","Exôtica","Floresta Nacional De Ipanema","Brasil",
"Cyperus rotundus","HQRF","Cyperus rotundus L.","Cyperaceae",,"Cyperus","rotundus","L.","Gramínea","Exôtica","Floresta Nacional De Ipanema","Brasil",
"Hovenia dulcis","3N36","Hovenia dulcis Thunb.","Rhamnaceae",,"Hovenia","dulcis","Thunb.","Árvore","Exôtica","Floresta Nacional De Ipanema","Brasil",
"Leucaena leucocephala","8BRC","Leucaena leucocephala (Lam.) de Wit","Fabaceae",,"Leucaena","leucocephala","(Lam.) de Wit","Árvore","Exôtica","Floresta Nacional De Ipanema","Brasil",
"Mangifera indica","9YG6","Mangifera indica L.","Anacardiaceae",,"Mangifera","indica","L.","Árvore","Exôtica","Floresta Nacional De Ipanema","Brasil",
"Megathyrsus maximus","3ST","Megathyrsus maximus (Jacq.) B.K.Simon & S.W.L.Jacobs","Poaceae",,"Megathyrsus","maximus","(Jacq.) B.K. Simon & S.W.L. Jacobs","Gramínea","Exôtica","Floresta Nacional De Ipanema","Brasil",
"Melia azedarach","5M6R","Melia azedarach L.","Meliaceae",,"Melia","azedarach","L.","Árvore","Exôtica","Floresta Nacional De Ipanema","Brasil",
"Melinis minutiflora","5XV3","Melinis minutiflora P.Beauv.","Poaceae",,"Melinis","minutiflora","P. Beauv.","Gramínea","Exôtica","Floresta Nacional De Ipanema","Brasil",
"Mimosa caesalpiniifolia","9ST2","Mimosa caesalpiniifolia Benth.","Fabaceae",,"Mimosa","caesalpiniifolia","Benth.","Árvore","Exôtica","Floresta Nacional De Ipanema","Brasil",
"Murraya paniculata","3ZPK","Murraya paniculata (L.) Jack","Rutaceae",,"Murraya","paniculata","(L.) Jack","Arbusto e herbácea","Exôtica","Floresta Nacional De Ipanema","Brasil",
"Oeceoclades maculata","7XD8","Oeceoclades maculata (Lindl.) Lindl.","Orchidaceae",,"Oeceoclades","maculata","(Lindl.) Lindl.","Arbusto e herbácea","Exôtica","Floresta Nacional De Ipanema","Brasil",
"Phyllostachys aurea","82K5","Phyllostachys aurea Carrière ex Rivière & C. Rivière","Poaceae",,"Phyllostachys","aurea","Carrière ex Rivière & C. Rivière","Bambu","Exôtica","Floresta Nacional De Ipanema","Brasil",
"Pinus elliottii","BVG","Pinus elliottii Engelm.","Pinaceae",,"Pinus","elliottii","L.","Árvore","Exôtica","Floresta Nacional De Ipanema","Brasil",
"Psidium guajava","GN88","Psidium guajava L.","Myrtaceae",,"Psidium","guajava","L.","Árvore","Exôtica","Floresta Nacional De Ipanema","Brasil",
"Ricinus communis","D4RB","Ricinus communis L.","Euphorbiaceae",,"Ricinus","communis","L.","Arbusto e herbácea","Exôtica","Floresta Nacional De Ipanema","Brasil",
"Sansevieria trifasciata","K84","Dracaena trifasciata (Prain) Mabb.","Asparagaceae",,"Sansevieria","trifasciata","Prain","Arbusto e herbácea","Exôtica","Floresta Nacional De Ipanema","Brasil",
"Syngonium podophyllum","HJQ4","Syngonium podophyllum Schott","Araceae",,"Syngonium","podophyllum","Schott","Trepadeira","Exôtica","Floresta Nacional De Ipanema","Brasil",
"Tecoma stans","7MP4","Tecoma stans (L.) Juss. ex Kunth","Bignoniaceae",,"Tecoma","stans","(L.) Juss. ex Kunth","Árvore","Exôtica","Floresta Nacional De Ipanema","Brasil",
"Acacia decurrens",,,,,"Acacia","decurrens","Willd.","Árvore","Exôtica","Floresta Nacional De Irati","Brasil",
"Citrus limon","6CK7","Citrus × limon (L.) Osbeck","Rutaceae",,"Citrus","limon","(L.) Osbeck","Árvore","Exôtica","Floresta Nacional De Irati","Brasil",
"Citrus sinensis","GCKX","Citrus sinensis (L.) Osbeck","Rutaceae",,"Citrus","sinensis","Osbeck","Árvore","Exôtica","Floresta Nacional De Irati","Brasil",
"Coreopsis tinctoria","CYQN","Coreopsis tinctoria Nutt.","Asteraceae",,"Coreopsis","tinctoria","Nutt.","Arbusto e herbácea","Exôtica","Floresta Nacional De Irati","Brasil",
"Cupressus lusitanica","54XB","Cupressus lusitanica Mill.","Cupressaceae",,"Cupressus","lusitanica","Mill.","Árvore","Exôtica","Floresta Nacional De Irati","Brasil",
"Eriobotrya japonica","B7MF","Eriobotrya japonica (Thunb.) Lindl.","Rosaceae",,"Eriobotrya","japonica","(Thunb.) Lindl.","Árvore","Exôtica","Floresta Nacional De Irati","Brasil",
"Eucalyptus grandis",,,,,"Eucalyptus","grandis","W. Hill","Árvore","Exôtica","Floresta Nacional De Irati","Brasil",
"Eucalyptus viminalis",,,,,"Eucalyptus","viminalis","Labill","Árvore","Exôtica","Floresta Nacional De Irati","Brasil",
"Grevillea robusta","HZ4S","Grevillea robusta A.Cunn. ex R.Br.","Proteaceae",,"Grevillea","robusta","A. Cunn. ex R. Br.","Árvore","Exôtica","Floresta Nacional De Irati","Brasil",
"Hovenia dulcis","3N36","Hovenia dulcis Thunb.","Rhamnaceae",,"Hovenia","dulcis","Thunb.","Árvore","Exôtica","Floresta Nacional De Irati","Brasil",
"Impatiens walleriana","GZYB","Impatiens walleriana Hook.f.","Balsaminaceae",,"Impatiens","walleriana","Hook. f.","Arbusto e herbácea","Exôtica","Floresta Nacional De Irati","Brasil",
"Melia azedarach","5M6R","Melia azedarach L.","Meliaceae",,"Melia","azedarach","L.","Árvore","Exôtica","Floresta Nacional De Irati","Brasil",
"Pinus elliottii","BVG","Pinus elliottii Engelm.","Pinaceae",,"Pinus","elliottii","L.","Árvore","Exôtica","Floresta Nacional De Irati","Brasil",
"Pinus pinaster","7XYF","Pinus pinaster Soland.","Pinaceae",,"Pinus","pinaster","Aiton","Árvore","Exôtica","Floresta Nacional De Irati","Brasil",
"Spartium junceum","GQNF","Spartium junceum L.","Fabaceae",,"Spartium","junceum","L.","Trepadeira","Exôtica","Floresta Nacional De Irati","Brasil",
"Artocarpus heterophyllus","DTMK","Artocarpus heterophyllus Lam.","Moraceae",,"Artocarpus","heterophyllus","Lam.","Árvore","Exôtica","Floresta Nacional De Lorena","Brasil",
"Citrus limon","6CK7","Citrus × limon (L.) Osbeck","Rutaceae",,"Citrus","limon","(L.) Osbeck","Árvore","Exôtica","Floresta Nacional De Lorena","Brasil",
"Clitoria fairchildiana","8Z6B","Clitoria fairchildiana R.A.Howard","Fabaceae",,"Clitoria","fairchildiana","R.A. Howard","Árvore","Exôtica","Floresta Nacional De Lorena","Brasil",
"Corymbia citriodora","F8DR","Corymbia citriodora (Hook.) K.D.Hill & L.A.S.Johnson","Myrtaceae",,"Corymbia","citriodora","(Hook.) K.D. Hill & L.A.S. Johnson","Árvore","Exôtica","Floresta Nacional De Lorena","Brasil",
"Eucalyptus resinifera","BV4J","Eucalyptus resinifera A.Cunn.","Myrtaceae",,"Eucalyptus","resinifera","Sm.","Árvore","Exôtica","Floresta Nacional De Lorena","Brasil",
"Eucalyptus robusta","BLCV","Eucalyptus robusta Sm.","Myrtaceae",,"Eucalyptus","robusta","Sm.","Árvore","Exôtica","Floresta Nacional De Lorena","Brasil",
"Grevillea banksii","6Z6T","Grevillea banksii R.Br.","Proteaceae",,"Grevillea","banksii","R. Br.","Árvore","Exôtica","Floresta Nacional De Lorena","Brasil",
"Grevillea robusta","HZ4S","Grevillea robusta A.Cunn. ex R.Br.","Proteaceae",,"Grevillea","robusta","A. Cunn. ex R. Br.","Árvore","Exôtica","Floresta Nacional De Lorena","Brasil",
"Hovenia dulcis","3N36","Hovenia dulcis Thunb.","Rhamnaceae",,"Hovenia","dulcis","Thunb.","Árvore","Exôtica","Floresta Nacional De Lorena","Brasil",
"Leucaena leucocephala","8BRC","Leucaena leucocephala (Lam.) de Wit","Fabaceae",,"Leucaena","leucocephala","(Lam.) de Wit","Árvore","Exôtica","Floresta Nacional De Lorena","Brasil",
"Ligustrum lucidum","7QPG","Ligustrum lucidum W.T.Aiton","Oleaceae",,"Ligustrum","lucidum","W.T. Aiton","Árvore","Exôtica","Floresta Nacional De Lorena","Brasil",
"Mangifera indica","9YG6","Mangifera indica L.","Anacardiaceae",,"Mangifera","indica","L.","Árvore","Exôtica","Floresta Nacional De Lorena","Brasil",
"Melia azedarach","5M6R","Melia azedarach L.","Meliaceae",,"Melia","azedarach","L.","Árvore","Exôtica","Floresta Nacional De Lorena","Brasil",
"Morus nigra","FLJ5","Morus nigra L.","Moraceae",,"Morus","nigra","L.","Árvore","Exôtica","Floresta Nacional De Lorena","Brasil",
"Pittosporum undulatum","98Y8","Pittosporum undulatum Vent.","Pittosporaceae",,"Pittosporum","undulatum","Vent.","Árvore","Exôtica","Floresta Nacional De Lorena","Brasil",
"Psidium guajava","GN88","Psidium guajava L.","Myrtaceae",,"Psidium","guajava","L.","Árvore","Exôtica","Floresta Nacional De Lorena","Brasil",
"Syzygium cumini","7GBZ","Syzygium cumini (L.) Skeels","Myrtaceae",,"Syzygium","cumini","(L.) Skeels","Árvore","Exôtica","Floresta Nacional De Lorena","Brasil",
"Syzygium jambos","GMFG","Syzygium jambos (L.) Alston","Myrtaceae",,"Syzygium","jambos","(L.) Alston","Árvore","Exôtica","Floresta Nacional De Lorena","Brasil",
"Syzygium malaccense","8B6B","Syzygium malaccense (L.) Merr. & L.M.Perry","Myrtaceae",,"Syzygium","malaccense","(L.) Merr. & LM Perry","Árvore","Exôtica","Floresta Nacional De Lorena","Brasil",
"Terminalia catappa","523F","Terminalia catappa L.","Combretaceae",,"Terminalia","catappa","L.","Árvore","Exôtica","Floresta Nacional De Lorena","Brasil",
"Megathyrsus maximus","3ST","Megathyrsus maximus (Jacq.) B.K.Simon & S.W.L.Jacobs","Poaceae",,"Megathyrsus","maximus","(Jacq.) B.K. Simon & S.W.L. Jacobs","Gramínea","Exôtica","Floresta Nacional De Mário Xavier","Brasil",
"Calotropis procera","3Q8J","Calotropis procera (Aiton) W.T.Aiton","Apocynaceae",,"Calotropis","procera","(Ait.) R.Br.","Arbusto e herbácea","Exôtica","Floresta Nacional De Negreiros","Brasil",
"Prosopis juliflora","291408","Prosopis juliflora","Fabaceae",,"Prosopis","juliflora","(Sw.) DC.","Árvore","Exôtica","Floresta Nacional De Negreiros","Brasil",
"Acacia mangium","7J6D","Acacia mangium Willd.","Fabaceae",,"Acacia","mangium","Willd.","Árvore","Exôtica","Floresta Nacional De Pacotuba","Brasil",
"Calotropis procera","3Q8J","Calotropis procera (Aiton) W.T.Aiton","Apocynaceae",,"Calotropis","procera","(Ait.) R.Br.","Arbusto e herbácea","Exôtica","Floresta Nacional De Pacotuba","Brasil",
"Clitoria fairchildiana","8Z6B","Clitoria fairchildiana R.A.Howard","Fabaceae",,"Clitoria","fairchildiana","R.A. Howard","Árvore","Exôtica","Floresta Nacional De Pacotuba","Brasil",
"Leucaena leucocephala","8BRC","Leucaena leucocephala (Lam.) de Wit","Fabaceae",,"Leucaena","leucocephala","(Lam.) de Wit","Árvore","Exôtica","Floresta Nacional De Pacotuba","Brasil",
"Megathyrsus maximus","3ST","Megathyrsus maximus (Jacq.) B.K.Simon & S.W.L.Jacobs","Poaceae",,"Megathyrsus","maximus","(Jacq.) B.K. Simon & S.W.L. Jacobs","Gramínea","Exôtica","Floresta Nacional De Pacotuba","Brasil",
"Muntingia calabura","4FMX","Muntingia calabura L.","Muntingiaceae",,"Muntingia","calabura","L.","Árvore","Exôtica","Floresta Nacional De Pacotuba","Brasil",
"Thunbergia alata","D9Z3","Thunbergia alata Bojer ex Sims","Acanthaceae",,"Thunbergia","alata","Bojer ex Sims","Trepadeira","Exôtica","Floresta Nacional De Pacotuba","Brasil",
"Tradescantia zebrina","6FR5","Tradescantia zebrina Heynh. ex Bosse","Commelinaceae",,"Tradescantia","zebrina","Heynh. ex Bosse","Arbusto e herbácea","Exôtica","Floresta Nacional De Pacotuba","Brasil",
"Mangifera indica","9YG6","Mangifera indica L.","Anacardiaceae",,"Mangifera","indica","L.","Árvore","Exôtica","Floresta Nacional De Palmares","Brasil",
"Megathyrsus maximus","3ST","Megathyrsus maximus (Jacq.) B.K.Simon & S.W.L.Jacobs","Poaceae",,"Megathyrsus","maximus","(Jacq.) B.K. Simon & S.W.L. Jacobs","Gramínea","Exôtica","Floresta Nacional De Palmares","Brasil",
"Momordica charantia","4VRJ","Momordica charantia L.","Cucurbitaceae",,"Momordica","charantia","L.","Trepadeira","Exôtica","Floresta Nacional De Palmares","Brasil",
"Andropogon gayanus","FSPV","Andropogon gayanus Kunth","Poaceae",,"Andropogon","gayanus","Kunth","Gramínea","Exôtica","Floresta Nacional De Paraopeba","Brasil",
"Melinis minutiflora","5XV3","Melinis minutiflora P.Beauv.","Poaceae",,"Melinis","minutiflora","P. Beauv.","Gramínea","Exôtica","Floresta Nacional De Paraopeba","Brasil",
"Urochloa brizantha","PMX","Urochloa brizantha (Hochst. ex A.Rich.) R.D.Webster","Poaceae",,"Urochloa","brizantha","(A.Rich.) R.D.Webster","Gramínea","Exôtica","Floresta Nacional De Paraopeba","Brasil",
"Pinus elliottii","BVG","Pinus elliottii Engelm.","Pinaceae",,"Pinus","elliottii","L.","Árvore","Exôtica","Floresta Nacional De Passa Quatro","Brasil",
"Hovenia dulcis","3N36","Hovenia dulcis Thunb.","Rhamnaceae",,"Hovenia","dulcis","Thunb.","Árvore","Exôtica","Floresta Nacional De Passo Fundo","Brasil",
"Phyllostachys bambusoides","FTRH","Phyllostachys bambusoides Siebold & Zucc.","Poaceae",,"Phyllostachys","bambusoides","Siebold & Zucc.","Bambu","Exôtica","Floresta Nacional De Passo Fundo","Brasil",
"Pinus elliottii","BVG","Pinus elliottii Engelm.","Pinaceae",,"Pinus","elliottii","L.","Árvore","Exôtica","Floresta Nacional De Passo Fundo","Brasil",
"Eriobotrya japonica","B7MF","Eriobotrya japonica (Thunb.) Lindl.","Rosaceae",,"Eriobotrya","japonica","(Thunb.) Lindl.","Árvore","Exôtica","Floresta Nacional De Piraí Do Sul","Brasil",
"Hovenia dulcis","3N36","Hovenia dulcis Thunb.","Rhamnaceae",,"Hovenia","dulcis","Thunb.","Árvore","Exôtica","Floresta Nacional De Piraí Do Sul","Brasil",
"Impatiens walleriana","GZYB","Impatiens walleriana Hook.f.","Balsaminaceae",,"Impatiens","walleriana","Hook. f.","Arbusto e herbácea","Exôtica","Floresta Nacional De Piraí Do Sul","Brasil",
"Pinus elliottii","BVG","Pinus elliottii Engelm.","Pinaceae",,"Pinus","elliottii","L.","Árvore","Exôtica","Floresta Nacional De Piraí Do Sul","Brasil",
"Christella dentata","7CS2","Christella dentata (Forssk.) Brownsey & Jermy","Thelypteridaceae",,"Christella","dentata","(Forssk.) Brownsey & Jermy","Samambaia","Exôtica","Floresta Nacional De Rio Preto","Brasil",
"Hovenia dulcis","3N36","Hovenia dulcis Thunb.","Rhamnaceae",,"Hovenia","dulcis","Thunb.","Árvore","Exôtica","Floresta Nacional De São Francisco De Paula","Brasil",
"Lonicera japonica","GZZ5","Lonicera japonica Thumb.","Caprifoliaceae",,"Lonicera","japonica","Thunb. ex Murray","Trepadeira","Exôtica","Floresta Nacional De São Francisco De Paula","Brasil",
"Pinus taeda","GXYD","Pinus taeda L.","Pinaceae",,"Pinus","taeda","L.","Árvore","Exôtica","Floresta Nacional De São Francisco De Paula","Brasil",
"Ulex europaeus","9SYJ","Ulex europaeus L.","Fabaceae",,"Ulex","europaeus","L.","Arbusto e herbácea","Exôtica","Floresta Nacional De São Francisco De Paula","Brasil",
"Melinis minutiflora","5XV3","Melinis minutiflora P.Beauv.","Poaceae",,"Melinis","minutiflora","P. Beauv.","Gramínea","Exôtica","Floresta Nacional De Silvânia","Brasil",
"Calotropis procera","3Q8J","Calotropis procera (Aiton) W.T.Aiton","Apocynaceae",,"Calotropis","procera","(Ait.) R.Br.","Arbusto e herbácea","Exôtica","Floresta Nacional De Sobral","Brasil",
"Cryptostegia grandiflora","4F2D","Cryptostegia grandiflora R.Br.","Apocynaceae",,"Cryptostegia","grandiflora","R.Br.","Trepadeira","Exôtica","Floresta Nacional De Sobral","Brasil",
"Cryptostegia madagascariensis","DXZK","Cryptostegia madagascariensis Bojer ex Decne.","Apocynaceae",,"Cryptostegia","madagascariensis","Bojer","Trepadeira","Exôtica","Floresta Nacional De Sobral","Brasil",
"Acacia mangium","7J6D","Acacia mangium Willd.","Fabaceae",,"Acacia","mangium","Willd.","Árvore","Exôtica","Floresta Nacional De Tapirapé-Aquiri","Brasil",
"Leucaena leucocephala","8BRC","Leucaena leucocephala (Lam.) de Wit","Fabaceae",,"Leucaena","leucocephala","(Lam.) de Wit","Árvore","Exôtica","Floresta Nacional De Tapirapé-Aquiri","Brasil",
"Melinis minutiflora","5XV3","Melinis minutiflora P.Beauv.","Poaceae",,"Melinis","minutiflora","P. Beauv.","Gramínea","Exôtica","Floresta Nacional De Tapirapé-Aquiri","Brasil",
"Muntingia calabura","4FMX","Muntingia calabura L.","Muntingiaceae",,"Muntingia","calabura","L.","Árvore","Exôtica","Floresta Nacional De Tapirapé-Aquiri","Brasil",
"Neustanthus phaseoloides","6YFT","Neustanthus phaseoloides (Roxb.) Benth.","Fabaceae",,"Neustanthus","phaseoloides","(Roxb.) Benth.","Trepadeira","Exôtica","Floresta Nacional De Tapirapé-Aquiri","Brasil",
"Urochloa eminii","CCGS","Urochloa eminii (Mez) Davidse","Poaceae",,"Urochloa","eminii","(Mez) Davidse","Gramínea","Exôtica","Floresta Nacional De Tapirapé-Aquiri","Brasil",
"Eucalyptus viminalis",,,,,"Eucalyptus","viminalis","Labill","Árvore","Exôtica","Floresta Nacional De Três Barras","Brasil",
"Pinus elliottii","BVG","Pinus elliottii Engelm.","Pinaceae",,"Pinus","elliottii","L.","Árvore","Exôtica","Floresta Nacional De Três Barras","Brasil",
"Pinus taeda","GXYD","Pinus taeda L.","Pinaceae",,"Pinus","taeda","L.","Árvore","Exôtica","Floresta Nacional De Três Barras","Brasil",
"Mangifera indica","9YG6","Mangifera indica L.","Anacardiaceae",,"Mangifera","indica","L.","Árvore","Exôtica","Floresta Nacional Do Amaná","Brasil",
"Azadirachta indica","F9XF","Azadirachta indica A.Juss.","Meliaceae",,"Azadirachta","indica","A. Juss.","Árvore","Exôtica","Floresta Nacional Do Araripe-Apodi","Brasil",
"Citrus limon","6CK7","Citrus × limon (L.) Osbeck","Rutaceae",,"Citrus","limon","(L.) Osbeck","Árvore","Exôtica","Floresta Nacional Do Araripe-Apodi","Brasil",
"Citrus sinensis","GCKX","Citrus sinensis (L.) Osbeck","Rutaceae",,"Citrus","sinensis","Osbeck","Árvore","Exôtica","Floresta Nacional Do Araripe-Apodi","Brasil",
"Coffea arabica","HPJF","Coffea arabica L.","Rubiaceae",,"Coffea","arabica","L.","Arbusto e herbácea","Exôtica","Floresta Nacional Do Araripe-Apodi","Brasil",
"Kalanchoe pinnata","HYF8","Kalanchoe pinnata (Lam.) Pers.","Crassulaceae",,"Kalanchoe","pinnata","(Lam.) Pers.","Arbusto e herbácea","Exôtica","Floresta Nacional Do Araripe-Apodi","Brasil",
"Leucaena leucocephala","8BRC","Leucaena leucocephala (Lam.) de Wit","Fabaceae",,"Leucaena","leucocephala","(Lam.) de Wit","Árvore","Exôtica","Floresta Nacional Do Araripe-Apodi","Brasil",
"Mangifera indica","9YG6","Mangifera indica L.","Anacardiaceae",,"Mangifera","indica","L.","Árvore","Exôtica","Floresta Nacional Do Araripe-Apodi","Brasil",
"Momordica charantia","4VRJ","Momordica charantia L.","Cucurbitaceae",,"Momordica","charantia","L.","Trepadeira","Exôtica","Floresta Nacional Do Araripe-Apodi","Brasil",
"Murraya paniculata","3ZPK","Murraya paniculata (L.) Jack","Rutaceae",,"Murraya","paniculata","(L.) Jack","Arbusto e herbácea","Exôtica","Floresta Nacional Do Araripe-Apodi","Brasil",
"Opuntia ficus-indica","6YVV","Opuntia ficus-indica (L.) Mill.","Cactaceae",,"Opuntia","ficus-indica","(L.) Mill.","Arbusto e herbácea","Exôtica","Floresta Nacional Do Araripe-Apodi","Brasil",
"Persea americana","787H","Persea americana Mill.","Lauraceae",,"Persea","americana","Mill","Árvore","Exôtica","Floresta Nacional Do Araripe-Apodi","Brasil",
"Psidium guajava","GN88","Psidium guajava L.","Myrtaceae",,"Psidium","guajava","L.","Árvore","Exôtica","Floresta Nacional Do Araripe-Apodi","Brasil",
"Ricinus communis","D4RB","Ricinus communis L.","Euphorbiaceae",,"Ricinus","communis","L.","Arbusto e herbácea","Exôtica","Floresta Nacional Do Araripe-Apodi","Brasil",
"Sicyos edulis","3G8P","Sicyos edulis Jacq.","Cucurbitaceae",,"Sicyos","edulis","Jacq.","Trepadeira","Exôtica","Floresta Nacional Do Araripe-Apodi","Brasil",
"Syzygium cumini","7GBZ","Syzygium cumini (L.) Skeels","Myrtaceae",,"Syzygium","cumini","(L.) Skeels","Árvore","Exôtica","Floresta Nacional Do Araripe-Apodi","Brasil",
"Tithonia diversifolia","5C2F","Tithonia diversifolia (Hemsl.) A.Gray","Asteraceae",,"Tithonia","diversifolia","(Hemsl.) A. Gray","Arbusto e herbácea","Exôtica","Floresta Nacional Do Araripe-Apodi","Brasil",
"Mangifera indica","9YG6","Mangifera indica L.","Anacardiaceae",,"Mangifera","indica","L.","Árvore","Exôtica","Floresta Nacional Do Crepori","Brasil",
"Urochloa humidicola","9FLX","Urochloa humidicola (Rendle) Morrone & Zuloaga","Poaceae",,"Urochloa","humidicola","(Rendle) Morrone & Zuloaga","Gramínea","Exôtica","Floresta Nacional Do Crepori","Brasil",
"Acacia mangium","7J6D","Acacia mangium Willd.","Fabaceae",,"Acacia","mangium","Willd.","Árvore","Exôtica","Floresta Nacional Do Ibura","Brasil",
"Artocarpus heterophyllus","DTMK","Artocarpus heterophyllus Lam.","Moraceae",,"Artocarpus","heterophyllus","Lam.","Árvore","Exôtica","Floresta Nacional Do Ibura","Brasil",
"Bambusa vulgaris","B444","Bambusa vulgaris Schrad. ex J.C.Wendl.","Poaceae",,"Bambusa","vulgaris","Schrad ex JC Wendl","Bambu","Exôtica","Floresta Nacional Do Ibura","Brasil",
"Cenchrus echinatus","68HJ","Cenchrus echinatus L.","Poaceae",,"Cenchrus","echinatus","L.","Gramínea","Exôtica","Floresta Nacional Do Ibura","Brasil",
"Corymbia citriodora","F8DR","Corymbia citriodora (Hook.) K.D.Hill & L.A.S.Johnson","Myrtaceae",,"Corymbia","citriodora","(Hook.) K.D. Hill & L.A.S. Johnson","Árvore","Exôtica","Floresta Nacional Do Ibura","Brasil",
"Delonix regia","BLFD","Delonix regia (Bojer ex Hook.) Raf.","Fabaceae",,"Delonix","regia","(Bojer ex Hook.) Raf.","Árvore","Exôtica","Floresta Nacional Do Ibura","Brasil",
"Elaeis guineensis","3PPV","Elaeis guineensis Jacq.","Arecaceae",,"Elaeis","guineensis","Jacq.","Palmeira","Exôtica","Floresta Nacional Do Ibura","Brasil",
"Eucalyptus grandis",,,,,"Eucalyptus","grandis","W. Hill","Árvore","Exôtica","Floresta Nacional Do Ibura","Brasil",
"Leucaena leucocephala","8BRC","Leucaena leucocephala (Lam.) de Wit","Fabaceae",,"Leucaena","leucocephala","(Lam.) de Wit","Árvore","Exôtica","Floresta Nacional Do Ibura","Brasil",
"Mangifera indica","9YG6","Mangifera indica L.","Anacardiaceae",,"Mangifera","indica","L.","Árvore","Exôtica","Floresta Nacional Do Ibura","Brasil",
"Pinus elliottii","BVG","Pinus elliottii Engelm.","Pinaceae",,"Pinus","elliottii","L.","Árvore","Exôtica","Floresta Nacional Do Ibura","Brasil",
"Psidium guajava","GN88","Psidium guajava L.","Myrtaceae",,"Psidium","guajava","L.","Árvore","Exôtica","Floresta Nacional Do Ibura","Brasil",
"Ricinus communis","D4RB","Ricinus communis L.","Euphorbiaceae",,"Ricinus","communis","L.","Arbusto e herbácea","Exôtica","Floresta Nacional Do Ibura","Brasil",
"Syzygium cumini","7GBZ","Syzygium cumini (L.) Skeels","Myrtaceae",,"Syzygium","cumini","(L.) Skeels","Árvore","Exôtica","Floresta Nacional Do Ibura","Brasil",
"Terminalia catappa","523F","Terminalia catappa L.","Combretaceae",,"Terminalia","catappa","L.","Árvore","Exôtica","Floresta Nacional Do Ibura","Brasil",
"Leucaena leucocephala","8BRC","Leucaena leucocephala (Lam.) de Wit","Fabaceae",,"Leucaena","leucocephala","(Lam.) de Wit","Árvore","Exôtica","Floresta Nacional Do Jamari","Brasil",
"Psidium guajava","GN88","Psidium guajava L.","Myrtaceae",,"Psidium","guajava","L.","Árvore","Exôtica","Floresta Nacional Do Tapajós","Brasil",
"Megathyrsus maximus","3ST","Megathyrsus maximus (Jacq.) B.K.Simon & S.W.L.Jacobs","Poaceae",,"Megathyrsus","maximus","(Jacq.) B.K. Simon & S.W.L. Jacobs","Gramínea","Exôtica","Monumento Natural Das Ilhas Cagarras","Brasil",
"Agave americana","GLPG","Agave americana L.","Asparagaceae",,"Agave","americana","L.","Arbusto e herbácea","Exôtica","Monumento Natural Das Ilhas De Trindade E Martim Vaz E Do Monte Colúmbia","Brasil",
"Begonia ulmifolia","674G","Begonia ulmifolia Willd.","Begoniaceae",,"Begonia","ulmifolia","Willd","Arbusto e herbácea","Exôtica","Monumento Natural Das Ilhas De Trindade E Martim Vaz E Do Monte Colúmbia","Brasil",
"Leucaena leucocephala","8BRC","Leucaena leucocephala (Lam.) de Wit","Fabaceae",,"Leucaena","leucocephala","(Lam.) de Wit","Árvore","Exôtica","Monumento Natural Das Ilhas De Trindade E Martim Vaz E Do Monte Colúmbia","Brasil",
"Mikania cordifolia","DYQR","Mikania cordifolia (L.f.) Willd.","Asteraceae",,"Mikania","cordifolia","(L.f.) Willd.","Trepadeira","Exôtica","Monumento Natural Das Ilhas De Trindade E Martim Vaz E Do Monte Colúmbia","Brasil",
"Mimusops balata","321809","Mimusops balata","Sapotaceae",,"Mimusops","balata","(Aubl.) C.F. Gaertn.","Árvore","Exôtica","Monumento Natural Das Ilhas De Trindade E Martim Vaz E Do Monte Colúmbia","Brasil",
"Paspalum millegrana","HS79","Paspalum millegrana Schrad. ex Schult.","Poaceae",,"Paspalum","millegrana","Schrad. ex Schult.","Gramínea","Exôtica","Monumento Natural Das Ilhas De Trindade E Martim Vaz E Do Monte Colúmbia","Brasil",
"Syzygium cumini","7GBZ","Syzygium cumini (L.) Skeels","Myrtaceae",,"Syzygium","cumini","(L.) Skeels","Árvore","Exôtica","Monumento Natural Das Ilhas De Trindade E Martim Vaz E Do Monte Colúmbia","Brasil",
"Terminalia catappa","523F","Terminalia catappa L.","Combretaceae",,"Terminalia","catappa","L.","Árvore","Exôtica","Monumento Natural Das Ilhas De Trindade E Martim Vaz E Do Monte Colúmbia","Brasil",
"Ceratium furcoides","D6KZ","Ceratium furcoides (Levander) Langhans",,,"Ceratium","furcoides","(Levander) Langhans","Alga","Exôtica","Monumento Natural Do Rio São Francisco","Brasil",
"Calotropis procera","3Q8J","Calotropis procera (Aiton) W.T.Aiton","Apocynaceae",,"Calotropis","procera","(Ait.) R.Br.","Arbusto e herbácea","Exôtica","Parque Nacional Cavernas Do Peruaçu","Brasil",
"Hedychium coronarium","3D3Y","Hedychium coronarium J.Koenig","Zingiberaceae",,"Hedychium","coronarium","J. König","Arbusto e herbácea","Exôtica","Parque Nacional Cavernas Do Peruaçu","Brasil",
"Hyparrhenia rufa","6SW2","Hyparrhenia rufa (Nees) Stapf","Poaceae",,"Hyparrhenia","rufa","(Nees) Stapf","Gramínea","Exôtica","Parque Nacional Cavernas Do Peruaçu","Brasil",
"Mangifera indica","9YG6","Mangifera indica L.","Anacardiaceae",,"Mangifera","indica","L.","Árvore","Exôtica","Parque Nacional Cavernas Do Peruaçu","Brasil",
"Megathyrsus maximus","3ST","Megathyrsus maximus (Jacq.) B.K.Simon & S.W.L.Jacobs","Poaceae",,"Megathyrsus","maximus","(Jacq.) B.K. Simon & S.W.L. Jacobs","Gramínea","Exôtica","Parque Nacional Cavernas Do Peruaçu","Brasil",
"Melinis minutiflora","5XV3","Melinis minutiflora P.Beauv.","Poaceae",,"Melinis","minutiflora","P. Beauv.","Gramínea","Exôtica","Parque Nacional Cavernas Do Peruaçu","Brasil",
"Ricinus communis","D4RB","Ricinus communis L.","Euphorbiaceae",,"Ricinus","communis","L.","Arbusto e herbácea","Exôtica","Parque Nacional Cavernas Do Peruaçu","Brasil",
"Urochloa brizantha","PMX","Urochloa brizantha (Hochst. ex A.Rich.) R.D.Webster","Poaceae",,"Urochloa","brizantha","(A.Rich.) R.D.Webster","Gramínea","Exôtica","Parque Nacional Cavernas Do Peruaçu","Brasil",
"Artocarpus heterophyllus","DTMK","Artocarpus heterophyllus Lam.","Moraceae",,"Artocarpus","heterophyllus","Lam.","Árvore","Exôtica","Parque Nacional Da Chapada Diamantina","Brasil",
"Leucaena leucocephala","8BRC","Leucaena leucocephala (Lam.) de Wit","Fabaceae",,"Leucaena","leucocephala","(Lam.) de Wit","Árvore","Exôtica","Parque Nacional Da Chapada Dos Guimarães","Brasil",
"Megathyrsus maximus","3ST","Megathyrsus maximus (Jacq.) B.K.Simon & S.W.L.Jacobs","Poaceae",,"Megathyrsus","maximus","(Jacq.) B.K. Simon & S.W.L. Jacobs","Gramínea","Exôtica","Parque Nacional Da Chapada Dos Guimarães","Brasil",
"Melinis minutiflora","5XV3","Melinis minutiflora P.Beauv.","Poaceae",,"Melinis","minutiflora","P. Beauv.","Gramínea","Exôtica","Parque Nacional Da Chapada Dos Guimarães","Brasil",
"Tithonia diversifolia","5C2F","Tithonia diversifolia (Hemsl.) A.Gray","Asteraceae",,"Tithonia","diversifolia","(Hemsl.) A. Gray","Arbusto e herbácea","Exôtica","Parque Nacional Da Chapada Dos Guimarães","Brasil",
"Urena lobata","FZ73","Urena lobata L.","Malvaceae",,"Urena","lobata","L.","Arbusto e herbácea","Exôtica","Parque Nacional Da Chapada Dos Guimarães","Brasil",
"Andropogon gayanus","FSPV","Andropogon gayanus Kunth","Poaceae",,"Andropogon","gayanus","Kunth","Gramínea","Exôtica","Parque Nacional Da Chapada Dos Veadeiros","Brasil",
"Hyparrhenia rufa","6SW2","Hyparrhenia rufa (Nees) Stapf","Poaceae",,"Hyparrhenia","rufa","(Nees) Stapf","Gramínea","Exôtica","Parque Nacional Da Chapada Dos Veadeiros","Brasil",
"Megathyrsus maximus","3ST","Megathyrsus maximus (Jacq.) B.K.Simon & S.W.L.Jacobs","Poaceae",,"Megathyrsus","maximus","(Jacq.) B.K. Simon & S.W.L. Jacobs","Gramínea","Exôtica","Parque Nacional Da Chapada Dos Veadeiros","Brasil",
"Melinis minutiflora","5XV3","Melinis minutiflora P.Beauv.","Poaceae",,"Melinis","minutiflora","P. Beauv.","Gramínea","Exôtica","Parque Nacional Da Chapada Dos Veadeiros","Brasil",
"Urochloa brizantha","PMX","Urochloa brizantha (Hochst. ex A.Rich.) R.D.Webster","Poaceae",,"Urochloa","brizantha","(A.Rich.) R.D.Webster","Gramínea","Exôtica","Parque Nacional Da Chapada Dos Veadeiros","Brasil",
"Urochloa eminii","CCGS","Urochloa eminii (Mez) Davidse","Poaceae",,"Urochloa","eminii","(Mez) Davidse","Gramínea","Exôtica","Parque Nacional Da Chapada Dos Veadeiros","Brasil",
"Urochloa humidicola","9FLX","Urochloa humidicola (Rendle) Morrone & Zuloaga","Poaceae",,"Urochloa","humidicola","(Rendle) Morrone & Zuloaga","Gramínea","Exôtica","Parque Nacional Da Chapada Dos Veadeiros","Brasil",
"Cynodon dactylon","DJM7","Cynodon dactylon (L.) Pers.","Poaceae",,"Cynodon","dactylon","(L.) Pers.","Gramínea","Exôtica","Parque Nacional Da Lagoa Do Peixe","Brasil",
"Pinus elliottii","BVG","Pinus elliottii Engelm.","Pinaceae",,"Pinus","elliottii","L.","Árvore","Exôtica","Parque Nacional Da Lagoa Do Peixe","Brasil",
"Vachellia farnesiana","387849","Vachellia farnesiana","Fabaceae",,"Vachellia","farnesiana","(L.) Wight & Arn.","Árvore","Exôtica","Parque Nacional Da Lagoa Do Peixe","Brasil",
"Archontophoenix cunninghamiana","645F","Archontophoenix cunninghamiana (H.Wendl.) H.Wendl. & Drude","Arecaceae",,"Archontophoenix","cunninghamiana","H. Wendl. & Drude","Palmeira","Exôtica","Parque Nacional Da Serra Da Bocaina","Brasil",
"Artocarpus heterophyllus","DTMK","Artocarpus heterophyllus Lam.","Moraceae",,"Artocarpus","heterophyllus","Lam.","Árvore","Exôtica","Parque Nacional Da Serra Da Bocaina","Brasil",
"Cenchrus purpureus","CLW9","Cenchrus purpureus (Schumach.) Morrone","Poaceae",,"Cenchrus","purpureus","(Schumach.) Morrone","Gramínea","Exôtica","Parque Nacional Da Serra Da Bocaina","Brasil",
"Crocosmia crocosmiiflora","J9XP","Crocosmia × crocosmiiflora (Lemoine) N.E.Br.","Iridaceae",,"Crocosmia","crocosmiiflora","(Lemoine) N.E.Br.","Arbusto e herbácea","Exôtica","Parque Nacional Da Serra Da Bocaina","Brasil",
"Hedychium coronarium","3D3Y","Hedychium coronarium J.Koenig","Zingiberaceae",,"Hedychium","coronarium","J. König","Arbusto e herbácea","Exôtica","Parque Nacional Da Serra Da Bocaina","Brasil",
"Impatiens walleriana","GZYB","Impatiens walleriana Hook.f.","Balsaminaceae",,"Impatiens","walleriana","Hook. f.","Arbusto e herbácea","Exôtica","Parque Nacional Da Serra Da Bocaina","Brasil",
"Melinis minutiflora","5XV3","Melinis minutiflora P.Beauv.","Poaceae",,"Melinis","minutiflora","P. Beauv.","Gramínea","Exôtica","Parque Nacional Da Serra Da Bocaina","Brasil",
"Morus nigra","FLJ5","Morus nigra L.","Moraceae",,"Morus","nigra","L.","Árvore","Exôtica","Parque Nacional Da Serra Da Bocaina","Brasil",
"Musa ornata","6T4Q","Musa ornata Roxb.","Musaceae",,"Musa","ornata","Roxb.","Arbusto e herbácea","Exôtica","Parque Nacional Da Serra Da Bocaina","Brasil",
"Pinus elliottii","BVG","Pinus elliottii Engelm.","Pinaceae",,"Pinus","elliottii","L.","Árvore","Exôtica","Parque Nacional Da Serra Da Bocaina","Brasil",
"Psidium guajava","GN88","Psidium guajava L.","Myrtaceae",,"Psidium","guajava","L.","Árvore","Exôtica","Parque Nacional Da Serra Da Bocaina","Brasil",
"Ricinus communis","D4RB","Ricinus communis L.","Euphorbiaceae",,"Ricinus","communis","L.","Arbusto e herbácea","Exôtica","Parque Nacional Da Serra Da Bocaina","Brasil",
"Rubus rosifolius","349378","Rubus rosifolius","Rosaceae",,"Rubus","rosifolius","Sm.","Arbusto e herbácea","Exôtica","Parque Nacional Da Serra Da Bocaina","Brasil",
"Schefflera arboricola","BYPS","Heptapleurum arboricola Hayata","Araliaceae",,"Schefflera","arboricola","(Hayata) Merr.","Arbusto e herbácea","Exôtica","Parque Nacional Da Serra Da Bocaina","Brasil",
"Syngonium podophyllum","HJQ4","Syngonium podophyllum Schott","Araceae",,"Syngonium","podophyllum","Schott","Trepadeira","Exôtica","Parque Nacional Da Serra Da Bocaina","Brasil",
"Terminalia catappa","523F","Terminalia catappa L.","Combretaceae",,"Terminalia","catappa","L.","Árvore","Exôtica","Parque Nacional Da Serra Da Bocaina","Brasil",
"Urochloa eminii","CCGS","Urochloa eminii (Mez) Davidse","Poaceae",,"Urochloa","eminii","(Mez) Davidse","Gramínea","Exôtica","Parque Nacional Da Serra Da Bocaina","Brasil",
"Zantedeschia aethiopica","4QJ5","Zantedeschia aethiopica (L.) Spreng.","Araceae",,"Zantedeschia","aethiopica","(L.) Spreng.","Arbusto e herbácea","Exôtica","Parque Nacional Da Serra Da Bocaina","Brasil",
"Cynodon dactylon","DJM7","Cynodon dactylon (L.) Pers.","Poaceae",,"Cynodon","dactylon","(L.) Pers.","Gramínea","Exôtica","Parque Nacional Da Serra Da Bodoquena","Brasil",
"Mangifera indica","9YG6","Mangifera indica L.","Anacardiaceae",,"Mangifera","indica","L.","Árvore","Exôtica","Parque Nacional Da Serra Da Bodoquena","Brasil",
"Megathyrsus maximus","3ST","Megathyrsus maximus (Jacq.) B.K.Simon & S.W.L.Jacobs","Poaceae",,"Megathyrsus","maximus","(Jacq.) B.K. Simon & S.W.L. Jacobs","Gramínea","Exôtica","Parque Nacional Da Serra Da Bodoquena","Brasil",
"Melia azedarach","5M6R","Melia azedarach L.","Meliaceae",,"Melia","azedarach","L.","Árvore","Exôtica","Parque Nacional Da Serra Da Bodoquena","Brasil",
"Vachellia farnesiana","387849","Vachellia farnesiana","Fabaceae",,"Vachellia","farnesiana","(L.) Wight & Arn.","Árvore","Exôtica","Parque Nacional Da Serra Da Bodoquena","Brasil",
"Eucalyptus robusta","BLCV","Eucalyptus robusta Sm.","Myrtaceae",,"Eucalyptus","robusta","Sm.","Árvore","Exôtica","Parque Nacional Da Serra Da Canastra","Brasil",
"Melinis minutiflora","5XV3","Melinis minutiflora P.Beauv.","Poaceae",,"Melinis","minutiflora","P. Beauv.","Gramínea","Exôtica","Parque Nacional Da Serra Da Canastra","Brasil",
"Melinis repens","HNF9","Melinis repens (Willd.) Zizka","Poaceae",,"Melinis","repens","(Willd.) Zizka","Gramínea","Exôtica","Parque Nacional Da Serra Da Canastra","Brasil",
"Pinus elliottii","BVG","Pinus elliottii Engelm.","Pinaceae",,"Pinus","elliottii","L.","Árvore","Exôtica","Parque Nacional Da Serra Da Canastra","Brasil",
"Urochloa brizantha","PMX","Urochloa brizantha (Hochst. ex A.Rich.) R.D.Webster","Poaceae",,"Urochloa","brizantha","(A.Rich.) R.D.Webster","Gramínea","Exôtica","Parque Nacional Da Serra Da Canastra","Brasil",
"Urochloa eminii","CCGS","Urochloa eminii (Mez) Davidse","Poaceae",,"Urochloa","eminii","(Mez) Davidse","Gramínea","Exôtica","Parque Nacional Da Serra Da Canastra","Brasil",
"Calotropis procera","3Q8J","Calotropis procera (Aiton) W.T.Aiton","Apocynaceae",,"Calotropis","procera","(Ait.) R.Br.","Arbusto e herbácea","Exôtica","Parque Nacional Da Serra Da Capivara","Brasil",
"Mangifera indica","9YG6","Mangifera indica L.","Anacardiaceae",,"Mangifera","indica","L.","Árvore","Exôtica","Parque Nacional Da Serra Da Capivara","Brasil",
"Megathyrsus maximus","3ST","Megathyrsus maximus (Jacq.) B.K.Simon & S.W.L.Jacobs","Poaceae",,"Megathyrsus","maximus","(Jacq.) B.K. Simon & S.W.L. Jacobs","Gramínea","Exôtica","Parque Nacional Da Serra Da Capivara","Brasil",
"Prosopis juliflora","291408","Prosopis juliflora","Fabaceae",,"Prosopis","juliflora","(Sw.) DC.","Árvore","Exôtica","Parque Nacional Da Serra Da Capivara","Brasil",
"Vachellia farnesiana","387849","Vachellia farnesiana","Fabaceae",,"Vachellia","farnesiana","(L.) Wight & Arn.","Árvore","Exôtica","Parque Nacional Da Serra Da Capivara","Brasil",
"Artocarpus heterophyllus","DTMK","Artocarpus heterophyllus Lam.","Moraceae",,"Artocarpus","heterophyllus","Lam.","Árvore","Exôtica","Parque Nacional Serra De Itabaiana","Brasil",
"Mangifera indica","9YG6","Mangifera indica L.","Anacardiaceae",,"Mangifera","indica","L.","Árvore","Exôtica","Parque Nacional Serra De Itabaiana","Brasil",
"Momordica charantia","4VRJ","Momordica charantia L.","Cucurbitaceae",,"Momordica","charantia","L.","Trepadeira","Exôtica","Parque Nacional Serra De Itabaiana","Brasil",
"Andropogon gayanus","FSPV","Andropogon gayanus Kunth","Poaceae",,"Andropogon","gayanus","Kunth","Gramínea","Exôtica","Parque Nacional Da Serra Do Cipó","Brasil",
"Crocosmia crocosmiiflora","J9XP","Crocosmia × crocosmiiflora (Lemoine) N.E.Br.","Iridaceae",,"Crocosmia","crocosmiiflora","(Lemoine) N.E.Br.","Arbusto e herbácea","Exôtica","Parque Nacional Da Serra Do Cipó","Brasil",
"Crotalaria spectabilis","BYQY","Crotalaria spectabilis Röth","Fabaceae",,"Crotalaria","spectabilis","Roth","Arbusto e herbácea","Exôtica","Parque Nacional Da Serra Do Cipó","Brasil",
"Hedychium coronarium","3D3Y","Hedychium coronarium J.Koenig","Zingiberaceae",,"Hedychium","coronarium","J. König","Arbusto e herbácea","Exôtica","Parque Nacional Da Serra Do Cipó","Brasil",
"Hyparrhenia rufa","6SW2","Hyparrhenia rufa (Nees) Stapf","Poaceae",,"Hyparrhenia","rufa","(Nees) Stapf","Gramínea","Exôtica","Parque Nacional Da Serra Do Cipó","Brasil",
"Leucaena leucocephala","8BRC","Leucaena leucocephala (Lam.) de Wit","Fabaceae",,"Leucaena","leucocephala","(Lam.) de Wit","Árvore","Exôtica","Parque Nacional Da Serra Do Cipó","Brasil",
"Mangifera indica","9YG6","Mangifera indica L.","Anacardiaceae",,"Mangifera","indica","L.","Árvore","Exôtica","Parque Nacional Da Serra Do Cipó","Brasil",
"Melinis minutiflora","5XV3","Melinis minutiflora P.Beauv.","Poaceae",,"Melinis","minutiflora","P. Beauv.","Gramínea","Exôtica","Parque Nacional Da Serra Do Cipó","Brasil",
"Psidium guajava","GN88","Psidium guajava L.","Myrtaceae",,"Psidium","guajava","L.","Árvore","Exôtica","Parque Nacional Da Serra Do Cipó","Brasil",
"Urochloa brizantha","PMX","Urochloa brizantha (Hochst. ex A.Rich.) R.D.Webster","Poaceae",,"Urochloa","brizantha","(A.Rich.) R.D.Webster","Gramínea","Exôtica","Parque Nacional Da Serra Do Cipó","Brasil",
"Urochloa eminii","CCGS","Urochloa eminii (Mez) Davidse","Poaceae",,"Urochloa","eminii","(Mez) Davidse","Gramínea","Exôtica","Parque Nacional Da Serra Do Cipó","Brasil",
"Agave sisalana","HXVJ","Agave sisalana Perrine ex Engelm.","Asparagaceae",,"Agave","sisalana","Perrine","Arbusto e herbácea","Exôtica","Parque Nacional Da Serra Do Gandarela","Brasil",
"Bambusa vulgaris","B444","Bambusa vulgaris Schrad. ex J.C.Wendl.","Poaceae",,"Bambusa","vulgaris","Schrad ex JC Wendl","Bambu","Exôtica","Parque Nacional Da Serra Do Gandarela","Brasil",
"Eucalyptus robusta","BLCV","Eucalyptus robusta Sm.","Myrtaceae",,"Eucalyptus","robusta","Sm.","Árvore","Exôtica","Parque Nacional Da Serra Do Gandarela","Brasil",
"Hedychium coronarium","3D3Y","Hedychium coronarium J.Koenig","Zingiberaceae",,"Hedychium","coronarium","J. König","Arbusto e herbácea","Exôtica","Parque Nacional Da Serra Do Gandarela","Brasil",
"Mangifera indica","9YG6","Mangifera indica L.","Anacardiaceae",,"Mangifera","indica","L.","Árvore","Exôtica","Parque Nacional Da Serra Do Gandarela","Brasil",
"Melinis minutiflora","5XV3","Melinis minutiflora P.Beauv.","Poaceae",,"Melinis","minutiflora","P. Beauv.","Gramínea","Exôtica","Parque Nacional Da Serra Do Gandarela","Brasil",
"Phyllostachys aurea","82K5","Phyllostachys aurea Carrière ex Rivière & C. Rivière","Poaceae",,"Phyllostachys","aurea","Carrière ex Rivière & C. Rivière","Bambu","Exôtica","Parque Nacional Da Serra Do Gandarela","Brasil",
"Christella dentata","7CS2","Christella dentata (Forssk.) Brownsey & Jermy","Thelypteridaceae",,"Christella","dentata","(Forssk.) Brownsey & Jermy","Samambaia","Exôtica","Parque Nacional Da Serra Do Itajaí","Brasil",
"Deparia petersenii","BWNK","Deparia petersenii (Kunze) M.Kato","Athyriaceae",,"Deparia","petersenii","(Kunze) M. Kato","Samambaia","Exôtica","Parque Nacional Da Serra Do Itajaí","Brasil",
"Hedychium coronarium","3D3Y","Hedychium coronarium J.Koenig","Zingiberaceae",,"Hedychium","coronarium","J. König","Arbusto e herbácea","Exôtica","Parque Nacional Da Serra Do Itajaí","Brasil",
"Impatiens walleriana","GZYB","Impatiens walleriana Hook.f.","Balsaminaceae",,"Impatiens","walleriana","Hook. f.","Arbusto e herbácea","Exôtica","Parque Nacional Da Serra Do Itajaí","Brasil",
"Melinis minutiflora","5XV3","Melinis minutiflora P.Beauv.","Poaceae",,"Melinis","minutiflora","P. Beauv.","Gramínea","Exôtica","Parque Nacional Da Serra Do Itajaí","Brasil",
"Nephrolepis cordifolia","9WND","Nephrolepis cordifolia (L.) C.Presl","Nephrolepidaceae",,"Nephrolepis","cordifolia","(L.) C. Presl.","Samambaia","Exôtica","Parque Nacional Da Serra Do Itajaí","Brasil",
"Psidium guajava","GN88","Psidium guajava L.","Myrtaceae",,"Psidium","guajava","L.","Árvore","Exôtica","Parque Nacional Da Serra Do Itajaí","Brasil",
"Rubus rosifolius","349378","Rubus rosifolius","Rosaceae",,"Rubus","rosifolius","Sm.","Arbusto e herbácea","Exôtica","Parque Nacional Da Serra Do Itajaí","Brasil",
"Sicyos edulis","3G8P","Sicyos edulis Jacq.","Cucurbitaceae",,"Sicyos","edulis","Jacq.","Trepadeira","Exôtica","Parque Nacional Da Serra Do Itajaí","Brasil",
"Thunbergia alata","D9Z3","Thunbergia alata Bojer ex Sims","Acanthaceae",,"Thunbergia","alata","Bojer ex Sims","Trepadeira","Exôtica","Parque Nacional Da Serra Do Itajaí","Brasil",
"Tithonia diversifolia","5C2F","Tithonia diversifolia (Hemsl.) A.Gray","Asteraceae",,"Tithonia","diversifolia","(Hemsl.) A. Gray","Arbusto e herbácea","Exôtica","Parque Nacional Da Serra Do Itajaí","Brasil",
"Tradescantia zebrina","6FR5","Tradescantia zebrina Heynh. ex Bosse","Commelinaceae",,"Tradescantia","zebrina","Heynh. ex Bosse","Arbusto e herbácea","Exôtica","Parque Nacional Da Serra Do Itajaí","Brasil",
"Artocarpus heterophyllus","DTMK","Artocarpus heterophyllus Lam.","Moraceae",,"Artocarpus","heterophyllus","Lam.","Árvore","Exôtica","Parque Nacional Da Serra Dos Órgãos","Brasil",
"Brillantaisia lamium","3BF","Brillantaisia lamium (Nees) Benth.","Acanthaceae",,"Brillantaisia","lamium","(Nees) Benth.","Arbusto e herbácea","Exôtica","Parque Nacional Da Serra Dos Órgãos","Brasil",
"Centella asiatica","GCB5","Centella asiatica (L.) Urb.","Apiaceae",,"Centella","asiatica","(L.) Urb.","Arbusto e herbácea","Exôtica","Parque Nacional Da Serra Dos Órgãos","Brasil",
"Citrus limon","6CK7","Citrus × limon (L.) Osbeck","Rutaceae",,"Citrus","limon","(L.) Osbeck","Árvore","Exôtica","Parque Nacional Da Serra Dos Órgãos","Brasil",
"Citrus sinensis","GCKX","Citrus sinensis (L.) Osbeck","Rutaceae",,"Citrus","sinensis","Osbeck","Árvore","Exôtica","Parque Nacional Da Serra Dos Órgãos","Brasil",
"Cordyline fruticosa","DGQ6","Cordyline fruticosa (L.) A.Chev.","Asparagaceae",,"Cordyline","fruticosa","(L.) A.Chev.","Arbusto e herbácea","Exôtica","Parque Nacional Da Serra Dos Órgãos","Brasil",
"Eriobotrya japonica","B7MF","Eriobotrya japonica (Thunb.) Lindl.","Rosaceae",,"Eriobotrya","japonica","(Thunb.) Lindl.","Árvore","Exôtica","Parque Nacional Da Serra Dos Órgãos","Brasil",
"Hedychium coronarium","3D3Y","Hedychium coronarium J.Koenig","Zingiberaceae",,"Hedychium","coronarium","J. König","Arbusto e herbácea","Exôtica","Parque Nacional Da Serra Dos Órgãos","Brasil",
"Impatiens walleriana","GZYB","Impatiens walleriana Hook.f.","Balsaminaceae",,"Impatiens","walleriana","Hook. f.","Arbusto e herbácea","Exôtica","Parque Nacional Da Serra Dos Órgãos","Brasil",
"Magnolia champaca","BZWR","Magnolia champaca (L.) Baill. ex Pierre","Magnoliaceae",,"Magnolia","champaca","(L.) Baill. ex Pierre","Árvore","Exôtica","Parque Nacional Da Serra Dos Órgãos","Brasil",
"Mangifera indica","9YG6","Mangifera indica L.","Anacardiaceae",,"Mangifera","indica","L.","Árvore","Exôtica","Parque Nacional Da Serra Dos Órgãos","Brasil",
"Megathyrsus maximus","3ST","Megathyrsus maximus (Jacq.) B.K.Simon & S.W.L.Jacobs","Poaceae",,"Megathyrsus","maximus","(Jacq.) B.K. Simon & S.W.L. Jacobs","Gramínea","Exôtica","Parque Nacional Da Serra Dos Órgãos","Brasil",
"Melinis minutiflora","5XV3","Melinis minutiflora P.Beauv.","Poaceae",,"Melinis","minutiflora","P. Beauv.","Gramínea","Exôtica","Parque Nacional Da Serra Dos Órgãos","Brasil",
"Morus nigra","FLJ5","Morus nigra L.","Moraceae",,"Morus","nigra","L.","Árvore","Exôtica","Parque Nacional Da Serra Dos Órgãos","Brasil",
"Musa ornata","6T4Q","Musa ornata Roxb.","Musaceae",,"Musa","ornata","Roxb.","Arbusto e herbácea","Exôtica","Parque Nacional Da Serra Dos Órgãos","Brasil",
"Nephrolepis cordifolia","9WND","Nephrolepis cordifolia (L.) C.Presl","Nephrolepidaceae",,"Nephrolepis","cordifolia","(L.) C. Presl.","Samambaia","Exôtica","Parque Nacional Da Serra Dos Órgãos","Brasil",
"Persea americana","787H","Persea americana Mill.","Lauraceae",,"Persea","americana","Mill","Árvore","Exôtica","Parque Nacional Da Serra Dos Órgãos","Brasil",
"Pilea cadierei","GY49","Pilea cadierei Gagnep. & Guillaumin","Urticaceae",,"Pilea","cadierei","Gagnep. & Guillaumin","Arbusto e herbácea","Exôtica","Parque Nacional Da Serra Dos Órgãos","Brasil",
"Ricinus communis","D4RB","Ricinus communis L.","Euphorbiaceae",,"Ricinus","communis","L.","Arbusto e herbácea","Exôtica","Parque Nacional Da Serra Dos Órgãos","Brasil",
"Rubus rosifolius","349378","Rubus rosifolius","Rosaceae",,"Rubus","rosifolius","Sm.","Arbusto e herbácea","Exôtica","Parque Nacional Da Serra Dos Órgãos","Brasil",
"Tithonia diversifolia","5C2F","Tithonia diversifolia (Hemsl.) A.Gray","Asteraceae",,"Tithonia","diversifolia","(Hemsl.) A. Gray","Arbusto e herbácea","Exôtica","Parque Nacional Da Serra Dos Órgãos","Brasil",
"Tradescantia zebrina","6FR5","Tradescantia zebrina Heynh. ex Bosse","Commelinaceae",,"Tradescantia","zebrina","Heynh. ex Bosse","Arbusto e herbácea","Exôtica","Parque Nacional Da Serra Dos Órgãos","Brasil",
"Aleurites moluccanus","7PBT","Aleurites moluccanus (L.) Willd.","Euphorbiaceae",,"Aleurites","moluccanus","(L.) Willd.","Árvore","Exôtica","Parque Nacional Da Serra Geral","Brasil",
"Cirsium vulgare","3KDS","Cirsium vulgare (Savi) Ten.","Asteraceae",,"Cirsium","vulgare","(Savi) Ten.","Arbusto e herbácea","Exôtica","Parque Nacional Da Serra Geral","Brasil",
"Citrus sinensis","GCKX","Citrus sinensis (L.) Osbeck","Rutaceae",,"Citrus","sinensis","Osbeck","Árvore","Exôtica","Parque Nacional Da Serra Geral","Brasil",
"Corymbia citriodora","F8DR","Corymbia citriodora (Hook.) K.D.Hill & L.A.S.Johnson","Myrtaceae",,"Corymbia","citriodora","(Hook.) K.D. Hill & L.A.S. Johnson","Árvore","Exôtica","Parque Nacional Da Serra Geral","Brasil",
"Deparia petersenii","BWNK","Deparia petersenii (Kunze) M.Kato","Athyriaceae",,"Deparia","petersenii","(Kunze) M. Kato","Samambaia","Exôtica","Parque Nacional Da Serra Geral","Brasil",
"Eriobotrya japonica","B7MF","Eriobotrya japonica (Thunb.) Lindl.","Rosaceae",,"Eriobotrya","japonica","(Thunb.) Lindl.","Árvore","Exôtica","Parque Nacional Da Serra Geral","Brasil",
"Eucalyptus saligna","7TJ5","Eucalyptus saligna Sm.","Myrtaceae",,"Eucalyptus","saligna","Sm.","Árvore","Exôtica","Parque Nacional Da Serra Geral","Brasil",
"Hedychium coronarium","3D3Y","Hedychium coronarium J.Koenig","Zingiberaceae",,"Hedychium","coronarium","J. König","Arbusto e herbácea","Exôtica","Parque Nacional Da Serra Geral","Brasil",
"Hovenia dulcis","3N36","Hovenia dulcis Thunb.","Rhamnaceae",,"Hovenia","dulcis","Thunb.","Árvore","Exôtica","Parque Nacional Da Serra Geral","Brasil",
"Impatiens walleriana","GZYB","Impatiens walleriana Hook.f.","Balsaminaceae",,"Impatiens","walleriana","Hook. f.","Arbusto e herbácea","Exôtica","Parque Nacional Da Serra Geral","Brasil",
"Melia azedarach","5M6R","Melia azedarach L.","Meliaceae",,"Melia","azedarach","L.","Árvore","Exôtica","Parque Nacional Da Serra Geral","Brasil",
"Melinis minutiflora","5XV3","Melinis minutiflora P.Beauv.","Poaceae",,"Melinis","minutiflora","P. Beauv.","Gramínea","Exôtica","Parque Nacional Da Serra Geral","Brasil",
"Morus nigra","FLJ5","Morus nigra L.","Moraceae",,"Morus","nigra","L.","Árvore","Exôtica","Parque Nacional Da Serra Geral","Brasil",
"Pinus elliottii","BVG","Pinus elliottii Engelm.","Pinaceae",,"Pinus","elliottii","L.","Árvore","Exôtica","Parque Nacional Da Serra Geral","Brasil",
"Pinus taeda","GXYD","Pinus taeda L.","Pinaceae",,"Pinus","taeda","L.","Árvore","Exôtica","Parque Nacional Da Serra Geral","Brasil",
"Psidium guajava","GN88","Psidium guajava L.","Myrtaceae",,"Psidium","guajava","L.","Árvore","Exôtica","Parque Nacional Da Serra Geral","Brasil",
"Rubus fruticosus","351908","Rubus fruticosus","Rosaceae",,"Rubus","fruticosus","L.","Arbusto e herbácea","Exôtica","Parque Nacional Da Serra Geral","Brasil",
"Rubus rosifolius","349378","Rubus rosifolius","Rosaceae",,"Rubus","rosifolius","Sm.","Arbusto e herbácea","Exôtica","Parque Nacional Da Serra Geral","Brasil",
"Rubus ulmifolius","375962","Rubus ulmifolius","Rosaceae",,"Rubus","ulmifolius","Schott","Arbusto e herbácea","Exôtica","Parque Nacional Da Serra Geral","Brasil",
"Ulex europaeus","9SYJ","Ulex europaeus L.","Fabaceae",,"Ulex","europaeus","L.","Arbusto e herbácea","Exôtica","Parque Nacional Da Serra Geral","Brasil",
"Aleurites moluccanus","7PBT","Aleurites moluccanus (L.) Willd.","Euphorbiaceae",,"Aleurites","moluccanus","(L.) Willd.","Árvore","Exôtica","Parque Nacional Da Tijuca","Brasil",
"Artocarpus heterophyllus","DTMK","Artocarpus heterophyllus Lam.","Moraceae",,"Artocarpus","heterophyllus","Lam.","Árvore","Exôtica","Parque Nacional Da Tijuca","Brasil",
"Bambusa vulgaris","B444","Bambusa vulgaris Schrad. ex J.C.Wendl.","Poaceae",,"Bambusa","vulgaris","Schrad ex JC Wendl","Bambu","Exôtica","Parque Nacional Da Tijuca","Brasil",
"Coffea arabica","HPJF","Coffea arabica L.","Rubiaceae",,"Coffea","arabica","L.","Arbusto e herbácea","Exôtica","Parque Nacional Da Tijuca","Brasil",
"Cordyline fruticosa","DGQ6","Cordyline fruticosa (L.) A.Chev.","Asparagaceae",,"Cordyline","fruticosa","(L.) A.Chev.","Arbusto e herbácea","Exôtica","Parque Nacional Da Tijuca","Brasil",
"Dracaena fragrans","DTF","Dracaena fragrans (L.) Ker Gawl.","Asparagaceae",,"Dracaena","fragrans","(L.) Ker-Gawl","Arbusto e herbácea","Exôtica","Parque Nacional Da Tijuca","Brasil",
"Eriobotrya japonica","B7MF","Eriobotrya japonica (Thunb.) Lindl.","Rosaceae",,"Eriobotrya","japonica","(Thunb.) Lindl.","Árvore","Exôtica","Parque Nacional Da Tijuca","Brasil",
"Eucalyptus robusta","BLCV","Eucalyptus robusta Sm.","Myrtaceae",,"Eucalyptus","robusta","Sm.","Árvore","Exôtica","Parque Nacional Da Tijuca","Brasil",
"Mangifera indica","9YG6","Mangifera indica L.","Anacardiaceae",,"Mangifera","indica","L.","Árvore","Exôtica","Parque Nacional Da Tijuca","Brasil",
"Megathyrsus maximus","3ST","Megathyrsus maximus (Jacq.) B.K.Simon & S.W.L.Jacobs","Poaceae",,"Megathyrsus","maximus","(Jacq.) B.K. Simon & S.W.L. Jacobs","Gramínea","Exôtica","Parque Nacional Da Tijuca","Brasil",
"Mimosa caesalpiniifolia","9ST2","Mimosa caesalpiniifolia Benth.","Fabaceae",,"Mimosa","caesalpiniifolia","Benth.","Árvore","Exôtica","Parque Nacional Da Tijuca","Brasil",
"Morus alba","CDCP","Morus alba L.","Moraceae",,"Morus","alba","L.","Árvore","Exôtica","Parque Nacional Da Tijuca","Brasil",
"Morus nigra","FLJ5","Morus nigra L.","Moraceae",,"Morus","nigra","L.","Árvore","Exôtica","Parque Nacional Da Tijuca","Brasil",
"Oeceoclades maculata","7XD8","Oeceoclades maculata (Lindl.) Lindl.","Orchidaceae",,"Oeceoclades","maculata","(Lindl.) Lindl.","Arbusto e herbácea","Exôtica","Parque Nacional Da Tijuca","Brasil",
"Hyparrhenia rufa","6SW2","Hyparrhenia rufa (Nees) Stapf","Poaceae",,"Hyparrhenia","rufa","(Nees) Stapf","Gramínea","Exôtica","Parque Nacional Das Emas","Brasil",
"Urochloa eminii","CCGS","Urochloa eminii (Mez) Davidse","Poaceae",,"Urochloa","eminii","(Mez) Davidse","Gramínea","Exôtica","Parque Nacional Das Emas","Brasil",
"Aleurites moluccanus","7PBT","Aleurites moluccanus (L.) Willd.","Euphorbiaceae",,"Aleurites","moluccanus","(L.) Willd.","Árvore","Exôtica","Parque Nacional De Aparados Da Serra","Brasil",
"Citrus sinensis","GCKX","Citrus sinensis (L.) Osbeck","Rutaceae",,"Citrus","sinensis","Osbeck","Árvore","Exôtica","Parque Nacional De Aparados Da Serra","Brasil",
"Corymbia citriodora","F8DR","Corymbia citriodora (Hook.) K.D.Hill & L.A.S.Johnson","Myrtaceae",,"Corymbia","citriodora","(Hook.) K.D. Hill & L.A.S. Johnson","Árvore","Exôtica","Parque Nacional De Aparados Da Serra","Brasil",
"Deparia petersenii","BWNK","Deparia petersenii (Kunze) M.Kato","Athyriaceae",,"Deparia","petersenii","(Kunze) M. Kato","Samambaia","Exôtica","Parque Nacional De Aparados Da Serra","Brasil",
"Eriobotrya japonica","B7MF","Eriobotrya japonica (Thunb.) Lindl.","Rosaceae",,"Eriobotrya","japonica","(Thunb.) Lindl.","Árvore","Exôtica","Parque Nacional De Aparados Da Serra","Brasil",
"Eucalyptus saligna","7TJ5","Eucalyptus saligna Sm.","Myrtaceae",,"Eucalyptus","saligna","Sm.","Árvore","Exôtica","Parque Nacional De Aparados Da Serra","Brasil",
"Hedychium coronarium","3D3Y","Hedychium coronarium J.Koenig","Zingiberaceae",,"Hedychium","coronarium","J. König","Arbusto e herbácea","Exôtica","Parque Nacional De Aparados Da Serra","Brasil",
"Hovenia dulcis","3N36","Hovenia dulcis Thunb.","Rhamnaceae",,"Hovenia","dulcis","Thunb.","Árvore","Exôtica","Parque Nacional De Aparados Da Serra","Brasil",
"Impatiens walleriana","GZYB","Impatiens walleriana Hook.f.","Balsaminaceae",,"Impatiens","walleriana","Hook. f.","Arbusto e herbácea","Exôtica","Parque Nacional De Aparados Da Serra","Brasil",
"Melia azedarach","5M6R","Melia azedarach L.","Meliaceae",,"Melia","azedarach","L.","Árvore","Exôtica","Parque Nacional De Aparados Da Serra","Brasil",
"Melinis minutiflora","5XV3","Melinis minutiflora P.Beauv.","Poaceae",,"Melinis","minutiflora","P. Beauv.","Gramínea","Exôtica","Parque Nacional De Aparados Da Serra","Brasil",
"Morus nigra","FLJ5","Morus nigra L.","Moraceae",,"Morus","nigra","L.","Árvore","Exôtica","Parque Nacional De Aparados Da Serra","Brasil",
"Pinus elliottii","BVG","Pinus elliottii Engelm.","Pinaceae",,"Pinus","elliottii","L.","Árvore","Exôtica","Parque Nacional De Aparados Da Serra","Brasil",
"Pinus taeda","GXYD","Pinus taeda L.","Pinaceae",,"Pinus","taeda","L.","Árvore","Exôtica","Parque Nacional De Aparados Da Serra","Brasil",
"Psidium guajava","GN88","Psidium guajava L.","Myrtaceae",,"Psidium","guajava","L.","Árvore","Exôtica","Parque Nacional De Aparados Da Serra","Brasil",
"Rubus fruticosus","351908","Rubus fruticosus","Rosaceae",,"Rubus","fruticosus","L.","Arbusto e herbácea","Exôtica","Parque Nacional De Aparados Da Serra","Brasil",
"Rubus rosifolius","349378","Rubus rosifolius","Rosaceae",,"Rubus","rosifolius","Sm.","Arbusto e herbácea","Exôtica","Parque Nacional De Aparados Da Serra","Brasil",
"Rubus ulmifolius","375962","Rubus ulmifolius","Rosaceae",,"Rubus","ulmifolius","Schott","Arbusto e herbácea","Exôtica","Parque Nacional De Aparados Da Serra","Brasil",
"Ulex europaeus","9SYJ","Ulex europaeus L.","Fabaceae",,"Ulex","europaeus","L.","Arbusto e herbácea","Exôtica","Parque Nacional De Aparados Da Serra","Brasil",
"Artocarpus heterophyllus","DTMK","Artocarpus heterophyllus Lam.","Moraceae",,"Artocarpus","heterophyllus","Lam.","Árvore","Exôtica","Parque Nacional De Boa Nova","Brasil",
"Bambusa vulgaris","B444","Bambusa vulgaris Schrad. ex J.C.Wendl.","Poaceae",,"Bambusa","vulgaris","Schrad ex JC Wendl","Bambu","Exôtica","Parque Nacional De Boa Nova","Brasil",
"Ricinus communis","D4RB","Ricinus communis L.","Euphorbiaceae",,"Ricinus","communis","L.","Arbusto e herbácea","Exôtica","Parque Nacional De Boa Nova","Brasil",
"Agave americana","GLPG","Agave americana L.","Asparagaceae",,"Agave","americana","L.","Arbusto e herbácea","Exôtica","Parque Nacional De Brasília","Brasil",
"Agave sisalana","HXVJ","Agave sisalana Perrine ex Engelm.","Asparagaceae",,"Agave","sisalana","Perrine","Arbusto e herbácea","Exôtica","Parque Nacional De Brasília","Brasil",
"Andropogon gayanus","FSPV","Andropogon gayanus Kunth","Poaceae",,"Andropogon","gayanus","Kunth","Gramínea","Exôtica","Parque Nacional De Brasília","Brasil",
"Arundo donax","4RN4","Arundo donax L.","Poaceae",,"Arundo","donax","L.","Bambu","Exôtica","Parque Nacional De Brasília","Brasil",
"Bambusa vulgaris","B444","Bambusa vulgaris Schrad. ex J.C.Wendl.","Poaceae",,"Bambusa","vulgaris","Schrad ex JC Wendl","Bambu","Exôtica","Parque Nacional De Brasília","Brasil",
"Caryota urens","3V9F","Caryota urens L.","Arecaceae",,"Caryota","urens","L.","Palmeira","Exôtica","Parque Nacional De Brasília","Brasil",
"Cenchrus pedicellatus","BQY5","Cenchrus pedicellatus (Trin.) Morrone","Poaceae",,"Cenchrus","pedicellatus","(Trin.) Morrone","Gramínea","Exôtica","Parque Nacional De Brasília","Brasil",
"Cenchrus purpureus","CLW9","Cenchrus purpureus (Schumach.) Morrone","Poaceae",,"Cenchrus","purpureus","(Schumach.) Morrone","Gramínea","Exôtica","Parque Nacional De Brasília","Brasil",
"Crotalaria spectabilis","BYQY","Crotalaria spectabilis Röth","Fabaceae",,"Crotalaria","spectabilis","Roth","Arbusto e herbácea","Exôtica","Parque Nacional De Brasília","Brasil",
"Cynodon dactylon","DJM7","Cynodon dactylon (L.) Pers.","Poaceae",,"Cynodon","dactylon","(L.) Pers.","Gramínea","Exôtica","Parque Nacional De Brasília","Brasil",
"Dracaena fragrans","DTF","Dracaena fragrans (L.) Ker Gawl.","Asparagaceae",,"Dracaena","fragrans","(L.) Ker-Gawl","Arbusto e herbácea","Exôtica","Parque Nacional De Brasília","Brasil",
"Elaeis guineensis","3PPV","Elaeis guineensis Jacq.","Arecaceae",,"Elaeis","guineensis","Jacq.","Palmeira","Exôtica","Parque Nacional De Brasília","Brasil",
"Eucalyptus robusta","BLCV","Eucalyptus robusta Sm.","Myrtaceae",,"Eucalyptus","robusta","Sm.","Árvore","Exôtica","Parque Nacional De Brasília","Brasil",
"Furcraea foetida","7PG6","Furcraea foetida (L.) Haw.","Asparagaceae",,"Furcraea","foetida","(L.) Haw.","Arbusto e herbácea","Exôtica","Parque Nacional De Brasília","Brasil",
"Grevillea banksii","6Z6T","Grevillea banksii R.Br.","Proteaceae",,"Grevillea","banksii","R. Br.","Árvore","Exôtica","Parque Nacional De Brasília","Brasil",
"Hyparrhenia rufa","6SW2","Hyparrhenia rufa (Nees) Stapf","Poaceae",,"Hyparrhenia","rufa","(Nees) Stapf","Gramínea","Exôtica","Parque Nacional De Brasília","Brasil",
"Leucaena leucocephala","8BRC","Leucaena leucocephala (Lam.) de Wit","Fabaceae",,"Leucaena","leucocephala","(Lam.) de Wit","Árvore","Exôtica","Parque Nacional De Brasília","Brasil",
"Mangifera indica","9YG6","Mangifera indica L.","Anacardiaceae",,"Mangifera","indica","L.","Árvore","Exôtica","Parque Nacional De Brasília","Brasil",
"Megathyrsus maximus","3ST","Megathyrsus maximus (Jacq.) B.K.Simon & S.W.L.Jacobs","Poaceae",,"Megathyrsus","maximus","(Jacq.) B.K. Simon & S.W.L. Jacobs","Gramínea","Exôtica","Parque Nacional De Brasília","Brasil",
"Melinis minutiflora","5XV3","Melinis minutiflora P.Beauv.","Poaceae",,"Melinis","minutiflora","P. Beauv.","Gramínea","Exôtica","Parque Nacional De Brasília","Brasil",
"Oeceoclades maculata","7XD8","Oeceoclades maculata (Lindl.) Lindl.","Orchidaceae",,"Oeceoclades","maculata","(Lindl.) Lindl.","Arbusto e herbácea","Exôtica","Parque Nacional De Brasília","Brasil",
"Peltophorum dubium","BYP8","Peltophorum dubium (Spreng.) Taub.","Fabaceae",,"Peltophorum","dubium","(Spreng.) Taub.","Árvore","Exôtica","Parque Nacional De Brasília","Brasil",
"Phyllostachys bambusoides","FTRH","Phyllostachys bambusoides Siebold & Zucc.","Poaceae",,"Phyllostachys","bambusoides","Siebold & Zucc.","Bambu","Exôtica","Parque Nacional De Brasília","Brasil",
"Psidium guajava","GN88","Psidium guajava L.","Myrtaceae",,"Psidium","guajava","L.","Árvore","Exôtica","Parque Nacional De Brasília","Brasil",
"Sansevieria trifasciata","K84","Dracaena trifasciata (Prain) Mabb.","Asparagaceae",,"Sansevieria","trifasciata","Prain","Arbusto e herbácea","Exôtica","Parque Nacional De Brasília","Brasil",
"Syzygium cumini","7GBZ","Syzygium cumini (L.) Skeels","Myrtaceae",,"Syzygium","cumini","(L.) Skeels","Árvore","Exôtica","Parque Nacional De Brasília","Brasil",
"Tecoma stans","7MP4","Tecoma stans (L.) Juss. ex Kunth","Bignoniaceae",,"Tecoma","stans","(L.) Juss. ex Kunth","Árvore","Exôtica","Parque Nacional De Brasília","Brasil",
"Tithonia diversifolia","5C2F","Tithonia diversifolia (Hemsl.) A.Gray","Asteraceae",,"Tithonia","diversifolia","(Hemsl.) A. Gray","Arbusto e herbácea","Exôtica","Parque Nacional De Brasília","Brasil",
"Urochloa brizantha","PMX","Urochloa brizantha (Hochst. ex A.Rich.) R.D.Webster","Poaceae",,"Urochloa","brizantha","(A.Rich.) R.D.Webster","Gramínea","Exôtica","Parque Nacional De Brasília","Brasil",
"Urochloa eminii","CCGS","Urochloa eminii (Mez) Davidse","Poaceae",,"Urochloa","eminii","(Mez) Davidse","Gramínea","Exôtica","Parque Nacional De Brasília","Brasil",
"Urochloa plantaginea","V2D","Urochloa plantaginea (Link) R.D.Webster","Poaceae",,"Urochloa","plantaginea","(Link) R.D.Webster","Gramínea","Exôtica","Parque Nacional De Brasília","Brasil",
"Artocarpus heterophyllus","DTMK","Artocarpus heterophyllus Lam.","Moraceae",,"Artocarpus","heterophyllus","Lam.","Árvore","Exôtica","Parque Nacional De Caparao","Brasil",
"Citrus limon","6CK7","Citrus × limon (L.) Osbeck","Rutaceae",,"Citrus","limon","(L.) Osbeck","Árvore","Exôtica","Parque Nacional De Caparao","Brasil",
"Crocosmia crocosmiiflora","J9XP","Crocosmia × crocosmiiflora (Lemoine) N.E.Br.","Iridaceae",,"Crocosmia","crocosmiiflora","(Lemoine) N.E.Br.","Arbusto e herbácea","Exôtica","Parque Nacional De Caparao","Brasil",
"Duranta erecta","FMNR","Duranta erecta L.","Verbenaceae",,"Duranta","erecta","L.","Arbusto e herbácea","Exôtica","Parque Nacional De Caparao","Brasil",
"Eriobotrya japonica","B7MF","Eriobotrya japonica (Thunb.) Lindl.","Rosaceae",,"Eriobotrya","japonica","(Thunb.) Lindl.","Árvore","Exôtica","Parque Nacional De Caparao","Brasil",
"Hedychium coronarium","3D3Y","Hedychium coronarium J.Koenig","Zingiberaceae",,"Hedychium","coronarium","J. König","Arbusto e herbácea","Exôtica","Parque Nacional De Caparao","Brasil",
"Hovenia dulcis","3N36","Hovenia dulcis Thunb.","Rhamnaceae",,"Hovenia","dulcis","Thunb.","Árvore","Exôtica","Parque Nacional De Caparao","Brasil",
"Impatiens walleriana","GZYB","Impatiens walleriana Hook.f.","Balsaminaceae",,"Impatiens","walleriana","Hook. f.","Arbusto e herbácea","Exôtica","Parque Nacional De Caparao","Brasil",
"Kalanchoe fedtschenkoi","G694","Kalanchoe fedtschenkoi Raym.-Hamet & H.Perrier","Crassulaceae",,"Kalanchoe","fedtschenkoi","Raym.-Hamet & Perr.","Arbusto e herbácea","Exôtica","Parque Nacional De Caparao","Brasil",
"Lonicera japonica","GZZ5","Lonicera japonica Thumb.","Caprifoliaceae",,"Lonicera","japonica","Thunb. ex Murray","Trepadeira","Exôtica","Parque Nacional De Caparao","Brasil",
"Mangifera indica","9YG6","Mangifera indica L.","Anacardiaceae",,"Mangifera","indica","L.","Árvore","Exôtica","Parque Nacional De Caparao","Brasil",
"Megathyrsus maximus","3ST","Megathyrsus maximus (Jacq.) B.K.Simon & S.W.L.Jacobs","Poaceae",,"Megathyrsus","maximus","(Jacq.) B.K. Simon & S.W.L. Jacobs","Gramínea","Exôtica","Parque Nacional De Caparao","Brasil",
"Melinis minutiflora","5XV3","Melinis minutiflora P.Beauv.","Poaceae",,"Melinis","minutiflora","P. Beauv.","Gramínea","Exôtica","Parque Nacional De Caparao","Brasil",
"Mimosa caesalpiniifolia","9ST2","Mimosa caesalpiniifolia Benth.","Fabaceae",,"Mimosa","caesalpiniifolia","Benth.","Árvore","Exôtica","Parque Nacional De Caparao","Brasil",
"Persea americana","787H","Persea americana Mill.","Lauraceae",,"Persea","americana","Mill","Árvore","Exôtica","Parque Nacional De Caparao","Brasil",
"Psidium guajava","GN88","Psidium guajava L.","Myrtaceae",,"Psidium","guajava","L.","Árvore","Exôtica","Parque Nacional De Caparao","Brasil",
"Rubus rosifolius","349378","Rubus rosifolius","Rosaceae",,"Rubus","rosifolius","Sm.","Arbusto e herbácea","Exôtica","Parque Nacional De Caparao","Brasil",
"Syzygium malaccense","8B6B","Syzygium malaccense (L.) Merr. & L.M.Perry","Myrtaceae",,"Syzygium","malaccense","(L.) Merr. & LM Perry","Árvore","Exôtica","Parque Nacional De Caparao","Brasil",
"Terminalia catappa","523F","Terminalia catappa L.","Combretaceae",,"Terminalia","catappa","L.","Árvore","Exôtica","Parque Nacional De Caparao","Brasil",
"Urochloa eminii","CCGS","Urochloa eminii (Mez) Davidse","Poaceae",,"Urochloa","eminii","(Mez) Davidse","Gramínea","Exôtica","Parque Nacional De Caparao","Brasil",
"Citrus limon","6CK7","Citrus × limon (L.) Osbeck","Rutaceae",,"Citrus","limon","(L.) Osbeck","Árvore","Exôtica","Parque Nacional De Ilha Grande","Brasil",
"Citrus sinensis","GCKX","Citrus sinensis (L.) Osbeck","Rutaceae",,"Citrus","sinensis","Osbeck","Árvore","Exôtica","Parque Nacional De Ilha Grande","Brasil",
"Grevillea robusta","HZ4S","Grevillea robusta A.Cunn. ex R.Br.","Proteaceae",,"Grevillea","robusta","A. Cunn. ex R. Br.","Árvore","Exôtica","Parque Nacional De Ilha Grande","Brasil",
"Impatiens walleriana","GZYB","Impatiens walleriana Hook.f.","Balsaminaceae",,"Impatiens","walleriana","Hook. f.","Arbusto e herbácea","Exôtica","Parque Nacional De Ilha Grande","Brasil",
"Leucaena leucocephala","8BRC","Leucaena leucocephala (Lam.) de Wit","Fabaceae",,"Leucaena","leucocephala","(Lam.) de Wit","Árvore","Exôtica","Parque Nacional De Ilha Grande","Brasil",
"Mangifera indica","9YG6","Mangifera indica L.","Anacardiaceae",,"Mangifera","indica","L.","Árvore","Exôtica","Parque Nacional De Ilha Grande","Brasil",
"Megathyrsus maximus","3ST","Megathyrsus maximus (Jacq.) B.K.Simon & S.W.L.Jacobs","Poaceae",,"Megathyrsus","maximus","(Jacq.) B.K. Simon & S.W.L. Jacobs","Gramínea","Exôtica","Parque Nacional De Ilha Grande","Brasil",
"Melia azedarach","5M6R","Melia azedarach L.","Meliaceae",,"Melia","azedarach","L.","Árvore","Exôtica","Parque Nacional De Ilha Grande","Brasil",
"Morus nigra","FLJ5","Morus nigra L.","Moraceae",,"Morus","nigra","L.","Árvore","Exôtica","Parque Nacional De Ilha Grande","Brasil",
"Psidium guajava","GN88","Psidium guajava L.","Myrtaceae",,"Psidium","guajava","L.","Árvore","Exôtica","Parque Nacional De Ilha Grande","Brasil",
"Urochloa brizantha","PMX","Urochloa brizantha (Hochst. ex A.Rich.) R.D.Webster","Poaceae",,"Urochloa","brizantha","(A.Rich.) R.D.Webster","Gramínea","Exôtica","Parque Nacional De Pacaás Novos","Brasil",
"Christella dentata","7CS2","Christella dentata (Forssk.) Brownsey & Jermy","Thelypteridaceae",,"Christella","dentata","(Forssk.) Brownsey & Jermy","Samambaia","Exôtica","Parque Nacional De Saint-Hilaire/Lange","Brasil",
"Deparia petersenii","BWNK","Deparia petersenii (Kunze) M.Kato","Athyriaceae",,"Deparia","petersenii","(Kunze) M. Kato","Samambaia","Exôtica","Parque Nacional De Saint-Hilaire/Lange","Brasil",
"Hedychium coronarium","3D3Y","Hedychium coronarium J.Koenig","Zingiberaceae",,"Hedychium","coronarium","J. König","Arbusto e herbácea","Exôtica","Parque Nacional De Saint-Hilaire/Lange","Brasil",
"Impatiens walleriana","GZYB","Impatiens walleriana Hook.f.","Balsaminaceae",,"Impatiens","walleriana","Hook. f.","Arbusto e herbácea","Exôtica","Parque Nacional De Saint-Hilaire/Lange","Brasil",
"Musa balbisiana","DJ7B","Musa balbisiana Colla","Musaceae",,"Musa","balbisiana","Colla","Arbusto e herbácea","Exôtica","Parque Nacional De Saint-Hilaire/Lange","Brasil",
"Psidium guajava","GN88","Psidium guajava L.","Myrtaceae",,"Psidium","guajava","L.","Árvore","Exôtica","Parque Nacional De Saint-Hilaire/Lange","Brasil",
"Rubus rosifolius","349378","Rubus rosifolius","Rosaceae",,"Rubus","rosifolius","Sm.","Arbusto e herbácea","Exôtica","Parque Nacional De Saint-Hilaire/Lange","Brasil",
"Sansevieria trifasciata","K84","Dracaena trifasciata (Prain) Mabb.","Asparagaceae",,"Sansevieria","trifasciata","Prain","Arbusto e herbácea","Exôtica","Parque Nacional De Saint-Hilaire/Lange","Brasil",
"Urochloa mutica","FPX5","Urochloa mutica (Forssk.) T.Q.Nguyen","Poaceae",,"Urochloa","mutica","(Forssk.) T.Q.Nguyen","Gramínea","Exôtica","Parque Nacional De Saint-Hilaire/Lange","Brasil",
"Urochloa plantaginea","V2D","Urochloa plantaginea (Link) R.D.Webster","Poaceae",,"Urochloa","plantaginea","(Link) R.D.Webster","Gramínea","Exôtica","Parque Nacional De Saint-Hilaire/Lange","Brasil",
"Cirsium vulgare","3KDS","Cirsium vulgare (Savi) Ten.","Asteraceae",,"Cirsium","vulgare","(Savi) Ten.","Arbusto e herbácea","Exôtica","Parque Nacional De São Joaquim","Brasil",
"Melia azedarach","5M6R","Melia azedarach L.","Meliaceae",,"Melia","azedarach","L.","Árvore","Exôtica","Parque Nacional De São Joaquim","Brasil",
"Pinus taeda","GXYD","Pinus taeda L.","Pinaceae",,"Pinus","taeda","L.","Árvore","Exôtica","Parque Nacional De São Joaquim","Brasil",
"Salix x rubens","5C7S","Salix × rubens Schrank","Salicaceae",,"Salix","x","Schrank","Árvore","Exôtica","Parque Nacional De São Joaquim","Brasil","rubens"
"Aleurites moluccanus","7PBT","Aleurites moluccanus (L.) Willd.","Euphorbiaceae",,"Aleurites","moluccanus","(L.) Willd.","Árvore","Exôtica","Parque Nacional De Ubajara","Brasil",
"Artocarpus heterophyllus","DTMK","Artocarpus heterophyllus Lam.","Moraceae",,"Artocarpus","heterophyllus","Lam.","Árvore","Exôtica","Parque Nacional De Ubajara","Brasil",
"Corymbia citriodora","F8DR","Corymbia citriodora (Hook.) K.D.Hill & L.A.S.Johnson","Myrtaceae",,"Corymbia","citriodora","(Hook.) K.D. Hill & L.A.S. Johnson","Árvore","Exôtica","Parque Nacional De Ubajara","Brasil",
"Eucalyptus alba","B47S","Eucalyptus alba Reinw. ex Blume","Myrtaceae",,"Eucalyptus","alba","Reinw. ex Blume","Árvore","Exôtica","Parque Nacional De Ubajara","Brasil",
"Eucalyptus camaldulensis","7CPQ","Eucalyptus camaldulensis Dehnh.","Myrtaceae",,"Eucalyptus","camaldulensis","Dehnh.","Árvore","Exôtica","Parque Nacional De Ubajara","Brasil",
"Eucalyptus crebra","HGQX","Eucalyptus crebra F.Muell.","Myrtaceae",,"Eucalyptus","crebra","F. Muell.","Árvore","Exôtica","Parque Nacional De Ubajara","Brasil",
"Eucalyptus incrassata subsp angulosa",,,,,"Eucalyptus","incrassata","(Schauer) F.C.Johnstone & Hallam","Árvore","Exôtica","Parque Nacional De Ubajara","Brasil","angulosa"
"Eucalyptus robusta","BLCV","Eucalyptus robusta Sm.","Myrtaceae",,"Eucalyptus","robusta","Sm.","Árvore","Exôtica","Parque Nacional De Ubajara","Brasil",
"Eucalyptus saligna","7TJ5","Eucalyptus saligna Sm.","Myrtaceae",,"Eucalyptus","saligna","Sm.","Árvore","Exôtica","Parque Nacional De Ubajara","Brasil",
"Eucalyptus tereticornis","DB6H","Eucalyptus tereticornis Sm.","Myrtaceae",,"Eucalyptus","tereticornis","Sm.","Árvore","Exôtica","Parque Nacional De Ubajara","Brasil",
"Eucalyptus viminalis",,,,,"Eucalyptus","viminalis","Labill","Árvore","Exôtica","Parque Nacional De Ubajara","Brasil",
"Mangifera indica","9YG6","Mangifera indica L.","Anacardiaceae",,"Mangifera","indica","L.","Árvore","Exôtica","Parque Nacional De Ubajara","Brasil",
"Melinis minutiflora","5XV3","Melinis minutiflora P.Beauv.","Poaceae",,"Melinis","minutiflora","P. Beauv.","Gramínea","Exôtica","Parque Nacional De Ubajara","Brasil",
"Psidium guajava","GN88","Psidium guajava L.","Myrtaceae",,"Psidium","guajava","L.","Árvore","Exôtica","Parque Nacional De Ubajara","Brasil",
"Coffea arabica","HPJF","Coffea arabica L.","Rubiaceae",,"Coffea","arabica","L.","Arbusto e herbácea","Exôtica","Parque Nacional Do Cabo Orange","Brasil",
"Jatropha curcas","5QVG","Jatropha curcas L.","Euphorbiaceae",,"Jatropha","curcas","L.","Arbusto e herbácea","Exôtica","Parque Nacional Do Cabo Orange","Brasil",
"Persea americana","787H","Persea americana Mill.","Lauraceae",,"Persea","americana","Mill","Árvore","Exôtica","Parque Nacional Do Cabo Orange","Brasil",
"Psidium guajava","GN88","Psidium guajava L.","Myrtaceae",,"Psidium","guajava","L.","Árvore","Exôtica","Parque Nacional Do Cabo Orange","Brasil",
"Prosopis juliflora","291408","Prosopis juliflora","Fabaceae",,"Prosopis","juliflora","(Sw.) DC.","Árvore","Exôtica","Parque Nacional Do Catimbau","Brasil",
"Acacia auriculiformis","85CB","Acacia auriculiformis A.Cunn. ex Benth.","Fabaceae",,"Acacia","auriculiformis","A. Cunn. ex Benth.","Árvore","Exôtica","Parque Nacional Do Descobrimento","Brasil",
"Acacia mangium","7J6D","Acacia mangium Willd.","Fabaceae",,"Acacia","mangium","Willd.","Árvore","Exôtica","Parque Nacional Do Descobrimento","Brasil",
"Christella dentata","7CS2","Christella dentata (Forssk.) Brownsey & Jermy","Thelypteridaceae",,"Christella","dentata","(Forssk.) Brownsey & Jermy","Samambaia","Exôtica","Parque Nacional Do Descobrimento","Brasil",
"Elaeis guineensis","3PPV","Elaeis guineensis Jacq.","Arecaceae",,"Elaeis","guineensis","Jacq.","Palmeira","Exôtica","Parque Nacional Do Descobrimento","Brasil",
"Megathyrsus maximus","3ST","Megathyrsus maximus (Jacq.) B.K.Simon & S.W.L.Jacobs","Poaceae",,"Megathyrsus","maximus","(Jacq.) B.K. Simon & S.W.L. Jacobs","Gramínea","Exôtica","Parque Nacional Do Descobrimento","Brasil",
"Melinis minutiflora","5XV3","Melinis minutiflora P.Beauv.","Poaceae",,"Melinis","minutiflora","P. Beauv.","Gramínea","Exôtica","Parque Nacional Do Descobrimento","Brasil",
"Mimosa caesalpiniifolia","9ST2","Mimosa caesalpiniifolia Benth.","Fabaceae",,"Mimosa","caesalpiniifolia","Benth.","Árvore","Exôtica","Parque Nacional Do Descobrimento","Brasil",
"Cenchrus purpureus","CLW9","Cenchrus purpureus (Schumach.) Morrone","Poaceae",,"Cenchrus","purpureus","(Schumach.) Morrone","Gramínea","Exôtica","Parque Nacional Do Iguaçu","Brasil",
"Christella dentata","7CS2","Christella dentata (Forssk.) Brownsey & Jermy","Thelypteridaceae",,"Christella","dentata","(Forssk.) Brownsey & Jermy","Samambaia","Exôtica","Parque Nacional Do Iguaçu","Brasil",
"Cinnamomum verum","DX2R","Cinnamomum verum J.Presl","Lauraceae",,"Cinnamomum","verum","J. Presl","Árvore","Exôtica","Parque Nacional Do Iguaçu","Brasil",
"Cirsium vulgare","3KDS","Cirsium vulgare (Savi) Ten.","Asteraceae",,"Cirsium","vulgare","(Savi) Ten.","Arbusto e herbácea","Exôtica","Parque Nacional Do Iguaçu","Brasil",
"Citrus limon","6CK7","Citrus × limon (L.) Osbeck","Rutaceae",,"Citrus","limon","(L.) Osbeck","Árvore","Exôtica","Parque Nacional Do Iguaçu","Brasil",
"Citrus sinensis","GCKX","Citrus sinensis (L.) Osbeck","Rutaceae",,"Citrus","sinensis","Osbeck","Árvore","Exôtica","Parque Nacional Do Iguaçu","Brasil",
"Cordyline fruticosa","DGQ6","Cordyline fruticosa (L.) A.Chev.","Asparagaceae",,"Cordyline","fruticosa","(L.) A.Chev.","Arbusto e herbácea","Exôtica","Parque Nacional Do Iguaçu","Brasil",
"Deparia petersenii","BWNK","Deparia petersenii (Kunze) M.Kato","Athyriaceae",,"Deparia","petersenii","(Kunze) M. Kato","Samambaia","Exôtica","Parque Nacional Do Iguaçu","Brasil",
"Epipremnum pinnatum","DGPZ","Epipremnum pinnatum (L.) Engl.","Araceae",,"Epipremnum","pinnatum","(Linden & André) G.S.Bunting","Trepadeira","Exôtica","Parque Nacional Do Iguaçu","Brasil",
"Eriobotrya japonica","B7MF","Eriobotrya japonica (Thunb.) Lindl.","Rosaceae",,"Eriobotrya","japonica","(Thunb.) Lindl.","Árvore","Exôtica","Parque Nacional Do Iguaçu","Brasil",
"Hedychium coronarium","3D3Y","Hedychium coronarium J.Koenig","Zingiberaceae",,"Hedychium","coronarium","J. König","Arbusto e herbácea","Exôtica","Parque Nacional Do Iguaçu","Brasil",
"Hovenia dulcis","3N36","Hovenia dulcis Thunb.","Rhamnaceae",,"Hovenia","dulcis","Thunb.","Árvore","Exôtica","Parque Nacional Do Iguaçu","Brasil",
"Impatiens walleriana","GZYB","Impatiens walleriana Hook.f.","Balsaminaceae",,"Impatiens","walleriana","Hook. f.","Arbusto e herbácea","Exôtica","Parque Nacional Do Iguaçu","Brasil",
"Leucaena leucocephala","8BRC","Leucaena leucocephala (Lam.) de Wit","Fabaceae",,"Leucaena","leucocephala","(Lam.) de Wit","Árvore","Exôtica","Parque Nacional Do Iguaçu","Brasil",
"Ligustrum lucidum","7QPG","Ligustrum lucidum W.T.Aiton","Oleaceae",,"Ligustrum","lucidum","W.T. Aiton","Árvore","Exôtica","Parque Nacional Do Iguaçu","Brasil",
"Mangifera indica","9YG6","Mangifera indica L.","Anacardiaceae",,"Mangifera","indica","L.","Árvore","Exôtica","Parque Nacional Do Iguaçu","Brasil",
"Megathyrsus maximus","3ST","Megathyrsus maximus (Jacq.) B.K.Simon & S.W.L.Jacobs","Poaceae",,"Megathyrsus","maximus","(Jacq.) B.K. Simon & S.W.L. Jacobs","Gramínea","Exôtica","Parque Nacional Do Iguaçu","Brasil",
"Melia azedarach","5M6R","Melia azedarach L.","Meliaceae",,"Melia","azedarach","L.","Árvore","Exôtica","Parque Nacional Do Iguaçu","Brasil",
"Monstera deliciosa","9DJX","Monstera deliciosa Liebm.","Araceae",,"Monstera","deliciosa","Liebm.","Arbusto e herbácea","Exôtica","Parque Nacional Do Iguaçu","Brasil",
"Oeceoclades maculata","7XD8","Oeceoclades maculata (Lindl.) Lindl.","Orchidaceae",,"Oeceoclades","maculata","(Lindl.) Lindl.","Arbusto e herbácea","Exôtica","Parque Nacional Do Iguaçu","Brasil",
"Persea americana","787H","Persea americana Mill.","Lauraceae",,"Persea","americana","Mill","Árvore","Exôtica","Parque Nacional Do Iguaçu","Brasil",
"Pinus elliottii","BVG","Pinus elliottii Engelm.","Pinaceae",,"Pinus","elliottii","L.","Árvore","Exôtica","Parque Nacional Do Iguaçu","Brasil",
"Psidium guajava","GN88","Psidium guajava L.","Myrtaceae",,"Psidium","guajava","L.","Árvore","Exôtica","Parque Nacional Do Iguaçu","Brasil",
"Ricinus communis","D4RB","Ricinus communis L.","Euphorbiaceae",,"Ricinus","communis","L.","Arbusto e herbácea","Exôtica","Parque Nacional Do Iguaçu","Brasil",
"Sansevieria trifasciata","K84","Dracaena trifasciata (Prain) Mabb.","Asparagaceae",,"Sansevieria","trifasciata","Prain","Arbusto e herbácea","Exôtica","Parque Nacional Do Iguaçu","Brasil",
"Sicyos edulis","3G8P","Sicyos edulis Jacq.","Cucurbitaceae",,"Sicyos","edulis","Jacq.","Trepadeira","Exôtica","Parque Nacional Do Iguaçu","Brasil",
"Syngonium podophyllum","HJQ4","Syngonium podophyllum Schott","Araceae",,"Syngonium","podophyllum","Schott","Trepadeira","Exôtica","Parque Nacional Do Iguaçu","Brasil",
"Tradescantia zebrina","6FR5","Tradescantia zebrina Heynh. ex Bosse","Commelinaceae",,"Tradescantia","zebrina","Heynh. ex Bosse","Arbusto e herbácea","Exôtica","Parque Nacional Do Iguaçu","Brasil",
"Artocarpus heterophyllus","DTMK","Artocarpus heterophyllus Lam.","Moraceae",,"Artocarpus","heterophyllus","Lam.","Árvore","Exôtica","Parque Nacional Do Itatiaia","Brasil",
"Bambusa vulgaris","B444","Bambusa vulgaris Schrad. ex J.C.Wendl.","Poaceae",,"Bambusa","vulgaris","Schrad ex JC Wendl","Bambu","Exôtica","Parque Nacional Do Itatiaia","Brasil",
"Cenchrus purpureus","CLW9","Cenchrus purpureus (Schumach.) Morrone","Poaceae",,"Cenchrus","purpureus","(Schumach.) Morrone","Gramínea","Exôtica","Parque Nacional Do Itatiaia","Brasil",
"Cirsium vulgare","3KDS","Cirsium vulgare (Savi) Ten.","Asteraceae",,"Cirsium","vulgare","(Savi) Ten.","Arbusto e herbácea","Exôtica","Parque Nacional Do Itatiaia","Brasil",
"Citrus limon","6CK7","Citrus × limon (L.) Osbeck","Rutaceae",,"Citrus","limon","(L.) Osbeck","Árvore","Exôtica","Parque Nacional Do Itatiaia","Brasil",
"Coffea arabica","HPJF","Coffea arabica L.","Rubiaceae",,"Coffea","arabica","L.","Arbusto e herbácea","Exôtica","Parque Nacional Do Itatiaia","Brasil",
"Cupressus lusitanica","54XB","Cupressus lusitanica Mill.","Cupressaceae",,"Cupressus","lusitanica","Mill.","Árvore","Exôtica","Parque Nacional Do Itatiaia","Brasil",
"Cyperus rotundus","HQRF","Cyperus rotundus L.","Cyperaceae",,"Cyperus","rotundus","L.","Gramínea","Exôtica","Parque Nacional Do Itatiaia","Brasil",
"Dracaena fragrans","DTF","Dracaena fragrans (L.) Ker Gawl.","Asparagaceae",,"Dracaena","fragrans","(L.) Ker-Gawl","Arbusto e herbácea","Exôtica","Parque Nacional Do Itatiaia","Brasil",
"Eriobotrya japonica","B7MF","Eriobotrya japonica (Thunb.) Lindl.","Rosaceae",,"Eriobotrya","japonica","(Thunb.) Lindl.","Árvore","Exôtica","Parque Nacional Do Itatiaia","Brasil",
"Hedychium coronarium","3D3Y","Hedychium coronarium J.Koenig","Zingiberaceae",,"Hedychium","coronarium","J. König","Arbusto e herbácea","Exôtica","Parque Nacional Do Itatiaia","Brasil",
"Hyparrhenia rufa","6SW2","Hyparrhenia rufa (Nees) Stapf","Poaceae",,"Hyparrhenia","rufa","(Nees) Stapf","Gramínea","Exôtica","Parque Nacional Do Itatiaia","Brasil",
"Impatiens walleriana","GZYB","Impatiens walleriana Hook.f.","Balsaminaceae",,"Impatiens","walleriana","Hook. f.","Arbusto e herbácea","Exôtica","Parque Nacional Do Itatiaia","Brasil",
"Mangifera indica","9YG6","Mangifera indica L.","Anacardiaceae",,"Mangifera","indica","L.","Árvore","Exôtica","Parque Nacional Do Itatiaia","Brasil",
"Megathyrsus maximus","3ST","Megathyrsus maximus (Jacq.) B.K.Simon & S.W.L.Jacobs","Poaceae",,"Megathyrsus","maximus","(Jacq.) B.K. Simon & S.W.L. Jacobs","Gramínea","Exôtica","Parque Nacional Do Itatiaia","Brasil",
"Melinis minutiflora","5XV3","Melinis minutiflora P.Beauv.","Poaceae",,"Melinis","minutiflora","P. Beauv.","Gramínea","Exôtica","Parque Nacional Do Itatiaia","Brasil",
"Morus alba","CDCP","Morus alba L.","Moraceae",,"Morus","alba","L.","Árvore","Exôtica","Parque Nacional Do Itatiaia","Brasil",
"Morus nigra","FLJ5","Morus nigra L.","Moraceae",,"Morus","nigra","L.","Árvore","Exôtica","Parque Nacional Do Itatiaia","Brasil",
"Nephrolepis cordifolia","9WND","Nephrolepis cordifolia (L.) C.Presl","Nephrolepidaceae",,"Nephrolepis","cordifolia","(L.) C. Presl.","Samambaia","Exôtica","Parque Nacional Do Itatiaia","Brasil",
"Phyllostachys bambusoides","FTRH","Phyllostachys bambusoides Siebold & Zucc.","Poaceae",,"Phyllostachys","bambusoides","Siebold & Zucc.","Bambu","Exôtica","Parque Nacional Do Itatiaia","Brasil",
"Pinus elliottii","BVG","Pinus elliottii Engelm.","Pinaceae",,"Pinus","elliottii","L.","Árvore","Exôtica","Parque Nacional Do Itatiaia","Brasil",
"Pinus taeda","GXYD","Pinus taeda L.","Pinaceae",,"Pinus","taeda","L.","Árvore","Exôtica","Parque Nacional Do Itatiaia","Brasil",
"Psidium guajava","GN88","Psidium guajava L.","Myrtaceae",,"Psidium","guajava","L.","Árvore","Exôtica","Parque Nacional Do Itatiaia","Brasil",
"Ricinus communis","D4RB","Ricinus communis L.","Euphorbiaceae",,"Ricinus","communis","L.","Arbusto e herbácea","Exôtica","Parque Nacional Do Itatiaia","Brasil",
"Rubus fruticosus","351908","Rubus fruticosus","Rosaceae",,"Rubus","fruticosus","L.","Arbusto e herbácea","Exôtica","Parque Nacional Do Itatiaia","Brasil",
"Rubus rosifolius","349378","Rubus rosifolius","Rosaceae",,"Rubus","rosifolius","Sm.","Arbusto e herbácea","Exôtica","Parque Nacional Do Itatiaia","Brasil",
"Sansevieria trifasciata","K84","Dracaena trifasciata (Prain) Mabb.","Asparagaceae",,"Sansevieria","trifasciata","Prain","Arbusto e herbácea","Exôtica","Parque Nacional Do Itatiaia","Brasil",
"Tradescantia zebrina","6FR5","Tradescantia zebrina Heynh. ex Bosse","Commelinaceae",,"Tradescantia","zebrina","Heynh. ex Bosse","Arbusto e herbácea","Exôtica","Parque Nacional Do Itatiaia","Brasil",
"Urochloa eminii","CCGS","Urochloa eminii (Mez) Davidse","Poaceae",,"Urochloa","eminii","(Mez) Davidse","Gramínea","Exôtica","Parque Nacional Do Itatiaia","Brasil",
"Citrus limon","6CK7","Citrus × limon (L.) Osbeck","Rutaceae",,"Citrus","limon","(L.) Osbeck","Árvore","Exôtica","Parque Nacional Do Juruena","Brasil",
"Mangifera indica","9YG6","Mangifera indica L.","Anacardiaceae",,"Mangifera","indica","L.","Árvore","Exôtica","Parque Nacional Do Juruena","Brasil",
"Psidium guajava","GN88","Psidium guajava L.","Myrtaceae",,"Psidium","guajava","L.","Árvore","Exôtica","Parque Nacional Do Juruena","Brasil",
"Acacia mangium","7J6D","Acacia mangium Willd.","Fabaceae",,"Acacia","mangium","Willd.","Árvore","Exôtica","Parque Nacional E Histórico Do Monte Pascoal","Brasil",
"Artocarpus heterophyllus","DTMK","Artocarpus heterophyllus Lam.","Moraceae",,"Artocarpus","heterophyllus","Lam.","Árvore","Exôtica","Parque Nacional E Histórico Do Monte Pascoal","Brasil",
"Elaeis guineensis","3PPV","Elaeis guineensis Jacq.","Arecaceae",,"Elaeis","guineensis","Jacq.","Palmeira","Exôtica","Parque Nacional E Histórico Do Monte Pascoal","Brasil",
"Bambusa vulgaris","B444","Bambusa vulgaris Schrad. ex J.C.Wendl.","Poaceae",,"Bambusa","vulgaris","Schrad ex JC Wendl","Bambu","Exôtica","Parque Nacional Do Pantanal Matogrossense","Brasil",
"Mangifera indica","9YG6","Mangifera indica L.","Anacardiaceae",,"Mangifera","indica","L.","Árvore","Exôtica","Parque Nacional Do Pantanal Matogrossense","Brasil",
"Urochloa subquadripara","XDV","Urochloa subquadripara (Trin.) R.D.Webster","Poaceae",,"Urochloa","subquadripara","(Trin.) R.D. Webster","Gramínea","Exôtica","Parque Nacional Do Pantanal Matogrossense","Brasil",
"Bambusa vulgaris","B444","Bambusa vulgaris Schrad. ex J.C.Wendl.","Poaceae",,"Bambusa","vulgaris","Schrad ex JC Wendl","Bambu","Exôtica","Parque Nacional Do Superagui","Brasil",
"Casuarina equisetifolia","GN3L","Casuarina equisetifolia L.","Casuarinaceae",,"Casuarina","equisetifolia","L.","Árvore","Exôtica","Parque Nacional Do Superagui","Brasil",
"Citrus limon","6CK7","Citrus × limon (L.) Osbeck","Rutaceae",,"Citrus","limon","(L.) Osbeck","Árvore","Exôtica","Parque Nacional Do Superagui","Brasil",
"Ficus microcarpa","5HSW","Ficus microcarpa L.f.","Moraceae",,"Ficus","microcarpa","L.f.","Árvore","Exôtica","Parque Nacional Do Superagui","Brasil",
"Furcraea foetida","7PG6","Furcraea foetida (L.) Haw.","Asparagaceae",,"Furcraea","foetida","(L.) Haw.","Arbusto e herbácea","Exôtica","Parque Nacional Do Superagui","Brasil",
"Melinis minutiflora","5XV3","Melinis minutiflora P.Beauv.","Poaceae",,"Melinis","minutiflora","P. Beauv.","Gramínea","Exôtica","Parque Nacional Do Superagui","Brasil",
"Morus nigra","FLJ5","Morus nigra L.","Moraceae",,"Morus","nigra","L.","Árvore","Exôtica","Parque Nacional Do Superagui","Brasil",
"Psidium guajava","GN88","Psidium guajava L.","Myrtaceae",,"Psidium","guajava","L.","Árvore","Exôtica","Parque Nacional Do Superagui","Brasil",
"Ricinus communis","D4RB","Ricinus communis L.","Euphorbiaceae",,"Ricinus","communis","L.","Arbusto e herbácea","Exôtica","Parque Nacional Do Superagui","Brasil",
"Syzygium cumini","7GBZ","Syzygium cumini (L.) Skeels","Myrtaceae",,"Syzygium","cumini","(L.) Skeels","Árvore","Exôtica","Parque Nacional Do Superagui","Brasil",
"Urochloa mutica","FPX5","Urochloa mutica (Forssk.) T.Q.Nguyen","Poaceae",,"Urochloa","mutica","(Forssk.) T.Q.Nguyen","Gramínea","Exôtica","Parque Nacional Do Superagui","Brasil",
"Mangifera indica","9YG6","Mangifera indica L.","Anacardiaceae",,"Mangifera","indica","L.","Árvore","Exôtica","Parque Nacional Dos Campos Amazônicos","Brasil",
"Urochloa brizantha","PMX","Urochloa brizantha (Hochst. ex A.Rich.) R.D.Webster","Poaceae",,"Urochloa","brizantha","(A.Rich.) R.D.Webster","Gramínea","Exôtica","Parque Nacional Dos Campos Amazônicos","Brasil",
"Acacia mangium","7J6D","Acacia mangium Willd.","Fabaceae",,"Acacia","mangium","Willd.","Árvore","Exôtica","Parque Nacional Dos Campos Ferruginosos","Brasil",
"Leucaena leucocephala","8BRC","Leucaena leucocephala (Lam.) de Wit","Fabaceae",,"Leucaena","leucocephala","(Lam.) de Wit","Árvore","Exôtica","Parque Nacional Dos Campos Ferruginosos","Brasil",
"Melinis minutiflora","5XV3","Melinis minutiflora P.Beauv.","Poaceae",,"Melinis","minutiflora","P. Beauv.","Gramínea","Exôtica","Parque Nacional Dos Campos Ferruginosos","Brasil",
"Muntingia calabura","4FMX","Muntingia calabura L.","Muntingiaceae",,"Muntingia","calabura","L.","Árvore","Exôtica","Parque Nacional Dos Campos Ferruginosos","Brasil",
"Neustanthus phaseoloides","6YFT","Neustanthus phaseoloides (Roxb.) Benth.","Fabaceae",,"Neustanthus","phaseoloides","(Roxb.) Benth.","Trepadeira","Exôtica","Parque Nacional Dos Campos Ferruginosos","Brasil",
"Urochloa eminii","CCGS","Urochloa eminii (Mez) Davidse","Poaceae",,"Urochloa","eminii","(Mez) Davidse","Gramínea","Exôtica","Parque Nacional Dos Campos Ferruginosos","Brasil",
"Melinis minutiflora","5XV3","Melinis minutiflora P.Beauv.","Poaceae",,"Melinis","minutiflora","P. Beauv.","Gramínea","Exôtica","Parque Nacional Grande Sertão Veredas","Brasil",
"Urochloa brizantha","PMX","Urochloa brizantha (Hochst. ex A.Rich.) R.D.Webster","Poaceae",,"Urochloa","brizantha","(A.Rich.) R.D.Webster","Gramínea","Exôtica","Parque Nacional Grande Sertão Veredas","Brasil",
"Hedychium coronarium","3D3Y","Hedychium coronarium J.Koenig","Zingiberaceae",,"Hedychium","coronarium","J. König","Arbusto e herbácea","Exôtica","Parque Nacional Guaricana","Brasil",
"Oeceoclades maculata","7XD8","Oeceoclades maculata (Lindl.) Lindl.","Orchidaceae",,"Oeceoclades","maculata","(Lindl.) Lindl.","Arbusto e herbácea","Exôtica","Parque Nacional Mapinguari","Brasil",
"Neustanthus phaseoloides","6YFT","Neustanthus phaseoloides (Roxb.) Benth.","Fabaceae",,"Neustanthus","phaseoloides","(Roxb.) Benth.","Trepadeira","Exôtica","Parque Nacional Mapinguari","Brasil",
"Schizolobium parahyba","J6FQ","Schizolobium parahyba (Vell.) Blake","Fabaceae",,"Schizolobium","parahyba","(Vellozo) S. F. Blake","Árvore","Exôtica","Parque Nacional Mapinguari","Brasil",
"Arundo donax","4RN4","Arundo donax L.","Poaceae",,"Arundo","donax","L.","Bambu","Exôtica","Parque Nacional Marinho De Fernando De Noronha","Brasil",
"Azadirachta indica","F9XF","Azadirachta indica A.Juss.","Meliaceae",,"Azadirachta","indica","A. Juss.","Árvore","Exôtica","Parque Nacional Marinho De Fernando De Noronha","Brasil",
"Calotropis procera","3Q8J","Calotropis procera (Aiton) W.T.Aiton","Apocynaceae",,"Calotropis","procera","(Ait.) R.Br.","Arbusto e herbácea","Exôtica","Parque Nacional Marinho De Fernando De Noronha","Brasil",
"Cenchrus purpureus","CLW9","Cenchrus purpureus (Schumach.) Morrone","Poaceae",,"Cenchrus","purpureus","(Schumach.) Morrone","Gramínea","Exôtica","Parque Nacional Marinho De Fernando De Noronha","Brasil",
"Cenchrus setaceus","CZ8J","Cenchrus setaceus (Forssk.) Morrone","Poaceae",,"Cenchrus","setaceus","(Forssk.) Morrone","Gramínea","Exôtica","Parque Nacional Marinho De Fernando De Noronha","Brasil",
"Cissus verticillata","F6ZT","Cissus verticillata (L.) Nicolson & C.E.Jarvis","Vitaceae",,"Cissus","verticillata","Nicolson & CE Jarvis","Árvore","Exôtica","Parque Nacional Marinho De Fernando De Noronha","Brasil",
"Crotalaria retusa","8YRX","Crotalaria retusa L.","Fabaceae",,"Crotalaria","retusa","L.","Arbusto e herbácea","Exôtica","Parque Nacional Marinho De Fernando De Noronha","Brasil",
"Euphorbia tirucalli","H9NR","Euphorbia tirucalli L.","Euphorbiaceae",,"Euphorbia","tirucalli","L.","Arbusto e herbácea","Exôtica","Parque Nacional Marinho De Fernando De Noronha","Brasil",
"Jatropha gossypiifolia","F3XV","Jatropha gossypiifolia L.","Euphorbiaceae",,"Jatropha","gossypiifolia","L.","Arbusto e herbácea","Exôtica","Parque Nacional Marinho De Fernando De Noronha","Brasil",
"Lantana camara","GQ8W","Lantana camara L.","Verbenaceae",,"Lantana","camara","L.","Arbusto e herbácea","Exôtica","Parque Nacional Marinho De Fernando De Noronha","Brasil",
"Leucaena leucocephala","8BRC","Leucaena leucocephala (Lam.) de Wit","Fabaceae",,"Leucaena","leucocephala","(Lam.) de Wit","Árvore","Exôtica","Parque Nacional Marinho De Fernando De Noronha","Brasil",
"Mangifera indica","9YG6","Mangifera indica L.","Anacardiaceae",,"Mangifera","indica","L.","Árvore","Exôtica","Parque Nacional Marinho De Fernando De Noronha","Brasil",
"Megathyrsus maximus","3ST","Megathyrsus maximus (Jacq.) B.K.Simon & S.W.L.Jacobs","Poaceae",,"Megathyrsus","maximus","(Jacq.) B.K. Simon & S.W.L. Jacobs","Gramínea","Exôtica","Parque Nacional Marinho De Fernando De Noronha","Brasil",
"Melia azedarach","5M6R","Melia azedarach L.","Meliaceae",,"Melia","azedarach","L.","Árvore","Exôtica","Parque Nacional Marinho De Fernando De Noronha","Brasil",
"Ricinus communis","D4RB","Ricinus communis L.","Euphorbiaceae",,"Ricinus","communis","L.","Arbusto e herbácea","Exôtica","Parque Nacional Marinho De Fernando De Noronha","Brasil",
"Terminalia catappa","523F","Terminalia catappa L.","Combretaceae",,"Terminalia","catappa","L.","Árvore","Exôtica","Parque Nacional Marinho De Fernando De Noronha","Brasil",
"Tithonia diversifolia","5C2F","Tithonia diversifolia (Hemsl.) A.Gray","Asteraceae",,"Tithonia","diversifolia","(Hemsl.) A. Gray","Arbusto e herbácea","Exôtica","Parque Nacional Marinho De Fernando De Noronha","Brasil",
"Vachellia farnesiana","387849","Vachellia farnesiana","Fabaceae",,"Vachellia","farnesiana","(L.) Wight & Arn.","Árvore","Exôtica","Parque Nacional Marinho De Fernando De Noronha","Brasil",
"Calotropis procera","3Q8J","Calotropis procera (Aiton) W.T.Aiton","Apocynaceae",,"Calotropis","procera","(Ait.) R.Br.","Arbusto e herbácea","Exôtica","Parque Nacional Marinho Dos Abrolhos","Brasil",
"Hedychium coronarium","3D3Y","Hedychium coronarium J.Koenig","Zingiberaceae",,"Hedychium","coronarium","J. König","Arbusto e herbácea","Exôtica","Parque Nacional Marinho Dos Abrolhos","Brasil",
"Terminalia catappa","523F","Terminalia catappa L.","Combretaceae",,"Terminalia","catappa","L.","Árvore","Exôtica","Parque Nacional Marinho Dos Abrolhos","Brasil",
"Acacia auriculiformis","85CB","Acacia auriculiformis A.Cunn. ex Benth.","Fabaceae",,"Acacia","auriculiformis","A. Cunn. ex Benth.","Árvore","Exôtica","Parque Nacional Do Pau Brasil","Brasil",
"Acacia mangium","7J6D","Acacia mangium Willd.","Fabaceae",,"Acacia","mangium","Willd.","Árvore","Exôtica","Parque Nacional Do Pau Brasil","Brasil",
"Artocarpus heterophyllus","DTMK","Artocarpus heterophyllus Lam.","Moraceae",,"Artocarpus","heterophyllus","Lam.","Árvore","Exôtica","Parque Nacional Do Pau Brasil","Brasil",
"Christella dentata","7CS2","Christella dentata (Forssk.) Brownsey & Jermy","Thelypteridaceae",,"Christella","dentata","(Forssk.) Brownsey & Jermy","Samambaia","Exôtica","Parque Nacional Do Pau Brasil","Brasil",
"Elaeis guineensis","3PPV","Elaeis guineensis Jacq.","Arecaceae",,"Elaeis","guineensis","Jacq.","Palmeira","Exôtica","Parque Nacional Do Pau Brasil","Brasil",
"Megathyrsus maximus","3ST","Megathyrsus maximus (Jacq.) B.K.Simon & S.W.L.Jacobs","Poaceae",,"Megathyrsus","maximus","(Jacq.) B.K. Simon & S.W.L. Jacobs","Gramínea","Exôtica","Parque Nacional Do Pau Brasil","Brasil",
"Mimosa caesalpiniifolia","9ST2","Mimosa caesalpiniifolia Benth.","Fabaceae",,"Mimosa","caesalpiniifolia","Benth.","Árvore","Exôtica","Parque Nacional Do Pau Brasil","Brasil",
"Urochloa eminii","CCGS","Urochloa eminii (Mez) Davidse","Poaceae",,"Urochloa","eminii","(Mez) Davidse","Gramínea","Exôtica","Parque Nacional Do Pau Brasil","Brasil",
"Casuarina equisetifolia","GN3L","Casuarina equisetifolia L.","Casuarinaceae",,"Casuarina","equisetifolia","L.","Árvore","Exôtica","Parque Nacional Restinga De Jurubatiba","Brasil",
"Hedychium coronarium","3D3Y","Hedychium coronarium J.Koenig","Zingiberaceae",,"Hedychium","coronarium","J. König","Arbusto e herbácea","Exôtica","Parque Nacional Restinga De Jurubatiba","Brasil",
"Pinus elliottii","BVG","Pinus elliottii Engelm.","Pinaceae",,"Pinus","elliottii","L.","Árvore","Exôtica","Parque Nacional Restinga De Jurubatiba","Brasil",
"Pinus taeda","GXYD","Pinus taeda L.","Pinaceae",,"Pinus","taeda","L.","Árvore","Exôtica","Parque Nacional Restinga De Jurubatiba","Brasil",
"Aristida adscensionis","35Z","Aristida adscensionis L.","Poaceae",,"Aristida","adscensionis","L.","Gramínea","Exôtica","Parque Nacional Da Serra Das Confusões","Brasil",
"Calotropis procera","3Q8J","Calotropis procera (Aiton) W.T.Aiton","Apocynaceae",,"Calotropis","procera","(Ait.) R.Br.","Arbusto e herbácea","Exôtica","Parque Nacional Da Serra Das Confusões","Brasil",
"Cryptostegia grandiflora","4F2D","Cryptostegia grandiflora R.Br.","Apocynaceae",,"Cryptostegia","grandiflora","R.Br.","Trepadeira","Exôtica","Parque Nacional Da Serra Das Confusões","Brasil",
"Prosopis pallida","F5VC","Prosopis pallida (Humb. & Bonpl. ex Willd.) Kunth","Fabaceae",,"Prosopis","pallida","Kunth","Arbusto e herbácea","Exôtica","Parque Nacional Da Serra Das Confusões","Brasil",
"Artocarpus heterophyllus","DTMK","Artocarpus heterophyllus Lam.","Moraceae",,"Artocarpus","heterophyllus","Lam.","Árvore","Exôtica","Refúgio De Vida Silvestre De Boa Nova","Brasil",
"Eucalyptus robusta","BLCV","Eucalyptus robusta Sm.","Myrtaceae",,"Eucalyptus","robusta","Sm.","Árvore","Exôtica","Refúgio De Vida Silvestre De Boa Nova","Brasil",
"Mangifera indica","9YG6","Mangifera indica L.","Anacardiaceae",,"Mangifera","indica","L.","Árvore","Exôtica","Refúgio De Vida Silvestre De Boa Nova","Brasil",
"Prosopis juliflora","291408","Prosopis juliflora","Fabaceae",,"Prosopis","juliflora","(Sw.) DC.","Árvore","Exôtica","Refúgio De Vida Silvestre De Boa Nova","Brasil",
"Psidium guajava","GN88","Psidium guajava L.","Myrtaceae",,"Psidium","guajava","L.","Árvore","Exôtica","Refúgio De Vida Silvestre De Boa Nova","Brasil",
"Ricinus communis","D4RB","Ricinus communis L.","Euphorbiaceae",,"Ricinus","communis","L.","Arbusto e herbácea","Exôtica","Refúgio De Vida Silvestre De Boa Nova","Brasil",
"Sansevieria trifasciata","K84","Dracaena trifasciata (Prain) Mabb.","Asparagaceae",,"Sansevieria","trifasciata","Prain","Arbusto e herbácea","Exôtica","Refúgio De Vida Silvestre De Boa Nova","Brasil",
"Tecoma stans","7MP4","Tecoma stans (L.) Juss. ex Kunth","Bignoniaceae",,"Tecoma","stans","(L.) Juss. ex Kunth","Árvore","Exôtica","Refúgio De Vida Silvestre De Boa Nova","Brasil",
"Artocarpus heterophyllus","DTMK","Artocarpus heterophyllus Lam.","Moraceae",,"Artocarpus","heterophyllus","Lam.","Árvore","Exôtica","Refúgio De Vida Silvestre De Santa Cruz","Brasil",
"Bambusa vulgaris","B444","Bambusa vulgaris Schrad. ex J.C.Wendl.","Poaceae",,"Bambusa","vulgaris","Schrad ex JC Wendl","Bambu","Exôtica","Refúgio De Vida Silvestre Do Arquipélago De Alcatrazes","Brasil",
"Christella dentata","7CS2","Christella dentata (Forssk.) Brownsey & Jermy","Thelypteridaceae",,"Christella","dentata","(Forssk.) Brownsey & Jermy","Samambaia","Exôtica","Refúgio De Vida Silvestre Do Arquipélago De Alcatrazes","Brasil",
"Coix lacryma-jobi","H5JC","Coix lacryma-jobi L.","Poaceae",,"Coix","lacryma-jobi","L.","Arbusto e herbácea","Exôtica","Refúgio De Vida Silvestre Do Arquipélago De Alcatrazes","Brasil",
"Cynodon dactylon","DJM7","Cynodon dactylon (L.) Pers.","Poaceae",,"Cynodon","dactylon","(L.) Pers.","Gramínea","Exôtica","Refúgio De Vida Silvestre Do Arquipélago De Alcatrazes","Brasil",
"Furcraea foetida","7PG6","Furcraea foetida (L.) Haw.","Asparagaceae",,"Furcraea","foetida","(L.) Haw.","Arbusto e herbácea","Exôtica","Refúgio De Vida Silvestre Do Arquipélago De Alcatrazes","Brasil",
"Melinis minutiflora","5XV3","Melinis minutiflora P.Beauv.","Poaceae",,"Melinis","minutiflora","P. Beauv.","Gramínea","Exôtica","Refúgio De Vida Silvestre Do Arquipélago De Alcatrazes","Brasil",
"Persea americana","787H","Persea americana Mill.","Lauraceae",,"Persea","americana","Mill","Árvore","Exôtica","Refúgio De Vida Silvestre Do Arquipélago De Alcatrazes","Brasil",
"Ricinus communis","D4RB","Ricinus communis L.","Euphorbiaceae",,"Ricinus","communis","L.","Arbusto e herbácea","Exôtica","Refúgio De Vida Silvestre Do Arquipélago De Alcatrazes","Brasil",
"Eragrostis plana","6VFM","Eragrostis plana Nees","Poaceae",,"Eragrostis","plana","Nees","Gramínea","Exôtica","Refúgio De Vida Silvestre Dos Campos De Palmas","Brasil",
"Melinis minutiflora","5XV3","Melinis minutiflora P.Beauv.","Poaceae",,"Melinis","minutiflora","P. Beauv.","Gramínea","Exôtica","Refúgio De Vida Silvestre Dos Campos De Palmas","Brasil",
"Melinis repens","HNF9","Melinis repens (Willd.) Zizka","Poaceae",,"Melinis","repens","(Willd.) Zizka","Gramínea","Exôtica","Refúgio De Vida Silvestre Dos Campos De Palmas","Brasil",
"Urochloa brizantha","PMX","Urochloa brizantha (Hochst. ex A.Rich.) R.D.Webster","Poaceae",,"Urochloa","brizantha","(A.Rich.) R.D.Webster","Gramínea","Exôtica","Refúgio De Vida Silvestre Dos Campos De Palmas","Brasil",
"Urochloa eminii","CCGS","Urochloa eminii (Mez) Davidse","Poaceae",,"Urochloa","eminii","(Mez) Davidse","Gramínea","Exôtica","Refúgio De Vida Silvestre Dos Campos De Palmas","Brasil",
"Casuarina equisetifolia","GN3L","Casuarina equisetifolia L.","Casuarinaceae",,"Casuarina","equisetifolia","L.","Árvore","Exôtica","Reserva Biológica Do Atol Das Rocas","Brasil",
"Andropogon gayanus","FSPV","Andropogon gayanus Kunth","Poaceae",,"Andropogon","gayanus","Kunth","Gramínea","Exôtica","Reserva Biológica Da Contagem","Brasil",
"Hyparrhenia rufa","6SW2","Hyparrhenia rufa (Nees) Stapf","Poaceae",,"Hyparrhenia","rufa","(Nees) Stapf","Gramínea","Exôtica","Reserva Biológica Da Contagem","Brasil",
"Urochloa eminii","CCGS","Urochloa eminii (Mez) Davidse","Poaceae",,"Urochloa","eminii","(Mez) Davidse","Gramínea","Exôtica","Reserva Biológica Da Contagem","Brasil",
"Mangifera indica","9YG6","Mangifera indica L.","Anacardiaceae",,"Mangifera","indica","L.","Árvore","Exôtica","Reserva Biológica Da Mata Escura","Brasil",
"Hovenia dulcis","3N36","Hovenia dulcis Thunb.","Rhamnaceae",,"Hovenia","dulcis","Thunb.","Árvore","Exôtica","Reserva Biológica Das Araucárias","Brasil",
"Cynodon plectostachyus","4444","Cynodon plectostachyus (K.Schum.) Pilg","Poaceae",,"Cynodon","plectostachyus","(K.Schum.) Pilg.","Gramínea","Exôtica","Reserva Biológica Das Perobas","Brasil",
"Hedychium coronarium","3D3Y","Hedychium coronarium J.Koenig","Zingiberaceae",,"Hedychium","coronarium","J. König","Arbusto e herbácea","Exôtica","Reserva Biológica Das Perobas","Brasil",
"Mangifera indica","9YG6","Mangifera indica L.","Anacardiaceae",,"Mangifera","indica","L.","Árvore","Exôtica","Reserva Biológica Das Perobas","Brasil",
"Megathyrsus maximus","3ST","Megathyrsus maximus (Jacq.) B.K.Simon & S.W.L.Jacobs","Poaceae",,"Megathyrsus","maximus","(Jacq.) B.K. Simon & S.W.L. Jacobs","Gramínea","Exôtica","Reserva Biológica Das Perobas","Brasil",
"Melia azedarach","5M6R","Melia azedarach L.","Meliaceae",,"Melia","azedarach","L.","Árvore","Exôtica","Reserva Biológica Das Perobas","Brasil",
"Ricinus communis","D4RB","Ricinus communis L.","Euphorbiaceae",,"Ricinus","communis","L.","Arbusto e herbácea","Exôtica","Reserva Biológica Das Perobas","Brasil",
"Urochloa eminii","CCGS","Urochloa eminii (Mez) Davidse","Poaceae",,"Urochloa","eminii","(Mez) Davidse","Gramínea","Exôtica","Reserva Biológica Das Perobas","Brasil",
"Urochloa plantaginea","V2D","Urochloa plantaginea (Link) R.D.Webster","Poaceae",,"Urochloa","plantaginea","(Link) R.D.Webster","Gramínea","Exôtica","Reserva Biológica Das Perobas","Brasil",
"Casuarina equisetifolia","GN3L","Casuarina equisetifolia L.","Casuarinaceae",,"Casuarina","equisetifolia","L.","Árvore","Exôtica","Reserva Biológica De Comboios","Brasil",
"Cenchrus clandestinus","Z64","Cenchrus clandestinus (Hochst. ex Chiov.) Morrone","Poaceae",,"Cenchrus","clandestinus","(Hochst. ex Chiov.) Morrone","Gramínea","Exôtica","Reserva Biológica De Comboios","Brasil",
"Terminalia catappa","523F","Terminalia catappa L.","Combretaceae",,"Terminalia","catappa","L.","Árvore","Exôtica","Reserva Biológica De Comboios","Brasil",
"Coffea arabica","HPJF","Coffea arabica L.","Rubiaceae",,"Coffea","arabica","L.","Arbusto e herbácea","Exôtica","Reserva Biológica De Pedra Talhada","Brasil",
"Kalanchoe pinnata","HYF8","Kalanchoe pinnata (Lam.) Pers.","Crassulaceae",,"Kalanchoe","pinnata","(Lam.) Pers.","Arbusto e herbácea","Exôtica","Reserva Biológica De Pedra Talhada","Brasil",
"Artocarpus heterophyllus","DTMK","Artocarpus heterophyllus Lam.","Moraceae",,"Artocarpus","heterophyllus","Lam.","Árvore","Exôtica","Reserva Biológica De Poço Das Antas","Brasil",
"Bambusa vulgaris","B444","Bambusa vulgaris Schrad. ex J.C.Wendl.","Poaceae",,"Bambusa","vulgaris","Schrad ex JC Wendl","Bambu","Exôtica","Reserva Biológica De Poço Das Antas","Brasil",
"Elaeis guineensis","3PPV","Elaeis guineensis Jacq.","Arecaceae",,"Elaeis","guineensis","Jacq.","Palmeira","Exôtica","Reserva Biológica De Poço Das Antas","Brasil",
"Hedychium coronarium","3D3Y","Hedychium coronarium J.Koenig","Zingiberaceae",,"Hedychium","coronarium","J. König","Arbusto e herbácea","Exôtica","Reserva Biológica De Poço Das Antas","Brasil",
"Mangifera indica","9YG6","Mangifera indica L.","Anacardiaceae",,"Mangifera","indica","L.","Árvore","Exôtica","Reserva Biológica De Poço Das Antas","Brasil",
"Megathyrsus maximus","3ST","Megathyrsus maximus (Jacq.) B.K.Simon & S.W.L.Jacobs","Poaceae",,"Megathyrsus","maximus","(Jacq.) B.K. Simon & S.W.L. Jacobs","Gramínea","Exôtica","Reserva Biológica De Poço Das Antas","Brasil",
"Melinis minutiflora","5XV3","Melinis minutiflora P.Beauv.","Poaceae",,"Melinis","minutiflora","P. Beauv.","Gramínea","Exôtica","Reserva Biológica De Poço Das Antas","Brasil",
"Psidium guajava","GN88","Psidium guajava L.","Myrtaceae",,"Psidium","guajava","L.","Árvore","Exôtica","Reserva Biológica De Poço Das Antas","Brasil",
"Terminalia catappa","523F","Terminalia catappa L.","Combretaceae",,"Terminalia","catappa","L.","Árvore","Exôtica","Reserva Biológica De Poço Das Antas","Brasil",
"Urena lobata","FZ73","Urena lobata L.","Malvaceae",,"Urena","lobata","L.","Arbusto e herbácea","Exôtica","Reserva Biológica De Poço Das Antas","Brasil",
"Artocarpus heterophyllus","DTMK","Artocarpus heterophyllus Lam.","Moraceae",,"Artocarpus","heterophyllus","Lam.","Árvore","Exôtica","Reserva Biológica De Saltinho","Brasil",
"Cenchrus purpureus","CLW9","Cenchrus purpureus (Schumach.) Morrone","Poaceae",,"Cenchrus","purpureus","(Schumach.) Morrone","Gramínea","Exôtica","Reserva Biológica De Saltinho","Brasil",
"Coffea arabica","HPJF","Coffea arabica L.","Rubiaceae",,"Coffea","arabica","L.","Arbusto e herbácea","Exôtica","Reserva Biológica De Saltinho","Brasil",
"Dieffenbachia amoena","F65W","Dieffenbachia seguine (Jacq.) Schott","Araceae",,"Dieffenbachia","amoena","Bull","Gramínea","Exôtica","Reserva Biológica De Saltinho","Brasil",
"Elaeis guineensis","3PPV","Elaeis guineensis Jacq.","Arecaceae",,"Elaeis","guineensis","Jacq.","Palmeira","Exôtica","Reserva Biológica De Saltinho","Brasil",
"Mangifera indica","9YG6","Mangifera indica L.","Anacardiaceae",,"Mangifera","indica","L.","Árvore","Exôtica","Reserva Biológica De Saltinho","Brasil",
"Megathyrsus maximus","3ST","Megathyrsus maximus (Jacq.) B.K.Simon & S.W.L.Jacobs","Poaceae",,"Megathyrsus","maximus","(Jacq.) B.K. Simon & S.W.L. Jacobs","Gramínea","Exôtica","Reserva Biológica De Saltinho","Brasil",
"Phyllostachys bambusoides","FTRH","Phyllostachys bambusoides Siebold & Zucc.","Poaceae",,"Phyllostachys","bambusoides","Siebold & Zucc.","Bambu","Exôtica","Reserva Biológica De Saltinho","Brasil",
"Pinus caribaea","CXT7","Pinus caribaea Morelet","Pinaceae",,"Pinus","caribaea","Morelet","Árvore","Exôtica","Reserva Biológica De Saltinho","Brasil",
"Psidium guajava","GN88","Psidium guajava L.","Myrtaceae",,"Psidium","guajava","L.","Árvore","Exôtica","Reserva Biológica De Saltinho","Brasil",
"Syzygium cumini","7GBZ","Syzygium cumini (L.) Skeels","Myrtaceae",,"Syzygium","cumini","(L.) Skeels","Árvore","Exôtica","Reserva Biológica De Saltinho","Brasil",
"Syzygium jambos","GMFG","Syzygium jambos (L.) Alston","Myrtaceae",,"Syzygium","jambos","(L.) Alston","Árvore","Exôtica","Reserva Biológica De Saltinho","Brasil",
"Syzygium malaccense","8B6B","Syzygium malaccense (L.) Merr. & L.M.Perry","Myrtaceae",,"Syzygium","malaccense","(L.) Merr. & LM Perry","Árvore","Exôtica","Reserva Biológica De Saltinho","Brasil",
"Calotropis procera","3Q8J","Calotropis procera (Aiton) W.T.Aiton","Apocynaceae",,"Calotropis","procera","(Ait.) R.Br.","Arbusto e herbácea","Exôtica","Reserva Biológica De Santa Isabel","Brasil",
"Psidium guajava","GN88","Psidium guajava L.","Myrtaceae",,"Psidium","guajava","L.","Árvore","Exôtica","Reserva Biológica De Santa Isabel","Brasil",
"Artocarpus heterophyllus","DTMK","Artocarpus heterophyllus Lam.","Moraceae",,"Artocarpus","heterophyllus","Lam.","Árvore","Exôtica","Reserva Biológica De Sooretama","Brasil",
"Elaeis guineensis","3PPV","Elaeis guineensis Jacq.","Arecaceae",,"Elaeis","guineensis","Jacq.","Palmeira","Exôtica","Reserva Biológica De Sooretama","Brasil",
"Tradescantia zebrina","6FR5","Tradescantia zebrina Heynh. ex Bosse","Commelinaceae",,"Tradescantia","zebrina","Heynh. ex Bosse","Arbusto e herbácea","Exôtica","Reserva Biológica De Sooretama","Brasil",
"Artocarpus heterophyllus","DTMK","Artocarpus heterophyllus Lam.","Moraceae",,"Artocarpus","heterophyllus","Lam.","Árvore","Exôtica","Reserva Biológica De Una","Brasil",
"Elaeis guineensis","3PPV","Elaeis guineensis Jacq.","Arecaceae",,"Elaeis","guineensis","Jacq.","Palmeira","Exôtica","Reserva Biológica De Una","Brasil",
"Christella dentata","7CS2","Christella dentata (Forssk.) Brownsey & Jermy","Thelypteridaceae",,"Christella","dentata","(Forssk.) Brownsey & Jermy","Samambaia","Exôtica","Reserva Biológica Do Córrego Do Veado","Brasil",
"Artocarpus heterophyllus","DTMK","Artocarpus heterophyllus Lam.","Moraceae",,"Artocarpus","heterophyllus","Lam.","Árvore","Exôtica","Reserva Biológica Do Córrego Grande","Brasil",
"Christella dentata","7CS2","Christella dentata (Forssk.) Brownsey & Jermy","Thelypteridaceae",,"Christella","dentata","(Forssk.) Brownsey & Jermy","Samambaia","Exôtica","Reserva Biológica Do Córrego Grande","Brasil",
"Elaeis guineensis","3PPV","Elaeis guineensis Jacq.","Arecaceae",,"Elaeis","guineensis","Jacq.","Palmeira","Exôtica","Reserva Biológica Do Córrego Grande","Brasil",
"Mangifera indica","9YG6","Mangifera indica L.","Anacardiaceae",,"Mangifera","indica","L.","Árvore","Exôtica","Reserva Biológica Do Córrego Grande","Brasil",
"Psidium guajava","GN88","Psidium guajava L.","Myrtaceae",,"Psidium","guajava","L.","Árvore","Exôtica","Reserva Biológica Do Córrego Grande","Brasil",
"Mangifera indica","9YG6","Mangifera indica L.","Anacardiaceae",,"Mangifera","indica","L.","Árvore","Exôtica","Reserva Biológica Do Jaru","Brasil",
"Megathyrsus maximus","3ST","Megathyrsus maximus (Jacq.) B.K.Simon & S.W.L.Jacobs","Poaceae",,"Megathyrsus","maximus","(Jacq.) B.K. Simon & S.W.L. Jacobs","Gramínea","Exôtica","Reserva Biológica Do Jaru","Brasil",
"Mangifera indica","9YG6","Mangifera indica L.","Anacardiaceae",,"Mangifera","indica","L.","Árvore","Exôtica","Reserva Biológica Do Rio Trombetas","Brasil",
"Psidium guajava","GN88","Psidium guajava L.","Myrtaceae",,"Psidium","guajava","L.","Árvore","Exôtica","Reserva Biológica Do Rio Trombetas","Brasil",
"Artocarpus heterophyllus","DTMK","Artocarpus heterophyllus Lam.","Moraceae",,"Artocarpus","heterophyllus","Lam.","Árvore","Exôtica","Reserva Biológica Do Tapirapé","Brasil",
"Citrus sinensis","GCKX","Citrus sinensis (L.) Osbeck","Rutaceae",,"Citrus","sinensis","Osbeck","Árvore","Exôtica","Reserva Biológica Do Tapirapé","Brasil",
"Mangifera indica","9YG6","Mangifera indica L.","Anacardiaceae",,"Mangifera","indica","L.","Árvore","Exôtica","Reserva Biológica Do Tapirapé","Brasil",
"Psidium guajava","GN88","Psidium guajava L.","Myrtaceae",,"Psidium","guajava","L.","Árvore","Exôtica","Reserva Biológica Do Tapirapé","Brasil",
"Syzygium cumini","7GBZ","Syzygium cumini (L.) Skeels","Myrtaceae",,"Syzygium","cumini","(L.) Skeels","Árvore","Exôtica","Reserva Biológica Do Tapirapé","Brasil",
"Artocarpus heterophyllus","DTMK","Artocarpus heterophyllus Lam.","Moraceae",,"Artocarpus","heterophyllus","Lam.","Árvore","Exôtica","Reserva Biológica Do Tinguá","Brasil",
"Bambusa vulgaris","B444","Bambusa vulgaris Schrad. ex J.C.Wendl.","Poaceae",,"Bambusa","vulgaris","Schrad ex JC Wendl","Bambu","Exôtica","Reserva Biológica Do Tinguá","Brasil",
"Clitoria fairchildiana","8Z6B","Clitoria fairchildiana R.A.Howard","Fabaceae",,"Clitoria","fairchildiana","R.A. Howard","Árvore","Exôtica","Reserva Biológica Do Tinguá","Brasil",
"Hedychium coronarium","3D3Y","Hedychium coronarium J.Koenig","Zingiberaceae",,"Hedychium","coronarium","J. König","Arbusto e herbácea","Exôtica","Reserva Biológica Do Tinguá","Brasil",
"Mangifera indica","9YG6","Mangifera indica L.","Anacardiaceae",,"Mangifera","indica","L.","Árvore","Exôtica","Reserva Biológica Do Tinguá","Brasil",
"Melinis minutiflora","5XV3","Melinis minutiflora P.Beauv.","Poaceae",,"Melinis","minutiflora","P. Beauv.","Gramínea","Exôtica","Reserva Biológica Do Tinguá","Brasil",
"Rubus rosifolius","349378","Rubus rosifolius","Rosaceae",,"Rubus","rosifolius","Sm.","Arbusto e herbácea","Exôtica","Reserva Biológica Do Tinguá","Brasil",
"Syzygium cumini","7GBZ","Syzygium cumini (L.) Skeels","Myrtaceae",,"Syzygium","cumini","(L.) Skeels","Árvore","Exôtica","Reserva Biológica Do Tinguá","Brasil",
"Artocarpus heterophyllus","DTMK","Artocarpus heterophyllus Lam.","Moraceae",,"Artocarpus","heterophyllus","Lam.","Árvore","Exôtica","Reserva Biológica Guaribas","Brasil",
"Elaeis guineensis","3PPV","Elaeis guineensis Jacq.","Arecaceae",,"Elaeis","guineensis","Jacq.","Palmeira","Exôtica","Reserva Biológica Guaribas","Brasil",
"Leucaena leucocephala","8BRC","Leucaena leucocephala (Lam.) de Wit","Fabaceae",,"Leucaena","leucocephala","(Lam.) de Wit","Árvore","Exôtica","Reserva Biológica Guaribas","Brasil",
"Mangifera indica","9YG6","Mangifera indica L.","Anacardiaceae",,"Mangifera","indica","L.","Árvore","Exôtica","Reserva Biológica Guaribas","Brasil",
"Megathyrsus maximus","3ST","Megathyrsus maximus (Jacq.) B.K.Simon & S.W.L.Jacobs","Poaceae",,"Megathyrsus","maximus","(Jacq.) B.K. Simon & S.W.L. Jacobs","Gramínea","Exôtica","Reserva Biológica Guaribas","Brasil",
"Sansevieria trifasciata","K84","Dracaena trifasciata (Prain) Mabb.","Asparagaceae",,"Sansevieria","trifasciata","Prain","Arbusto e herbácea","Exôtica","Reserva Biológica Guaribas","Brasil",
"Urochloa eminii","CCGS","Urochloa eminii (Mez) Davidse","Poaceae",,"Urochloa","eminii","(Mez) Davidse","Gramínea","Exôtica","Reserva Biológica Guaribas","Brasil",
"Arundo donax","4RN4","Arundo donax L.","Poaceae",,"Arundo","donax","L.","Bambu","Exôtica","Reserva Biológica Marinha Do Arvoredo","Brasil",
"Cenchrus purpureus","CLW9","Cenchrus purpureus (Schumach.) Morrone","Poaceae",,"Cenchrus","purpureus","(Schumach.) Morrone","Gramínea","Exôtica","Reserva Biológica Marinha Do Arvoredo","Brasil",
"Furcraea foetida","7PG6","Furcraea foetida (L.) Haw.","Asparagaceae",,"Furcraea","foetida","(L.) Haw.","Arbusto e herbácea","Exôtica","Reserva Biológica Marinha Do Arvoredo","Brasil",
"Hedychium coronarium","3D3Y","Hedychium coronarium J.Koenig","Zingiberaceae",,"Hedychium","coronarium","J. König","Arbusto e herbácea","Exôtica","Reserva Biológica Marinha Do Arvoredo","Brasil",
"Megathyrsus maximus","3ST","Megathyrsus maximus (Jacq.) B.K.Simon & S.W.L.Jacobs","Poaceae",,"Megathyrsus","maximus","(Jacq.) B.K. Simon & S.W.L. Jacobs","Gramínea","Exôtica","Reserva Biológica Marinha Do Arvoredo","Brasil",
"Melinis minutiflora","5XV3","Melinis minutiflora P.Beauv.","Poaceae",,"Melinis","minutiflora","P. Beauv.","Gramínea","Exôtica","Reserva Biológica Marinha Do Arvoredo","Brasil",
"Psidium guajava","GN88","Psidium guajava L.","Myrtaceae",,"Psidium","guajava","L.","Árvore","Exôtica","Reserva Biológica Marinha Do Arvoredo","Brasil",
"Terminalia catappa","523F","Terminalia catappa L.","Combretaceae",,"Terminalia","catappa","L.","Árvore","Exôtica","Reserva Biológica Marinha Do Arvoredo","Brasil",
"Urochloa mutica","FPX5","Urochloa mutica (Forssk.) T.Q.Nguyen","Poaceae",,"Urochloa","mutica","(Forssk.) T.Q.Nguyen","Gramínea","Exôtica","Reserva Biológica Marinha Do Arvoredo","Brasil",
"Mangifera indica","9YG6","Mangifera indica L.","Anacardiaceae",,"Mangifera","indica","L.","Árvore","Exôtica","Reserva Biológica Nascentes Serra Do Cachimbo","Brasil",
"Artocarpus heterophyllus","DTMK","Artocarpus heterophyllus Lam.","Moraceae",,"Artocarpus","heterophyllus","Lam.","Árvore","Exôtica","Reserva Biológica União","Brasil",
"Bambusa vulgaris","B444","Bambusa vulgaris Schrad. ex J.C.Wendl.","Poaceae",,"Bambusa","vulgaris","Schrad ex JC Wendl","Bambu","Exôtica","Reserva Biológica União","Brasil",
"Casuarina equisetifolia","GN3L","Casuarina equisetifolia L.","Casuarinaceae",,"Casuarina","equisetifolia","L.","Árvore","Exôtica","Reserva Biológica União","Brasil",
"Hedychium coronarium","3D3Y","Hedychium coronarium J.Koenig","Zingiberaceae",,"Hedychium","coronarium","J. König","Arbusto e herbácea","Exôtica","Reserva Biológica União","Brasil",
"Hyparrhenia rufa","6SW2","Hyparrhenia rufa (Nees) Stapf","Poaceae",,"Hyparrhenia","rufa","(Nees) Stapf","Gramínea","Exôtica","Reserva Biológica União","Brasil",
"Megathyrsus maximus","3ST","Megathyrsus maximus (Jacq.) B.K.Simon & S.W.L.Jacobs","Poaceae",,"Megathyrsus","maximus","(Jacq.) B.K. Simon & S.W.L. Jacobs","Gramínea","Exôtica","Reserva Biológica União","Brasil",
"Melinis minutiflora","5XV3","Melinis minutiflora P.Beauv.","Poaceae",,"Melinis","minutiflora","P. Beauv.","Gramínea","Exôtica","Reserva Biológica União","Brasil",
"Musa balbisiana","DJ7B","Musa balbisiana Colla","Musaceae",,"Musa","balbisiana","Colla","Arbusto e herbácea","Exôtica","Reserva Biológica União","Brasil",
"Psidium guajava","GN88","Psidium guajava L.","Myrtaceae",,"Psidium","guajava","L.","Árvore","Exôtica","Reserva Biológica União","Brasil",
"Terminalia catappa","523F","Terminalia catappa L.","Combretaceae",,"Terminalia","catappa","L.","Árvore","Exôtica","Reserva Biológica União","Brasil",
"Urochloa eminii","CCGS","Urochloa eminii (Mez) Davidse","Poaceae",,"Urochloa","eminii","(Mez) Davidse","Gramínea","Exôtica","Reserva Biológica União","Brasil",
"Azadirachta indica","F9XF","Azadirachta indica A.Juss.","Meliaceae",,"Azadirachta","indica","A. Juss.","Árvore","Exôtica","Reserva Extrativista Do Batoque","Brasil",
"Calotropis procera","3Q8J","Calotropis procera (Aiton) W.T.Aiton","Apocynaceae",,"Calotropis","procera","(Ait.) R.Br.","Arbusto e herbácea","Exôtica","Reserva Extrativista Do Batoque","Brasil",
"Urochloa eminii","CCGS","Urochloa eminii (Mez) Davidse","Poaceae",,"Urochloa","eminii","(Mez) Davidse","Gramínea","Exôtica","Reserva Extrativista Do Cazumbá-Iracema","Brasil",
"Urochloa humidicola","9FLX","Urochloa humidicola (Rendle) Morrone & Zuloaga","Poaceae",,"Urochloa","humidicola","(Rendle) Morrone & Zuloaga","Gramínea","Exôtica","Reserva Extrativista Do Cazumbá-Iracema","Brasil",
"Calotropis procera","3Q8J","Calotropis procera (Aiton) W.T.Aiton","Apocynaceae",,"Calotropis","procera","(Ait.) R.Br.","Arbusto e herbácea","Exôtica","Reserva Extrativista Maracanã","Brasil",
"Jatropha curcas","5QVG","Jatropha curcas L.","Euphorbiaceae",,"Jatropha","curcas","L.","Arbusto e herbácea","Exôtica","Reserva Extrativista Maracanã","Brasil",
"Mangifera indica","9YG6","Mangifera indica L.","Anacardiaceae",,"Mangifera","indica","L.","Árvore","Exôtica","Reserva Extrativista Maracanã","Brasil",
"Persea americana","787H","Persea americana Mill.","Lauraceae",,"Persea","americana","Mill","Árvore","Exôtica","Reserva Extrativista Maracanã","Brasil",
"Psidium guajava","GN88","Psidium guajava L.","Myrtaceae",,"Psidium","guajava","L.","Árvore","Exôtica","Reserva Extrativista Maracanã","Brasil",
"Ricinus communis","D4RB","Ricinus communis L.","Euphorbiaceae",,"Ricinus","communis","L.","Arbusto e herbácea","Exôtica","Reserva Extrativista Maracanã","Brasil",
"Terminalia catappa","523F","Terminalia catappa L.","Combretaceae",,"Terminalia","catappa","L.","Árvore","Exôtica","Reserva Extrativista Maracanã","Brasil",
"Cenchrus echinatus","68HJ","Cenchrus echinatus L.","Poaceae",,"Cenchrus","echinatus","L.","Gramínea","Exôtica","Reserva Extrativista Marinha Caetétaperaçu","Brasil",
"Mangifera indica","9YG6","Mangifera indica L.","Anacardiaceae",,"Mangifera","indica","L.","Árvore","Exôtica","Reserva Extrativista Marinha Caetétaperaçu","Brasil",
"Elaeis guineensis","3PPV","Elaeis guineensis Jacq.","Arecaceae",,"Elaeis","guineensis","Jacq.","Palmeira","Exôtica","Reserva Extrativista Marinha Da Baia De Iguapé","Brasil",
"Thunbergia alata","D9Z3","Thunbergia alata Bojer ex Sims","Acanthaceae",,"Thunbergia","alata","Bojer ex Sims","Trepadeira","Exôtica","Reserva Extrativista Marinha Da Baia De Iguapé","Brasil",
"Artocarpus heterophyllus","DTMK","Artocarpus heterophyllus Lam.","Moraceae",,"Artocarpus","heterophyllus","Lam.","Árvore","Exôtica","Reserva Extrativista Marinha De Soure","Brasil",
"Azadirachta indica","F9XF","Azadirachta indica A.Juss.","Meliaceae",,"Azadirachta","indica","A. Juss.","Árvore","Exôtica","Reserva Extrativista Marinha De Soure","Brasil",
"Citrus sinensis","GCKX","Citrus sinensis (L.) Osbeck","Rutaceae",,"Citrus","sinensis","Osbeck","Árvore","Exôtica","Reserva Extrativista Riozinho Do Anfrísio","Brasil",
"Mangifera indica","9YG6","Mangifera indica L.","Anacardiaceae",,"Mangifera","indica","L.","Árvore","Exôtica","Reserva Extrativista Riozinho Do Anfrísio","Brasil",
"Persea americana","787H","Persea americana Mill.","Lauraceae",,"Persea","americana","Mill","Árvore","Exôtica","Reserva Extrativista Riozinho Do Anfrísio","Brasil",
"Charybdis hellerii","BR3D","Charybdis helerii A. Milne-Edwards, 1867","Portunidae",,"Charybdis","hellerii","Milne Edwards, 1867","Invertebrado","Exôtica","Área De Proteção Ambiental Anhatomirim","Brasil",
"Cyprinus carpio","4XPM","Cyprinus carpio Linnaeus, 1758","Cyprinidae",,"Cyprinus","carpio","Linnaeus, 1758","Peixe","Exôtica","Área De Proteção Ambiental Anhatomirim","Brasil",
"Lissachatina fulica","CWMT","Lissachatina fulica (Férussac, 1821)","Achatinidae",,"Lissachatina","fulica","Bowdich, 1822","Invertebrado","Exôtica","Área De Proteção Ambiental Anhatomirim","Brasil",
"Aquarana catesbeiana","GBSR","Aquarana catesbeiana (Shaw, 1802)","Ranidae",,"Aquarana","catesbeiana","Shaw, 1802","Anfíbio","Exôtica","Área De Proteção Ambiental Anhatomirim","Brasil",
"Apis mellifera","CLCS","Apis mellifera Linnaeus, 1758","Apidae",,"Apis","mellifera","Linnaeus, 1758","Invertebrado","Exôtica","Área De Proteção Ambiental Bacia Do Paraíba Do Sul","Brasil",
"Callithrix jacchus","F69M","Callithrix jacchus (Linnaeus, 1758)","Cebidae",,"Callithrix","jacchus","Linnaeus, 1758","Mamífero","Exôtica","Área De Proteção Ambiental Bacia Do Paraíba Do Sul","Brasil",
"Callithrix sp",,,,,"Callithrix","sp","NA","Mamífero","Exôtica","Área De Proteção Ambiental Bacia Do Paraíba Do Sul","Brasil",
"Cichla ocellaris","8PT4","Cichla ocellaris Bloch & Schneider, 1801","Cichlidae",,"Cichla","ocellaris","Bloch & Schneider, 1801","Peixe","Exôtica","Área De Proteção Ambiental Bacia Do Paraíba Do Sul","Brasil",
"Clarias gariepinus","C9HL","Clarias gariepinus (Burchell, 1822)","Clariidae",,"Clarias","gariepinus","Burchell, 1822","Peixe","Exôtica","Área De Proteção Ambiental Bacia Do Paraíba Do Sul","Brasil",
"Columba livia","H7T8","Columba livia Gmelin, 1789","Columbidae",,"Columba","livia","Gmelin, 1789","Ave","Exôtica","Área De Proteção Ambiental Bacia Do Paraíba Do Sul","Brasil",
"Coptodon rendalli","8N4N","Coptodon rendalli (Boulenger, 1897)","Cichlidae",,"Coptodon","rendalli","Boulenger, 1897","Peixe","Exôtica","Área De Proteção Ambiental Bacia Do Paraíba Do Sul","Brasil",
"Cyprinus carpio","4XPM","Cyprinus carpio Linnaeus, 1758","Cyprinidae",,"Cyprinus","carpio","Linnaeus, 1758","Peixe","Exôtica","Área De Proteção Ambiental Bacia Do Paraíba Do Sul","Brasil",
"Estrilda astrild","BBX","Estrilda astrild (Linnaeus, 1758)","Estrildidae",,"Estrilda","astrild","Linnaeus, 1758","Ave","Exôtica","Área De Proteção Ambiental Bacia Do Paraíba Do Sul","Brasil",
"Aquarana catesbeiana","GBSR","Aquarana catesbeiana (Shaw, 1802)","Ranidae",,"Aquarana","catesbeiana","Shaw, 1802","Anfíbio","Exôtica","Área De Proteção Ambiental Bacia Do Paraíba Do Sul","Brasil",
"Oncorhynchus mykiss","H5DM","Oncorhynchus mykiss (Walbaum, 1792)","Salmonidae",,"Oncorhynchus","mykiss","Walbaum, 1792","Peixe","Exôtica","Área De Proteção Ambiental Bacia Do Paraíba Do Sul","Brasil",
"Oreochromis niloticus","SJM","Oreochromis niloticus (Linnaeus, 1758)","Cichlidae",,"Oreochromis","niloticus","Linnaeus, 1758","Peixe","Exôtica","Área De Proteção Ambiental Bacia Do Paraíba Do Sul","Brasil",
"Passer domesticus","67TW","Passer domesticus (Linnaeus, 1758)","Passeridae",,"Passer","domesticus","Linnaeus, 1758","Ave","Exôtica","Área De Proteção Ambiental Bacia Do Paraíba Do Sul","Brasil",
"Sus scrofa","7GXB","Sus scrofa Linnaeus, 1758","Suidae",,"Sus","scrofa","Linnaeus, 1758","Mamífero","Exôtica","Área De Proteção Ambiental Bacia Do Paraíba Do Sul","Brasil",
"Trachemys scripta elegans",,,,,"Trachemys","scripta","Wied, 1838","Réptil","Exôtica","Área De Proteção Ambiental Bacia Do Paraíba Do Sul","Brasil","elegans"
"Apis mellifera","CLCS","Apis mellifera Linnaeus, 1758","Apidae",,"Apis","mellifera","Linnaeus, 1758","Invertebrado","Exôtica","Área De Proteção Ambiental Da Barra Do Rio Mamanguape","Brasil",
"Coptodon rendalli","8N4N","Coptodon rendalli (Boulenger, 1897)","Cichlidae",,"Coptodon","rendalli","Boulenger, 1897","Peixe","Exôtica","Área De Proteção Ambiental Da Barra Do Rio Mamanguape","Brasil",
"Isognomon bicolor","CGPC","Isognomon bicolor (Adams, 1845)","Isognomonidae",,"Isognomon","bicolor","C. B. Adams, 1845","Invertebrado","Exôtica","Área De Proteção Ambiental Da Barra Do Rio Mamanguape","Brasil",
"Lissachatina fulica","CWMT","Lissachatina fulica (Férussac, 1821)","Achatinidae",,"Lissachatina","fulica","Bowdich, 1822","Invertebrado","Exôtica","Área De Proteção Ambiental Da Barra Do Rio Mamanguape","Brasil",
"Penaeus vannamei","GT8Z","Penaeus vannamei Boone, 1931","Penaeidae",,"Penaeus","vannamei","Boone, 1931","Invertebrado","Exôtica","Área De Proteção Ambiental Da Barra Do Rio Mamanguape","Brasil",
"Mus musculus","7LDV","Mus musculus (Linnaeus, 1758)","Muridae",,"Mus","musculus","Linnaeus, 1758","Mamífero","Exôtica","Área De Proteção Ambiental Da Barra Do Rio Mamanguape","Brasil",
"Passer domesticus","67TW","Passer domesticus (Linnaeus, 1758)","Passeridae",,"Passer","domesticus","Linnaeus, 1758","Ave","Exôtica","Área De Proteção Ambiental Da Barra Do Rio Mamanguape","Brasil",
"Rattus norvegicus","9VMW","Rattus norvegicus (Berkenhout, 1769)","Muridae",,"Rattus","norvegicus","Berkenhout, 1769","Mamífero","Exôtica","Área De Proteção Ambiental Da Barra Do Rio Mamanguape","Brasil",
"Apis mellifera","CLCS","Apis mellifera Linnaeus, 1758","Apidae",,"Apis","mellifera","Linnaeus, 1758","Invertebrado","Exôtica","Área De Proteção Ambiental Carste De Lagoa Santa","Brasil",
"Bubulcus ibis","FSLC","Bubulcus ibis (Linnaeus, 1758)","Ardeidae",,"Bubulcus","ibis","Bonaparte, 1855","Ave","Exôtica","Área De Proteção Ambiental Carste De Lagoa Santa","Brasil",
"Cichla monoculus","5V8Z","Cichla monoculus Spix & Agassiz, 1831","Cichlidae",,"Cichla","monoculus","Spix and Agassiz, 1831","Peixe","Exôtica","Área De Proteção Ambiental Carste De Lagoa Santa","Brasil",
"Columba livia","H7T8","Columba livia Gmelin, 1789","Columbidae",,"Columba","livia","Gmelin, 1789","Ave","Exôtica","Área De Proteção Ambiental Carste De Lagoa Santa","Brasil",
"Coptodon rendalli","8N4N","Coptodon rendalli (Boulenger, 1897)","Cichlidae",,"Coptodon","rendalli","Boulenger, 1897","Peixe","Exôtica","Área De Proteção Ambiental Carste De Lagoa Santa","Brasil",
"Estrilda astrild","BBX","Estrilda astrild (Linnaeus, 1758)","Estrildidae",,"Estrilda","astrild","Linnaeus, 1758","Ave","Exôtica","Área De Proteção Ambiental Carste De Lagoa Santa","Brasil",
"Lissachatina fulica","CWMT","Lissachatina fulica (Férussac, 1821)","Achatinidae",,"Lissachatina","fulica","Bowdich, 1822","Invertebrado","Exôtica","Área De Proteção Ambiental Carste De Lagoa Santa","Brasil",
"Mus musculus","7LDV","Mus musculus (Linnaeus, 1758)","Muridae",,"Mus","musculus","Linnaeus, 1758","Mamífero","Exôtica","Área De Proteção Ambiental Carste De Lagoa Santa","Brasil",
"Oreochromis niloticus","SJM","Oreochromis niloticus (Linnaeus, 1758)","Cichlidae",,"Oreochromis","niloticus","Linnaeus, 1758","Peixe","Exôtica","Área De Proteção Ambiental Carste De Lagoa Santa","Brasil",
"Passer domesticus","67TW","Passer domesticus (Linnaeus, 1758)","Passeridae",,"Passer","domesticus","Linnaeus, 1758","Ave","Exôtica","Área De Proteção Ambiental Carste De Lagoa Santa","Brasil",
"Poecilia reticulata","5MWZ","Poecilia reticulata (Peters, 1859)","Poeciliidae",,"Poecilia","reticulata","Peters, 1859","Peixe","Exôtica","Área De Proteção Ambiental Carste De Lagoa Santa","Brasil",
"Rattus norvegicus","9VMW","Rattus norvegicus (Berkenhout, 1769)","Muridae",,"Rattus","norvegicus","Berkenhout, 1769","Mamífero","Exôtica","Área De Proteção Ambiental Carste De Lagoa Santa","Brasil",
"Rattus rattus","PLW","Rattus rattus (Linnaeus, 1758)","Muridae",,"Rattus","rattus","Linnaeus, 1758","Mamífero","Exôtica","Área De Proteção Ambiental Carste De Lagoa Santa","Brasil",
"Trachemys scripta elegans",,,,,"Trachemys","scripta","Wied, 1838","Réptil","Exôtica","Área De Proteção Ambiental Carste De Lagoa Santa","Brasil","elegans"
"Apis mellifera","CLCS","Apis mellifera Linnaeus, 1758","Apidae",,"Apis","mellifera","Linnaeus, 1758","Invertebrado","Exôtica","Área De Proteção Ambiental Da Chapada Do Araripe","Brasil",
"Capra hircus","8S7N","Capra hircus Linnaeus, 1758","Bovidae",,"Capra","hircus","Linnaeus, 1758","Mamífero","Exôtica","Área De Proteção Ambiental Da Chapada Do Araripe","Brasil",
"Columba livia","H7T8","Columba livia Gmelin, 1789","Columbidae",,"Columba","livia","Gmelin, 1789","Ave","Exôtica","Área De Proteção Ambiental Da Chapada Do Araripe","Brasil",
"Coptodon rendalli","8N4N","Coptodon rendalli (Boulenger, 1897)","Cichlidae",,"Coptodon","rendalli","Boulenger, 1897","Peixe","Exôtica","Área De Proteção Ambiental Da Chapada Do Araripe","Brasil",
"Estrilda astrild","BBX","Estrilda astrild (Linnaeus, 1758)","Estrildidae",,"Estrilda","astrild","Linnaeus, 1758","Ave","Exôtica","Área De Proteção Ambiental Da Chapada Do Araripe","Brasil",
"Passer domesticus","67TW","Passer domesticus (Linnaeus, 1758)","Passeridae",,"Passer","domesticus","Linnaeus, 1758","Ave","Exôtica","Área De Proteção Ambiental Da Chapada Do Araripe","Brasil",
"Isognomon bicolor","CGPC","Isognomon bicolor (Adams, 1845)","Isognomonidae",,"Isognomon","bicolor","C. B. Adams, 1845","Invertebrado","Exôtica","Área De Proteção Ambiental Costa Das Algas","Brasil",
"Bubulcus ibis","FSLC","Bubulcus ibis (Linnaeus, 1758)","Ardeidae",,"Bubulcus","ibis","Bonaparte, 1855","Ave","Exôtica","Área De Proteção Ambiental Da Costa Dos Corais","Brasil",
"Carijoa riisei","FMWS","Carijoa riisei (Duchassaing & Michelotti, 1860)","Clavulariidae",,"Carijoa","riisei","Duchassaing & Michelotti, 1860","Invertebrado","Exôtica","Área De Proteção Ambiental Da Costa Dos Corais","Brasil",
"Cassiopea andromeda","7JX5","Cassiopea andromeda (Forskål, 1775)","Cassiopeidae",,"Cassiopea","andromeda","Forskål, 1775","Invertebrado","Exôtica","Área De Proteção Ambiental Da Costa Dos Corais","Brasil",
"Charybdis hellerii","BR3D","Charybdis helerii A. Milne-Edwards, 1867","Portunidae",,"Charybdis","hellerii","Milne Edwards, 1867","Invertebrado","Exôtica","Área De Proteção Ambiental Da Costa Dos Corais","Brasil",
"Columba livia","H7T8","Columba livia Gmelin, 1789","Columbidae",,"Columba","livia","Gmelin, 1789","Ave","Exôtica","Área De Proteção Ambiental Da Costa Dos Corais","Brasil",
"Estrilda astrild","BBX","Estrilda astrild (Linnaeus, 1758)","Estrildidae",,"Estrilda","astrild","Linnaeus, 1758","Ave","Exôtica","Área De Proteção Ambiental Da Costa Dos Corais","Brasil",
"Hemidactylus mabouia","169156","Hemidactylus mabouia","Gekkonidae",,"Hemidactylus","mabouia","Moreau De Jonnès, 1818","Réptil","Exôtica","Área De Proteção Ambiental Da Costa Dos Corais","Brasil",
"Isognomon bicolor","CGPC","Isognomon bicolor (Adams, 1845)","Isognomonidae",,"Isognomon","bicolor","C. B. Adams, 1845","Invertebrado","Exôtica","Área De Proteção Ambiental Da Costa Dos Corais","Brasil",
"Ophiothela mirabilis","72FV","Ophiothela mirabilis Verrill, 1867","Ophiotrichidae",,"Ophiothela","mirabilis","Verrill, 1867","Invertebrado","Exôtica","Área De Proteção Ambiental Da Costa Dos Corais","Brasil",
"Passer domesticus","67TW","Passer domesticus (Linnaeus, 1758)","Passeridae",,"Passer","domesticus","Linnaeus, 1758","Ave","Exôtica","Área De Proteção Ambiental Da Costa Dos Corais","Brasil",
"Temora turbinata","Z2L","Temora turbinata (Dana, 1849)","Temoridae",,"Temora","turbinata","Dana, 1849","Invertebrado","Exôtica","Área De Proteção Ambiental Da Costa Dos Corais","Brasil",
"Equus asinus","8Q4B","Equus asinus Linnaeus, 1758","Equidae",,"Equus","asinus","Linnaeus, 1758","Mamífero","Exôtica","Área De Proteção Ambiental Da Ararinha Azul","Brasil",
"Apis mellifera","CLCS","Apis mellifera Linnaeus, 1758","Apidae",,"Apis","mellifera","Linnaeus, 1758","Invertebrado","Exôtica","Área De Proteção Ambiental Da Bacia Do Rio Descoberto","Brasil",
"Bradybaena similaris","3ZQZ","Bradybaena similaris (Férussac, 1821)","Camaenidae",,"Bradybaena","similaris","Férussac, 1821","Invertebrado","Exôtica","Área De Proteção Ambiental Da Bacia Do Rio Descoberto","Brasil",
"Cichla ocellaris","8PT4","Cichla ocellaris Bloch & Schneider, 1801","Cichlidae",,"Cichla","ocellaris","Bloch & Schneider, 1801","Peixe","Exôtica","Área De Proteção Ambiental Da Bacia Do Rio Descoberto","Brasil",
"Clarias gariepinus","C9HL","Clarias gariepinus (Burchell, 1822)","Clariidae",,"Clarias","gariepinus","Burchell, 1822","Peixe","Exôtica","Área De Proteção Ambiental Da Bacia Do Rio Descoberto","Brasil",
"Columba livia","H7T8","Columba livia Gmelin, 1789","Columbidae",,"Columba","livia","Gmelin, 1789","Ave","Exôtica","Área De Proteção Ambiental Da Bacia Do Rio Descoberto","Brasil",
"Coptodon rendalli","8N4N","Coptodon rendalli (Boulenger, 1897)","Cichlidae",,"Coptodon","rendalli","Boulenger, 1897","Peixe","Exôtica","Área De Proteção Ambiental Da Bacia Do Rio Descoberto","Brasil",
"Ctenopharyngodon idella","H98G","Ctenopharyngodon idella (Valenciennes, 1844)","Cyprinidae",,"Ctenopharyngodon","idella","Valenciennes, 1844","Peixe","Exôtica","Área De Proteção Ambiental Da Bacia Do Rio Descoberto","Brasil",
"Cyprinus carpio","4XPM","Cyprinus carpio Linnaeus, 1758","Cyprinidae",,"Cyprinus","carpio","Linnaeus, 1758","Peixe","Exôtica","Área De Proteção Ambiental Da Bacia Do Rio Descoberto","Brasil",
"Hemidactylus mabouia","169156","Hemidactylus mabouia","Gekkonidae",,"Hemidactylus","mabouia","Moreau De Jonnès, 1818","Réptil","Exôtica","Área De Proteção Ambiental Da Bacia Do Rio Descoberto","Brasil",
"Lepomis macrochirus","GS86","Lepomis macrochirus Rafinesque, 1819","Centrarchidae",,"Lepomis","macrochirus","Rafinesque, 1819","Peixe","Exôtica","Área De Proteção Ambiental Da Bacia Do Rio Descoberto","Brasil",
"Lepus europaeus","J262","Lepus europaeus Pallas, 1778","Leporidae",,"Lepus","europaeus","Pallas, 1778","Mamífero","Exôtica","Área De Proteção Ambiental Da Bacia Do Rio Descoberto","Brasil",
"Mus musculus","7LDV","Mus musculus (Linnaeus, 1758)","Muridae",,"Mus","musculus","Linnaeus, 1758","Mamífero","Exôtica","Área De Proteção Ambiental Da Bacia Do Rio Descoberto","Brasil",
"Oreochromis niloticus","SJM","Oreochromis niloticus (Linnaeus, 1758)","Cichlidae",,"Oreochromis","niloticus","Linnaeus, 1758","Peixe","Exôtica","Área De Proteção Ambiental Da Bacia Do Rio Descoberto","Brasil",
"Passer domesticus","67TW","Passer domesticus (Linnaeus, 1758)","Passeridae",,"Passer","domesticus","Linnaeus, 1758","Ave","Exôtica","Área De Proteção Ambiental Da Bacia Do Rio Descoberto","Brasil",
"Phalloceros caudimaculatus reticulatus",,,,,"Phalloceros","caudimaculatus","Hensel, 1868","Peixe","Exôtica","Área De Proteção Ambiental Da Bacia Do Rio Descoberto","Brasil","reticulatus"
"Poecilia reticulata","5MWZ","Poecilia reticulata (Peters, 1859)","Poeciliidae",,"Poecilia","reticulata","Peters, 1859","Peixe","Exôtica","Área De Proteção Ambiental Da Bacia Do Rio Descoberto","Brasil",
"Rattus norvegicus","9VMW","Rattus norvegicus (Berkenhout, 1769)","Muridae",,"Rattus","norvegicus","Berkenhout, 1769","Mamífero","Exôtica","Área De Proteção Ambiental Da Bacia Do Rio Descoberto","Brasil",
"Rattus rattus","PLW","Rattus rattus (Linnaeus, 1758)","Muridae",,"Rattus","rattus","Linnaeus, 1758","Mamífero","Exôtica","Área De Proteção Ambiental Da Bacia Do Rio Descoberto","Brasil",
"Sus scrofa","7GXB","Sus scrofa Linnaeus, 1758","Suidae",,"Sus","scrofa","Linnaeus, 1758","Mamífero","Exôtica","Área De Proteção Ambiental Da Bacia Do Rio Descoberto","Brasil",
"Trachemys dorbigni","39MP","Trachemys dorbigni (Duméril & Bibron, 1835)","Emydidae",,"Trachemys","dorbigni","Duméril and Bibron, 1835","Réptil","Exôtica","Área De Proteção Ambiental Da Bacia Do Rio Descoberto","Brasil",
"Trachemys scripta elegans",,,,,"Trachemys","scripta","Wied, 1838","Réptil","Exôtica","Área De Proteção Ambiental Da Bacia Do Rio Descoberto","Brasil","elegans"
"Xiphophorus maculatus","B2G6","Xiphophorus maculatus (Günther, 1866)","Poeciliidae",,"Xiphophorus","maculatus","Günther, 1866","Peixe","Exôtica","Área De Proteção Ambiental Da Bacia Do Rio Descoberto","Brasil",
"Bubulcus ibis","FSLC","Bubulcus ibis (Linnaeus, 1758)","Ardeidae",,"Bubulcus","ibis","Bonaparte, 1855","Ave","Exôtica","Área De Proteção Ambiental Da Bacia Do Rio São Bartolomeu","Brasil",
"Hemidactylus mabouia","169156","Hemidactylus mabouia","Gekkonidae",,"Hemidactylus","mabouia","Moreau De Jonnès, 1818","Réptil","Exôtica","Área De Proteção Ambiental Da Bacia Do Rio São Bartolomeu","Brasil",
"Sus scrofa","7GXB","Sus scrofa Linnaeus, 1758","Suidae",,"Sus","scrofa","Linnaeus, 1758","Mamífero","Exôtica","Área De Proteção Ambiental Da Bacia Do Rio São Bartolomeu","Brasil",
"Callithrix jacchus","F69M","Callithrix jacchus (Linnaeus, 1758)","Cebidae",,"Callithrix","jacchus","Linnaeus, 1758","Mamífero","Exôtica","Área De Proteção Ambiental Da Bacia Do Rio São João - Mico-Leão-Dourado","Brasil",
"Callithrix penicillata","J7TH","Callithrix penicillata (Geoffroy, 1812)","Cebidae",,"Callithrix","penicillata","Geoffroy, 1812","Mamífero","Exôtica","Área De Proteção Ambiental Da Bacia Do Rio São João - Mico-Leão-Dourado","Brasil",
"Cichla kelberi","GQKB","Cichla kelberi Kullander & Ferreira, 2006","Cichlidae",,"Cichla","kelberi","Kullander & Ferreira, 2006","Peixe","Exôtica","Área De Proteção Ambiental Da Bacia Do Rio São João - Mico-Leão-Dourado","Brasil",
"Cichla monoculus","5V8Z","Cichla monoculus Spix & Agassiz, 1831","Cichlidae",,"Cichla","monoculus","Spix and Agassiz, 1831","Peixe","Exôtica","Área De Proteção Ambiental Da Bacia Do Rio São João - Mico-Leão-Dourado","Brasil",
"Cichla ocellaris","8PT4","Cichla ocellaris Bloch & Schneider, 1801","Cichlidae",,"Cichla","ocellaris","Bloch & Schneider, 1801","Peixe","Exôtica","Área De Proteção Ambiental Da Bacia Do Rio São João - Mico-Leão-Dourado","Brasil",
"Clarias gariepinus","C9HL","Clarias gariepinus (Burchell, 1822)","Clariidae",,"Clarias","gariepinus","Burchell, 1822","Peixe","Exôtica","Área De Proteção Ambiental Da Bacia Do Rio São João - Mico-Leão-Dourado","Brasil",
"Coptodon rendalli","8N4N","Coptodon rendalli (Boulenger, 1897)","Cichlidae",,"Coptodon","rendalli","Boulenger, 1897","Peixe","Exôtica","Área De Proteção Ambiental Da Bacia Do Rio São João - Mico-Leão-Dourado","Brasil",
"Ctenopharyngodon idella","H98G","Ctenopharyngodon idella (Valenciennes, 1844)","Cyprinidae",,"Ctenopharyngodon","idella","Valenciennes, 1844","Peixe","Exôtica","Área De Proteção Ambiental Da Bacia Do Rio São João - Mico-Leão-Dourado","Brasil",
"Cyprinus carpio","4XPM","Cyprinus carpio Linnaeus, 1758","Cyprinidae",,"Cyprinus","carpio","Linnaeus, 1758","Peixe","Exôtica","Área De Proteção Ambiental Da Bacia Do Rio São João - Mico-Leão-Dourado","Brasil",
"Lissachatina fulica","CWMT","Lissachatina fulica (Férussac, 1821)","Achatinidae",,"Lissachatina","fulica","Bowdich, 1822","Invertebrado","Exôtica","Área De Proteção Ambiental Da Bacia Do Rio São João - Mico-Leão-Dourado","Brasil",
"Oreochromis niloticus","SJM","Oreochromis niloticus (Linnaeus, 1758)","Cichlidae",,"Oreochromis","niloticus","Linnaeus, 1758","Peixe","Exôtica","Área De Proteção Ambiental Da Bacia Do Rio São João - Mico-Leão-Dourado","Brasil",
"Phalloceros caudimaculatus reticulatus",,,,,"Phalloceros","caudimaculatus","Hensel, 1868","Peixe","Exôtica","Área De Proteção Ambiental Da Bacia Do Rio São João - Mico-Leão-Dourado","Brasil","reticulatus"
"Rattus rattus","PLW","Rattus rattus (Linnaeus, 1758)","Muridae",,"Rattus","rattus","Linnaeus, 1758","Mamífero","Exôtica","Área De Proteção Ambiental Da Bacia Do Rio São João - Mico-Leão-Dourado","Brasil",
"Callithrix sp",,,,,"Callithrix","sp","NA","Mamífero","Exôtica","Área De Proteção Ambiental Da Bacia Do Rio São João - Mico-Leão-Dourado","Brasil",
"Mus musculus","7LDV","Mus musculus (Linnaeus, 1758)","Muridae",,"Mus","musculus","Linnaeus, 1758","Mamífero","Exôtica","Área De Proteção Ambiental Da Bacia Do Rio São João - Mico-Leão-Dourado","Brasil",
"Nannostomus beckfordi","FR9V","Nannostomus beckfordi Günther, 1872","Lebiasinidae",,"Nannostomus","beckfordi","Günther, 1872","Peixe","Exôtica","Área De Proteção Ambiental Da Bacia Do Rio São João - Mico-Leão-Dourado","Brasil",
"Bubulcus ibis","FSLC","Bubulcus ibis (Linnaeus, 1758)","Ardeidae",,"Bubulcus","ibis","Bonaparte, 1855","Ave","Exôtica","Área De Proteção Ambiental Da Baleia Franca","Brasil",
"Charybdis hellerii","BR3D","Charybdis helerii A. Milne-Edwards, 1867","Portunidae",,"Charybdis","hellerii","Milne Edwards, 1867","Invertebrado","Exôtica","Área De Proteção Ambiental Da Baleia Franca","Brasil",
"Chromis limbata","HP7T","Chromis limbata (Valenciennes, 1837)","Pomacentridae",,"Chromis","limbata","Valenciennes, 1833","Peixe","Exôtica","Área De Proteção Ambiental Da Baleia Franca","Brasil",
"Columba livia","H7T8","Columba livia Gmelin, 1789","Columbidae",,"Columba","livia","Gmelin, 1789","Ave","Exôtica","Área De Proteção Ambiental Da Baleia Franca","Brasil",
"Estrilda astrild","BBX","Estrilda astrild (Linnaeus, 1758)","Estrildidae",,"Estrilda","astrild","Linnaeus, 1758","Ave","Exôtica","Área De Proteção Ambiental Da Baleia Franca","Brasil",
"Hemidactylus mabouia","169156","Hemidactylus mabouia","Gekkonidae",,"Hemidactylus","mabouia","Moreau De Jonnès, 1818","Réptil","Exôtica","Área De Proteção Ambiental Da Baleia Franca","Brasil",
"Isognomon bicolor","CGPC","Isognomon bicolor (Adams, 1845)","Isognomonidae",,"Isognomon","bicolor","C. B. Adams, 1845","Invertebrado","Exôtica","Área De Proteção Ambiental Da Baleia Franca","Brasil",
"Lepus europaeus","J262","Lepus europaeus Pallas, 1778","Leporidae",,"Lepus","europaeus","Pallas, 1778","Mamífero","Exôtica","Área De Proteção Ambiental Da Baleia Franca","Brasil",
"Magallana gigas","CGJV","Magallana gigas ((Thunberg), 1793)","Ostreidae",,"Magallana","gigas","Thunberg, 1793","Invertebrado","Exôtica","Área De Proteção Ambiental Da Baleia Franca","Brasil",
"Opsanus beta","85NX","Opsanus beta (Goode & Bean, 1880)","Batrachoididae",,"Opsanus","beta","Goode & Bean, 1880","Peixe","Exôtica","Área De Proteção Ambiental Da Baleia Franca","Brasil",
"Passer domesticus","67TW","Passer domesticus (Linnaeus, 1758)","Passeridae",,"Passer","domesticus","Linnaeus, 1758","Ave","Exôtica","Área De Proteção Ambiental Da Baleia Franca","Brasil",
"Trachemys scripta elegans",,,,,"Trachemys","scripta","Wied, 1838","Réptil","Exôtica","Área De Proteção Ambiental Da Baleia Franca","Brasil","elegans"
"Columba livia","H7T8","Columba livia Gmelin, 1789","Columbidae",,"Columba","livia","Gmelin, 1789","Ave","Exôtica","Área De Proteção Ambiental Da Costa Dos Corais","Brasil",
"Estrilda astrild","BBX","Estrilda astrild (Linnaeus, 1758)","Estrildidae",,"Estrilda","astrild","Linnaeus, 1758","Ave","Exôtica","Área De Proteção Ambiental Da Costa Dos Corais","Brasil",
"Isognomon bicolor","CGPC","Isognomon bicolor (Adams, 1845)","Isognomonidae",,"Isognomon","bicolor","C. B. Adams, 1845","Invertebrado","Exôtica","Área De Proteção Ambiental Da Costa Dos Corais","Brasil",
"Passer domesticus","67TW","Passer domesticus (Linnaeus, 1758)","Passeridae",,"Passer","domesticus","Linnaeus, 1758","Ave","Exôtica","Área De Proteção Ambiental Da Costa Dos Corais","Brasil",
"Pterois volitans","928L","Pterois volitans (Linnaeus, 1758)","Scorpaenidae",,"Pterois","volitans","Linnaeus, 1758","Peixe","Exôtica","Área De Proteção Ambiental Da Costa Dos Corais","Brasil",
"Apis mellifera","CLCS","Apis mellifera Linnaeus, 1758","Apidae",,"Apis","mellifera","Linnaeus, 1758","Invertebrado","Exôtica","Área De Proteção Ambiental Da Região Serrana De Petrópolis","Brasil",
"Callithrix jacchus","F69M","Callithrix jacchus (Linnaeus, 1758)","Cebidae",,"Callithrix","jacchus","Linnaeus, 1758","Mamífero","Exôtica","Área De Proteção Ambiental Da Região Serrana De Petrópolis","Brasil",
"Callithrix penicillata","J7TH","Callithrix penicillata (Geoffroy, 1812)","Cebidae",,"Callithrix","penicillata","Geoffroy, 1812","Mamífero","Exôtica","Área De Proteção Ambiental Da Região Serrana De Petrópolis","Brasil",
"Cichla kelberi","GQKB","Cichla kelberi Kullander & Ferreira, 2006","Cichlidae",,"Cichla","kelberi","Kullander & Ferreira, 2006","Peixe","Exôtica","Área De Proteção Ambiental Da Região Serrana De Petrópolis","Brasil",
"Coptodon rendalli","8N4N","Coptodon rendalli (Boulenger, 1897)","Cichlidae",,"Coptodon","rendalli","Boulenger, 1897","Peixe","Exôtica","Área De Proteção Ambiental Da Região Serrana De Petrópolis","Brasil",
"Cyprinus carpio","4XPM","Cyprinus carpio Linnaeus, 1758","Cyprinidae",,"Cyprinus","carpio","Linnaeus, 1758","Peixe","Exôtica","Área De Proteção Ambiental Da Região Serrana De Petrópolis","Brasil",
"Aquarana catesbeiana","GBSR","Aquarana catesbeiana (Shaw, 1802)","Ranidae",,"Aquarana","catesbeiana","Shaw, 1802","Anfíbio","Exôtica","Área De Proteção Ambiental Da Região Serrana De Petrópolis","Brasil",
"Mus musculus","7LDV","Mus musculus (Linnaeus, 1758)","Muridae",,"Mus","musculus","Linnaeus, 1758","Mamífero","Exôtica","Área De Proteção Ambiental Da Região Serrana De Petrópolis","Brasil",
"Oncorhynchus mykiss","H5DM","Oncorhynchus mykiss (Walbaum, 1792)","Salmonidae",,"Oncorhynchus","mykiss","Walbaum, 1792","Peixe","Exôtica","Área De Proteção Ambiental Da Região Serrana De Petrópolis","Brasil",
"Oryctolagus cuniculus","J48L","Oryctolagus cuniculus (Linnaeus, 1758)","Leporidae",,"Oryctolagus","cuniculus","Linnaeus, 1758","Mamífero","Exôtica","Área De Proteção Ambiental Da Região Serrana De Petrópolis","Brasil",
"Phalloceros caudimaculatus reticulatus",,,,,"Phalloceros","caudimaculatus","Hensel, 1868","Peixe","Exôtica","Área De Proteção Ambiental Da Região Serrana De Petrópolis","Brasil","reticulatus"
"Poecilia reticulata","5MWZ","Poecilia reticulata (Peters, 1859)","Poeciliidae",,"Poecilia","reticulata","Peters, 1859","Peixe","Exôtica","Área De Proteção Ambiental Da Região Serrana De Petrópolis","Brasil",
"Rattus norvegicus","9VMW","Rattus norvegicus (Berkenhout, 1769)","Muridae",,"Rattus","norvegicus","Berkenhout, 1769","Mamífero","Exôtica","Área De Proteção Ambiental Da Região Serrana De Petrópolis","Brasil",
"Rattus rattus","PLW","Rattus rattus (Linnaeus, 1758)","Muridae",,"Rattus","rattus","Linnaeus, 1758","Mamífero","Exôtica","Área De Proteção Ambiental Da Região Serrana De Petrópolis","Brasil",
"Trachemys scripta elegans",,,,,"Trachemys","scripta","Wied, 1838","Réptil","Exôtica","Área De Proteção Ambiental Da Região Serrana De Petrópolis","Brasil","elegans"
"Apis mellifera","CLCS","Apis mellifera Linnaeus, 1758","Apidae",,"Apis","mellifera","Linnaeus, 1758","Invertebrado","Exôtica","Área De Proteção Ambiental De Cairuçu","Brasil",
"Callithrix jacchus","F69M","Callithrix jacchus (Linnaeus, 1758)","Cebidae",,"Callithrix","jacchus","Linnaeus, 1758","Mamífero","Exôtica","Área De Proteção Ambiental De Cairuçu","Brasil",
"Charybdis hellerii","BR3D","Charybdis helerii A. Milne-Edwards, 1867","Portunidae",,"Charybdis","hellerii","Milne Edwards, 1867","Invertebrado","Exôtica","Área De Proteção Ambiental De Cairuçu","Brasil",
"Columba livia","H7T8","Columba livia Gmelin, 1789","Columbidae",,"Columba","livia","Gmelin, 1789","Ave","Exôtica","Área De Proteção Ambiental De Cairuçu","Brasil",
"Estrilda astrild","BBX","Estrilda astrild (Linnaeus, 1758)","Estrildidae",,"Estrilda","astrild","Linnaeus, 1758","Ave","Exôtica","Área De Proteção Ambiental De Cairuçu","Brasil",
"Isognomon bicolor","CGPC","Isognomon bicolor (Adams, 1845)","Isognomonidae",,"Isognomon","bicolor","C. B. Adams, 1845","Invertebrado","Exôtica","Área De Proteção Ambiental De Cairuçu","Brasil",
"Lissachatina fulica","CWMT","Lissachatina fulica (Férussac, 1821)","Achatinidae",,"Lissachatina","fulica","Bowdich, 1822","Invertebrado","Exôtica","Área De Proteção Ambiental De Cairuçu","Brasil",
"Mus musculus","7LDV","Mus musculus (Linnaeus, 1758)","Muridae",,"Mus","musculus","Linnaeus, 1758","Mamífero","Exôtica","Área De Proteção Ambiental De Cairuçu","Brasil",
"Leiosolenus aristatus","HGC6","Leiosolenus aristatus (Dillwyn, 1817)","Mytilidae",,"Leiosolenus","aristatus","Dillwyn, 1817","Invertebrado","Exôtica","Área De Proteção Ambiental De Cairuçu","Brasil",
"Passer domesticus","67TW","Passer domesticus (Linnaeus, 1758)","Passeridae",,"Passer","domesticus","Linnaeus, 1758","Ave","Exôtica","Área De Proteção Ambiental De Cairuçu","Brasil",
"Rattus norvegicus","9VMW","Rattus norvegicus (Berkenhout, 1769)","Muridae",,"Rattus","norvegicus","Berkenhout, 1769","Mamífero","Exôtica","Área De Proteção Ambiental De Cairuçu","Brasil",
"Rattus rattus","PLW","Rattus rattus (Linnaeus, 1758)","Muridae",,"Rattus","rattus","Linnaeus, 1758","Mamífero","Exôtica","Área De Proteção Ambiental De Cairuçu","Brasil",
"Tubastraea coccinea","8RWW","Tubastraea coccinea Lesson, 1829","Dendrophylliidae",,"Tubastraea","coccinea","Lesson, 1829","Invertebrado","Exôtica","Área De Proteção Ambiental De Cairuçu","Brasil",
"Tubastraea tagusensis","5CZQ","Tubastraea tagusensis (Wells, 1982)","Dendrophylliidae",,"Tubastraea","tagusensis","Wells, 1982","Invertebrado","Exôtica","Área De Proteção Ambiental De Cairuçu","Brasil",
"Apis mellifera","CLCS","Apis mellifera Linnaeus, 1758","Apidae",,"Apis","mellifera","Linnaeus, 1758","Invertebrado","Exôtica","Área De Proteção Ambiental De Cananéia-Iguapé-Peruíbe","Brasil",
"Clarias gariepinus","C9HL","Clarias gariepinus (Burchell, 1822)","Clariidae",,"Clarias","gariepinus","Burchell, 1822","Peixe","Exôtica","Área De Proteção Ambiental De Cananéia-Iguapé-Peruíbe","Brasil",
"Hyphessobrycon eques","GK2Z","Megalamphodus eques (Steindachner, 1882)","Acestrorhamphidae",,"Hyphessobrycon","eques","Steindachner, 1882","Peixe","Exôtica","Área De Proteção Ambiental De Cananéia-Iguapé-Peruíbe","Brasil",
"Ictalurus punctatus","BTVD","Ictalurus punctatus (Rafinesque, 1818)","Ictaluridae",,"Ictalurus","punctatus","Rafinesque, 1818","Peixe","Exôtica","Área De Proteção Ambiental De Cananéia-Iguapé-Peruíbe","Brasil",
"Isognomon bicolor","CGPC","Isognomon bicolor (Adams, 1845)","Isognomonidae",,"Isognomon","bicolor","C. B. Adams, 1845","Invertebrado","Exôtica","Área De Proteção Ambiental De Cananéia-Iguapé-Peruíbe","Brasil",
"Limnoperna fortunei","84ZT","Limnoperna fortunei (Dunker, 1857)","Mytilidae",,"Limnoperna","fortunei","Dunker, 1857","Invertebrado","Exôtica","Área De Proteção Ambiental De Cananéia-Iguapé-Peruíbe","Brasil",
"Lissachatina fulica","CWMT","Lissachatina fulica (Férussac, 1821)","Achatinidae",,"Lissachatina","fulica","Bowdich, 1822","Invertebrado","Exôtica","Área De Proteção Ambiental De Cananéia-Iguapé-Peruíbe","Brasil",
"Aquarana catesbeiana","GBSR","Aquarana catesbeiana (Shaw, 1802)","Ranidae",,"Aquarana","catesbeiana","Shaw, 1802","Anfíbio","Exôtica","Área De Proteção Ambiental De Cananéia-Iguapé-Peruíbe","Brasil",
"Penaeus vannamei","GT8Z","Penaeus vannamei Boone, 1931","Penaeidae",,"Penaeus","vannamei","Boone, 1931","Invertebrado","Exôtica","Área De Proteção Ambiental De Cananéia-Iguapé-Peruíbe","Brasil",
"Macrobrachium rosenbergii","7X47","Macrobrachium rosenbergii (De Man, 1879)","Palaemonidae",,"Macrobrachium","rosenbergii","De Man, 1879","Invertebrado","Exôtica","Área De Proteção Ambiental De Cananéia-Iguapé-Peruíbe","Brasil",
"Oncorhynchus mykiss","H5DM","Oncorhynchus mykiss (Walbaum, 1792)","Salmonidae",,"Oncorhynchus","mykiss","Walbaum, 1792","Peixe","Exôtica","Área De Proteção Ambiental De Cananéia-Iguapé-Peruíbe","Brasil",
"Oreochromis niloticus","SJM","Oreochromis niloticus (Linnaeus, 1758)","Cichlidae",,"Oreochromis","niloticus","Linnaeus, 1758","Peixe","Exôtica","Área De Proteção Ambiental De Cananéia-Iguapé-Peruíbe","Brasil",
"Rattus rattus","PLW","Rattus rattus (Linnaeus, 1758)","Muridae",,"Rattus","rattus","Linnaeus, 1758","Mamífero","Exôtica","Área De Proteção Ambiental De Cananéia-Iguapé-Peruíbe","Brasil",
"Saccostrea cucullata","7CQ5","Saccostrea cuccullata (Born, 1778)","Ostreidae",,"Saccostrea","cucullata","Born, 1778","Invertebrado","Exôtica","Área De Proteção Ambiental De Cananéia-Iguapé-Peruíbe","Brasil",
"Tubastraea coccinea","8RWW","Tubastraea coccinea Lesson, 1829","Dendrophylliidae",,"Tubastraea","coccinea","Lesson, 1829","Invertebrado","Exôtica","Área De Proteção Ambiental De Cananéia-Iguapé-Peruíbe","Brasil",
"Tubastraea tagusensis","5CZQ","Tubastraea tagusensis (Wells, 1982)","Dendrophylliidae",,"Tubastraea","tagusensis","Wells, 1982","Invertebrado","Exôtica","Área De Proteção Ambiental De Cananéia-Iguapé-Peruíbe","Brasil",
"Apis mellifera","CLCS","Apis mellifera Linnaeus, 1758","Apidae",,"Apis","mellifera","Linnaeus, 1758","Invertebrado","Exôtica","Área De Proteção Ambiental De Fernando De Noronha","Brasil",
"Bubulcus ibis","FSLC","Bubulcus ibis (Linnaeus, 1758)","Ardeidae",,"Bubulcus","ibis","Bonaparte, 1855","Ave","Exôtica","Área De Proteção Ambiental De Fernando De Noronha","Brasil",
"Canis familiaris","64X","Canis lupus Linnaeus, 1758","Canidae",,"Canis","familiaris","Linnaeus, 1758","Mamífero","Exôtica","Área De Proteção Ambiental De Fernando De Noronha","Brasil",
"Columba livia","H7T8","Columba livia Gmelin, 1789","Columbidae",,"Columba","livia","Gmelin, 1789","Ave","Exôtica","Área De Proteção Ambiental De Fernando De Noronha","Brasil",
"Felis catus","3TCH","Felis catus Linnaeus, 1758","Felidae",,"Felis","catus","Linnaeus, 1758","Mamífero","Exôtica","Área De Proteção Ambiental De Fernando De Noronha","Brasil",
"Hemidactylus mabouia","169156","Hemidactylus mabouia","Gekkonidae",,"Hemidactylus","mabouia","Moreau De Jonnès, 1818","Réptil","Exôtica","Área De Proteção Ambiental De Fernando De Noronha","Brasil",
"Lissachatina fulica","CWMT","Lissachatina fulica (Férussac, 1821)","Achatinidae",,"Lissachatina","fulica","Bowdich, 1822","Invertebrado","Exôtica","Área De Proteção Ambiental De Fernando De Noronha","Brasil",
"Mus musculus","7LDV","Mus musculus (Linnaeus, 1758)","Muridae",,"Mus","musculus","Linnaeus, 1758","Mamífero","Exôtica","Área De Proteção Ambiental De Fernando De Noronha","Brasil",
"Parachromis managuensis","5QFS","Parachromis managuensis (Günther, 1867)","Cichlidae",,"Parachromis","managuensis","Günther, 1867","Peixe","Exôtica","Área De Proteção Ambiental De Fernando De Noronha","Brasil",
"Passer domesticus","67TW","Passer domesticus (Linnaeus, 1758)","Passeridae",,"Passer","domesticus","Linnaeus, 1758","Ave","Exôtica","Área De Proteção Ambiental De Fernando De Noronha","Brasil",
"Pheidole megacephala","J3FF","Pheidole megacephala (Fabricius, 1793)","Formicidae",,"Pheidole","megacephala","Fabricius, 1793","Invertebrado","Exôtica","Área De Proteção Ambiental De Fernando De Noronha","Brasil",
"Pterois volitans","928L","Pterois volitans (Linnaeus, 1758)","Scorpaenidae",,"Pterois","volitans","Linnaeus, 1758","Peixe","Exôtica","Área De Proteção Ambiental De Fernando De Noronha","Brasil",
"Rattus norvegicus","9VMW","Rattus norvegicus (Berkenhout, 1769)","Muridae",,"Rattus","norvegicus","Berkenhout, 1769","Mamífero","Exôtica","Área De Proteção Ambiental De Fernando De Noronha","Brasil",
"Rattus rattus","PLW","Rattus rattus (Linnaeus, 1758)","Muridae",,"Rattus","rattus","Linnaeus, 1758","Mamífero","Exôtica","Área De Proteção Ambiental De Fernando De Noronha","Brasil",
"Rhinella diptycha","5Q2N","Rhinella diptycha (Cope, 1862)","Bufonidae",,"Rhinella","diptycha","Cope, 1862","Anfíbio","Exôtica","Área De Proteção Ambiental De Fernando De Noronha","Brasil",
"Salvator merianae","7PQD","Salvator merianae (Duméril & Bibron, 1839)","Teiidae",,"Salvator","merianae","Duméril & Bibron, 1839","Réptil","Exôtica","Área De Proteção Ambiental De Fernando De Noronha","Brasil",
"Tropidurus hispidus ","147556","Tropidurus hispidus","Tropiduridae",,"Tropidurus","hispidus","Spix, 1825","Réptil","Exôtica","Área De Proteção Ambiental De Fernando De Noronha","Brasil",
"Wasmannia auropunctata","CGR5","Wasmannia auropunctata (Roger, 1863)","Formicidae",,"Wasmannia","auropunctata","Roger, 1863","Invertebrado","Exôtica","Área De Proteção Ambiental De Fernando De Noronha","Brasil",
"Apis mellifera","CLCS","Apis mellifera Linnaeus, 1758","Apidae",,"Apis","mellifera","Linnaeus, 1758","Invertebrado","Exôtica","Área De Proteção Ambiental De Guapi-Mirim","Brasil",
"Callithrix sp",,,,,"Callithrix","sp","NA","Mamífero","Exôtica","Área De Proteção Ambiental De Guapi-Mirim","Brasil",
"Clarias gariepinus","C9HL","Clarias gariepinus (Burchell, 1822)","Clariidae",,"Clarias","gariepinus","Burchell, 1822","Peixe","Exôtica","Área De Proteção Ambiental De Guapi-Mirim","Brasil",
"Colossoma macropomum","975C","Colossoma macropomum (Cuvier, 1818)","Serrasalmidae",,"Colossoma","macropomum","Cuvier, 1818","Peixe","Exôtica","Área De Proteção Ambiental De Guapi-Mirim","Brasil",
"Estrilda astrild","BBX","Estrilda astrild (Linnaeus, 1758)","Estrildidae",,"Estrilda","astrild","Linnaeus, 1758","Ave","Exôtica","Área De Proteção Ambiental De Guapi-Mirim","Brasil",
"Lissachatina fulica","CWMT","Lissachatina fulica (Férussac, 1821)","Achatinidae",,"Lissachatina","fulica","Bowdich, 1822","Invertebrado","Exôtica","Área De Proteção Ambiental De Guapi-Mirim","Brasil",
"Mus musculus","7LDV","Mus musculus (Linnaeus, 1758)","Muridae",,"Mus","musculus","Linnaeus, 1758","Mamífero","Exôtica","Área De Proteção Ambiental De Guapi-Mirim","Brasil",
"Passer domesticus","67TW","Passer domesticus (Linnaeus, 1758)","Passeridae",,"Passer","domesticus","Linnaeus, 1758","Ave","Exôtica","Área De Proteção Ambiental De Guapi-Mirim","Brasil",
"Polycentropsis abbreviata ",,,,,"Polycentropsis","abbreviata","Boulenger, 1901","Peixe","Exôtica","Área De Proteção Ambiental De Guapi-Mirim","Brasil",
"Trachemys dorbigni","39MP","Trachemys dorbigni (Duméril & Bibron, 1835)","Emydidae",,"Trachemys","dorbigni","Duméril and Bibron, 1835","Réptil","Exôtica","Área De Proteção Ambiental De Guapi-Mirim","Brasil",
"Apis mellifera","CLCS","Apis mellifera Linnaeus, 1758","Apidae",,"Apis","mellifera","Linnaeus, 1758","Invertebrado","Exôtica","Área De Proteção Ambiental De Guaraqueçaba","Brasil",
"Astronotus crassipinnis","F4QD","Astronotus crassipinnis (Heckel, 1840)","Cichlidae",,"Astronotus","crassipinnis","Heckel, 1840","Peixe","Exôtica","Área De Proteção Ambiental De Guaraqueçaba","Brasil",
"Bradybaena similaris","3ZQZ","Bradybaena similaris (Férussac, 1821)","Camaenidae",,"Bradybaena","similaris","Férussac, 1821","Invertebrado","Exôtica","Área De Proteção Ambiental De Guaraqueçaba","Brasil",
"Coptodon rendalli","8N4N","Coptodon rendalli (Boulenger, 1897)","Cichlidae",,"Coptodon","rendalli","Boulenger, 1897","Peixe","Exôtica","Área De Proteção Ambiental De Guaraqueçaba","Brasil",
"Limnoperna fortunei","84ZT","Limnoperna fortunei (Dunker, 1857)","Mytilidae",,"Limnoperna","fortunei","Dunker, 1857","Invertebrado","Exôtica","Área De Proteção Ambiental De Guaraqueçaba","Brasil",
"Lissachatina fulica","CWMT","Lissachatina fulica (Férussac, 1821)","Achatinidae",,"Lissachatina","fulica","Bowdich, 1822","Invertebrado","Exôtica","Área De Proteção Ambiental De Guaraqueçaba","Brasil",
"Opsanus beta","85NX","Opsanus beta (Goode & Bean, 1880)","Batrachoididae",,"Opsanus","beta","Goode & Bean, 1880","Peixe","Exôtica","Área De Proteção Ambiental De Guaraqueçaba","Brasil",
"Oreochromis niloticus","SJM","Oreochromis niloticus (Linnaeus, 1758)","Cichlidae",,"Oreochromis","niloticus","Linnaeus, 1758","Peixe","Exôtica","Área De Proteção Ambiental De Guaraqueçaba","Brasil",
"Callithrix sp",,,,,"Callithrix","sp","NA","Mamífero","Exôtica","Área De Proteção Ambiental Da Região Serrana De Petrópolis","Brasil",
"Cichla ocellaris","8PT4","Cichla ocellaris Bloch & Schneider, 1801","Cichlidae",,"Cichla","ocellaris","Bloch & Schneider, 1801","Peixe","Exôtica","Área De Proteção Ambiental Da Região Serrana De Petrópolis","Brasil",
"Columba livia","H7T8","Columba livia Gmelin, 1789","Columbidae",,"Columba","livia","Gmelin, 1789","Ave","Exôtica","Área De Proteção Ambiental Da Região Serrana De Petrópolis","Brasil",
"Coptodon rendalli","8N4N","Coptodon rendalli (Boulenger, 1897)","Cichlidae",,"Coptodon","rendalli","Boulenger, 1897","Peixe","Exôtica","Área De Proteção Ambiental Da Região Serrana De Petrópolis","Brasil",
"Estrilda astrild","BBX","Estrilda astrild (Linnaeus, 1758)","Estrildidae",,"Estrilda","astrild","Linnaeus, 1758","Ave","Exôtica","Área De Proteção Ambiental Da Região Serrana De Petrópolis","Brasil",
"Oncorhynchus mykiss","H5DM","Oncorhynchus mykiss (Walbaum, 1792)","Salmonidae",,"Oncorhynchus","mykiss","Walbaum, 1792","Peixe","Exôtica","Área De Proteção Ambiental Da Região Serrana De Petrópolis","Brasil",
"Oreochromis niloticus","SJM","Oreochromis niloticus (Linnaeus, 1758)","Cichlidae",,"Oreochromis","niloticus","Linnaeus, 1758","Peixe","Exôtica","Área De Proteção Ambiental Da Região Serrana De Petrópolis","Brasil",
"Passer domesticus","67TW","Passer domesticus (Linnaeus, 1758)","Passeridae",,"Passer","domesticus","Linnaeus, 1758","Ave","Exôtica","Área De Proteção Ambiental Da Região Serrana De Petrópolis","Brasil",
"Trachemys dorbigni","39MP","Trachemys dorbigni (Duméril & Bibron, 1835)","Emydidae",,"Trachemys","dorbigni","Duméril and Bibron, 1835","Réptil","Exôtica","Área De Proteção Ambiental Da Região Serrana De Petrópolis","Brasil",
"Columba livia","H7T8","Columba livia Gmelin, 1789","Columbidae",,"Columba","livia","Gmelin, 1789","Ave","Exôtica","Área De Proteção Ambiental De Piaçabuçu","Brasil",
"Apis mellifera","CLCS","Apis mellifera Linnaeus, 1758","Apidae",,"Apis","mellifera","Linnaeus, 1758","Invertebrado","Exôtica","Área De Proteção Ambiental Delta Do Parnaiba","Brasil",
"Arapaima gigas","260084","Arapaima gigas","Arapaimidae",,"Arapaima","gigas","Schinz, 1822","Peixe","Exôtica","Área De Proteção Ambiental Delta Do Parnaiba","Brasil",
"Bubulcus ibis","FSLC","Bubulcus ibis (Linnaeus, 1758)","Ardeidae",,"Bubulcus","ibis","Bonaparte, 1855","Ave","Exôtica","Área De Proteção Ambiental Delta Do Parnaiba","Brasil",
"Cichla monoculus","5V8Z","Cichla monoculus Spix & Agassiz, 1831","Cichlidae",,"Cichla","monoculus","Spix and Agassiz, 1831","Peixe","Exôtica","Área De Proteção Ambiental Delta Do Parnaiba","Brasil",
"Columba livia","H7T8","Columba livia Gmelin, 1789","Columbidae",,"Columba","livia","Gmelin, 1789","Ave","Exôtica","Área De Proteção Ambiental Delta Do Parnaiba","Brasil",
"Coptodon rendalli","8N4N","Coptodon rendalli (Boulenger, 1897)","Cichlidae",,"Coptodon","rendalli","Boulenger, 1897","Peixe","Exôtica","Área De Proteção Ambiental Delta Do Parnaiba","Brasil",
"Cyprinus carpio","4XPM","Cyprinus carpio Linnaeus, 1758","Cyprinidae",,"Cyprinus","carpio","Linnaeus, 1758","Peixe","Exôtica","Área De Proteção Ambiental Delta Do Parnaiba","Brasil",
"Estrilda astrild","BBX","Estrilda astrild (Linnaeus, 1758)","Estrildidae",,"Estrilda","astrild","Linnaeus, 1758","Ave","Exôtica","Área De Proteção Ambiental Delta Do Parnaiba","Brasil",
"Ictalurus punctatus","BTVD","Ictalurus punctatus (Rafinesque, 1818)","Ictaluridae",,"Ictalurus","punctatus","Rafinesque, 1818","Peixe","Exôtica","Área De Proteção Ambiental Delta Do Parnaiba","Brasil",
"Lissachatina fulica","CWMT","Lissachatina fulica (Férussac, 1821)","Achatinidae",,"Lissachatina","fulica","Bowdich, 1822","Invertebrado","Exôtica","Área De Proteção Ambiental Delta Do Parnaiba","Brasil",
"Aquarana catesbeiana","GBSR","Aquarana catesbeiana (Shaw, 1802)","Ranidae",,"Aquarana","catesbeiana","Shaw, 1802","Anfíbio","Exôtica","Área De Proteção Ambiental Delta Do Parnaiba","Brasil",
"Penaeus vannamei","GT8Z","Penaeus vannamei Boone, 1931","Penaeidae",,"Penaeus","vannamei","Boone, 1931","Invertebrado","Exôtica","Área De Proteção Ambiental Delta Do Parnaiba","Brasil",
"Mus musculus","7LDV","Mus musculus (Linnaeus, 1758)","Muridae",,"Mus","musculus","Linnaeus, 1758","Mamífero","Exôtica","Área De Proteção Ambiental Delta Do Parnaiba","Brasil",
"Oreochromis niloticus","SJM","Oreochromis niloticus (Linnaeus, 1758)","Cichlidae",,"Oreochromis","niloticus","Linnaeus, 1758","Peixe","Exôtica","Área De Proteção Ambiental Delta Do Parnaiba","Brasil",
"Oryctolagus cuniculus","J48L","Oryctolagus cuniculus (Linnaeus, 1758)","Leporidae",,"Oryctolagus","cuniculus","Linnaeus, 1758","Mamífero","Exôtica","Área De Proteção Ambiental Delta Do Parnaiba","Brasil",
"Passer domesticus","67TW","Passer domesticus (Linnaeus, 1758)","Passeridae",,"Passer","domesticus","Linnaeus, 1758","Ave","Exôtica","Área De Proteção Ambiental Delta Do Parnaiba","Brasil",
"Poecilia reticulata","5MWZ","Poecilia reticulata (Peters, 1859)","Poeciliidae",,"Poecilia","reticulata","Peters, 1859","Peixe","Exôtica","Área De Proteção Ambiental Delta Do Parnaiba","Brasil",
"Pterois volitans","928L","Pterois volitans (Linnaeus, 1758)","Scorpaenidae",,"Pterois","volitans","Linnaeus, 1758","Peixe","Exôtica","Área De Proteção Ambiental Delta Do Parnaiba","Brasil",
"Rattus norvegicus","9VMW","Rattus norvegicus (Berkenhout, 1769)","Muridae",,"Rattus","norvegicus","Berkenhout, 1769","Mamífero","Exôtica","Área De Proteção Ambiental Delta Do Parnaiba","Brasil",
"Rattus rattus","PLW","Rattus rattus (Linnaeus, 1758)","Muridae",,"Rattus","rattus","Linnaeus, 1758","Mamífero","Exôtica","Área De Proteção Ambiental Delta Do Parnaiba","Brasil",
"Trachemys scripta elegans",,,,,"Trachemys","scripta","Wied, 1838","Réptil","Exôtica","Área De Proteção Ambiental Delta Do Parnaiba","Brasil","elegans"
"Bubulcus ibis","FSLC","Bubulcus ibis (Linnaeus, 1758)","Ardeidae",,"Bubulcus","ibis","Bonaparte, 1855","Ave","Exôtica","Área De Proteção Ambiental Do Arquipélago De São Pedro E São Paulo","Brasil",
"Hemidactylus mabouia","169156","Hemidactylus mabouia","Gekkonidae",,"Hemidactylus","mabouia","Moreau De Jonnès, 1818","Réptil","Exôtica","Área De Proteção Ambiental Do Arquipélago De São Pedro E São Paulo","Brasil",
"Apis mellifera","CLCS","Apis mellifera Linnaeus, 1758","Apidae",,"Apis","mellifera","Linnaeus, 1758","Invertebrado","Exôtica","Área De Proteção Ambiental Do Boqueirão Da Onça","Brasil",
"Bubulcus ibis","FSLC","Bubulcus ibis (Linnaeus, 1758)","Ardeidae",,"Bubulcus","ibis","Bonaparte, 1855","Ave","Exôtica","Área De Proteção Ambiental Do Boqueirão Da Onça","Brasil",
"Passer domesticus","67TW","Passer domesticus (Linnaeus, 1758)","Passeridae",,"Passer","domesticus","Linnaeus, 1758","Ave","Exôtica","Área De Proteção Ambiental Do Boqueirão Da Onça","Brasil",
"Apis mellifera","CLCS","Apis mellifera Linnaeus, 1758","Apidae",,"Apis","mellifera","Linnaeus, 1758","Invertebrado","Exôtica","Área De Proteção Ambiental Do Igarapé Gelado","Brasil",
"Columba livia","H7T8","Columba livia Gmelin, 1789","Columbidae",,"Columba","livia","Gmelin, 1789","Ave","Exôtica","Área De Proteção Ambiental Do Igarapé Gelado","Brasil",
"Coptodon rendalli","8N4N","Coptodon rendalli (Boulenger, 1897)","Cichlidae",,"Coptodon","rendalli","Boulenger, 1897","Peixe","Exôtica","Área De Proteção Ambiental Do Igarapé Gelado","Brasil",
"Ctenopharyngodon idella","H98G","Ctenopharyngodon idella (Valenciennes, 1844)","Cyprinidae",,"Ctenopharyngodon","idella","Valenciennes, 1844","Peixe","Exôtica","Área De Proteção Ambiental Do Igarapé Gelado","Brasil",
"Hemidactylus mabouia","169156","Hemidactylus mabouia","Gekkonidae",,"Hemidactylus","mabouia","Moreau De Jonnès, 1818","Réptil","Exôtica","Área De Proteção Ambiental Do Igarapé Gelado","Brasil",
"Mus musculus","7LDV","Mus musculus (Linnaeus, 1758)","Muridae",,"Mus","musculus","Linnaeus, 1758","Mamífero","Exôtica","Área De Proteção Ambiental Do Igarapé Gelado","Brasil",
"Oreochromis niloticus","SJM","Oreochromis niloticus (Linnaeus, 1758)","Cichlidae",,"Oreochromis","niloticus","Linnaeus, 1758","Peixe","Exôtica","Área De Proteção Ambiental Do Igarapé Gelado","Brasil",
"Passer domesticus","67TW","Passer domesticus (Linnaeus, 1758)","Passeridae",,"Passer","domesticus","Linnaeus, 1758","Ave","Exôtica","Área De Proteção Ambiental Do Igarapé Gelado","Brasil",
"Pheidole megacephala","J3FF","Pheidole megacephala (Fabricius, 1793)","Formicidae",,"Pheidole","megacephala","Fabricius, 1793","Invertebrado","Exôtica","Área De Proteção Ambiental Do Igarapé Gelado","Brasil",
"Rattus norvegicus","9VMW","Rattus norvegicus (Berkenhout, 1769)","Muridae",,"Rattus","norvegicus","Berkenhout, 1769","Mamífero","Exôtica","Área De Proteção Ambiental Do Igarapé Gelado","Brasil",
"Rattus rattus","PLW","Rattus rattus (Linnaeus, 1758)","Muridae",,"Rattus","rattus","Linnaeus, 1758","Mamífero","Exôtica","Área De Proteção Ambiental Do Igarapé Gelado","Brasil",
"Apis mellifera","CLCS","Apis mellifera Linnaeus, 1758","Apidae",,"Apis","mellifera","Linnaeus, 1758","Invertebrado","Exôtica","Área De Proteção Ambiental Do Planalto Central","Brasil",
"Callithrix jacchus","F69M","Callithrix jacchus (Linnaeus, 1758)","Cebidae",,"Callithrix","jacchus","Linnaeus, 1758","Mamífero","Exôtica","Área De Proteção Ambiental Do Planalto Central","Brasil",
"Carassius auratus","5C9F","Carassius auratus (Linnaeus, 1758)","Cyprinidae",,"Carassius","auratus","Linnaeus, 1758","Peixe","Exôtica","Área De Proteção Ambiental Do Planalto Central","Brasil",
"Cichla monoculus","5V8Z","Cichla monoculus Spix & Agassiz, 1831","Cichlidae",,"Cichla","monoculus","Spix and Agassiz, 1831","Peixe","Exôtica","Área De Proteção Ambiental Do Planalto Central","Brasil",
"Clarias gariepinus","C9HL","Clarias gariepinus (Burchell, 1822)","Clariidae",,"Clarias","gariepinus","Burchell, 1822","Peixe","Exôtica","Área De Proteção Ambiental Do Planalto Central","Brasil",
"Colossoma macropomum","975C","Colossoma macropomum (Cuvier, 1818)","Serrasalmidae",,"Colossoma","macropomum","Cuvier, 1818","Peixe","Exôtica","Área De Proteção Ambiental Do Planalto Central","Brasil",
"Columba livia","H7T8","Columba livia Gmelin, 1789","Columbidae",,"Columba","livia","Gmelin, 1789","Ave","Exôtica","Área De Proteção Ambiental Do Planalto Central","Brasil",
"Coptodon rendalli","8N4N","Coptodon rendalli (Boulenger, 1897)","Cichlidae",,"Coptodon","rendalli","Boulenger, 1897","Peixe","Exôtica","Área De Proteção Ambiental Do Planalto Central","Brasil",
"Corbicula fluminea","58R7","Corbicula fluminea (Müller, 1774)","Cyrenidae",,"Corbicula","fluminea","Muller, 1774","Invertebrado","Exôtica","Área De Proteção Ambiental Do Planalto Central","Brasil",
"Cyprinus carpio","4XPM","Cyprinus carpio Linnaeus, 1758","Cyprinidae",,"Cyprinus","carpio","Linnaeus, 1758","Peixe","Exôtica","Área De Proteção Ambiental Do Planalto Central","Brasil",
"Estrilda astrild","BBX","Estrilda astrild (Linnaeus, 1758)","Estrildidae",,"Estrilda","astrild","Linnaeus, 1758","Ave","Exôtica","Área De Proteção Ambiental Do Planalto Central","Brasil",
"Hypophthalmichthys molitrix","4KW7","Hypophthalmichthys molitrix (Valenciennes, 1844)","Cyprinidae",,"Hypophthalmichthys","molitrix","Valenciennes, 1844","Peixe","Exôtica","Área De Proteção Ambiental Do Planalto Central","Brasil",
"Lepomis macrochirus","GS86","Lepomis macrochirus Rafinesque, 1819","Centrarchidae",,"Lepomis","macrochirus","Rafinesque, 1819","Peixe","Exôtica","Área De Proteção Ambiental Do Planalto Central","Brasil",
"Micropterus salmoides","G8ZP","Micropterus salmoides (Lacépède, 1802)","Centrarchidae",,"Micropterus","salmoides","Lacepède, 1802","Peixe","Exôtica","Área De Proteção Ambiental Do Planalto Central","Brasil",
"Oreochromis niloticus","SJM","Oreochromis niloticus (Linnaeus, 1758)","Cichlidae",,"Oreochromis","niloticus","Linnaeus, 1758","Peixe","Exôtica","Área De Proteção Ambiental Do Planalto Central","Brasil",
"Passer domesticus","67TW","Passer domesticus (Linnaeus, 1758)","Passeridae",,"Passer","domesticus","Linnaeus, 1758","Ave","Exôtica","Área De Proteção Ambiental Do Planalto Central","Brasil",
"Phalloceros caudimaculatus reticulatus",,,,,"Phalloceros","caudimaculatus","Hensel, 1868","Peixe","Exôtica","Área De Proteção Ambiental Do Planalto Central","Brasil","reticulatus"
"Poecilia reticulata","5MWZ","Poecilia reticulata (Peters, 1859)","Poeciliidae",,"Poecilia","reticulata","Peters, 1859","Peixe","Exôtica","Área De Proteção Ambiental Do Planalto Central","Brasil",
"Rattus rattus","PLW","Rattus rattus (Linnaeus, 1758)","Muridae",,"Rattus","rattus","Linnaeus, 1758","Mamífero","Exôtica","Área De Proteção Ambiental Do Planalto Central","Brasil",
"Roeboides descalvadensis","CVG9","Roeboides descalvadensis Fowler, 1932","Characidae",,"Roeboides","descalvadensis","Fowler, 1932","Peixe","Exôtica","Área De Proteção Ambiental Do Planalto Central","Brasil",
"Sus scrofa","7GXB","Sus scrofa Linnaeus, 1758","Suidae",,"Sus","scrofa","Linnaeus, 1758","Mamífero","Exôtica","Área De Proteção Ambiental Do Planalto Central","Brasil",
"Trachemys scripta elegans",,,,,"Trachemys","scripta","Wied, 1838","Réptil","Exôtica","Área De Proteção Ambiental Do Planalto Central","Brasil","elegans"
"Xiphophorus hellerii","C4BC","Xiphophorus hellerii Heckel, 1848","Poeciliidae",,"Xiphophorus","hellerii","Heckel, 1848","Peixe","Exôtica","Área De Proteção Ambiental Do Planalto Central","Brasil",
"Xiphophorus maculatus","B2G6","Xiphophorus maculatus (Günther, 1866)","Poeciliidae",,"Xiphophorus","maculatus","Günther, 1866","Peixe","Exôtica","Área De Proteção Ambiental Do Planalto Central","Brasil",
"Zaprionus indianus","945L","Zaprionus indianus Gupta, 1970","Drosophilidae",,"Zaprionus","indianus","Gupta, 1970","Invertebrado","Exôtica","Área De Proteção Ambiental Do Planalto Central","Brasil",
"Cichla monoculus","5V8Z","Cichla monoculus Spix & Agassiz, 1831","Cichlidae",,"Cichla","monoculus","Spix and Agassiz, 1831","Peixe","Exôtica","Área De Proteção Ambiental Dos Meandros Do Rio Araguaia","Brasil",
"Corbicula fluminea","58R7","Corbicula fluminea (Müller, 1774)","Cyrenidae",,"Corbicula","fluminea","Muller, 1774","Invertebrado","Exôtica","Área De Proteção Ambiental Dos Meandros Do Rio Araguaia","Brasil",
"Plagioscion squamosissimus","CLTX","Plagioscion squamosissimus (Heckel, 1840)","Sciaenidae",,"Plagioscion","squamosissimus","Heckel, 1840","Peixe","Exôtica","Área De Proteção Ambiental Dos Meandros Do Rio Araguaia","Brasil",
"Apis mellifera","CLCS","Apis mellifera Linnaeus, 1758","Apidae",,"Apis","mellifera","Linnaeus, 1758","Invertebrado","Exôtica","Área De Proteção Ambiental Ibirapuitã","Brasil",
"Axis axis","F3","Axis axis (Erxleben, 1777)","Cervidae",,"Axis","axis","Erxleben, 1777","Mamífero","Exôtica","Área De Proteção Ambiental Ibirapuitã","Brasil",
"Clarias gariepinus","C9HL","Clarias gariepinus (Burchell, 1822)","Clariidae",,"Clarias","gariepinus","Burchell, 1822","Peixe","Exôtica","Área De Proteção Ambiental Ibirapuitã","Brasil",
"Columba livia","H7T8","Columba livia Gmelin, 1789","Columbidae",,"Columba","livia","Gmelin, 1789","Ave","Exôtica","Área De Proteção Ambiental Ibirapuitã","Brasil",
"Corbicula fluminea","58R7","Corbicula fluminea (Müller, 1774)","Cyrenidae",,"Corbicula","fluminea","Muller, 1774","Invertebrado","Exôtica","Área De Proteção Ambiental Ibirapuitã","Brasil",
"Lepus europaeus","J262","Lepus europaeus Pallas, 1778","Leporidae",,"Lepus","europaeus","Pallas, 1778","Mamífero","Exôtica","Área De Proteção Ambiental Ibirapuitã","Brasil",
"Passer domesticus","67TW","Passer domesticus (Linnaeus, 1758)","Passeridae",,"Passer","domesticus","Linnaeus, 1758","Ave","Exôtica","Área De Proteção Ambiental Ibirapuitã","Brasil",
"Sturnus vulgaris","92ZH","Sturnus vulgaris Linnaeus, 1758","Sturnidae",,"Sturnus","vulgaris","Linnaeus, 1758","Ave","Exôtica","Área De Proteção Ambiental Ibirapuitã","Brasil",
"Sus scrofa","7GXB","Sus scrofa Linnaeus, 1758","Suidae",,"Sus","scrofa","Linnaeus, 1758","Mamífero","Exôtica","Área De Proteção Ambiental Ibirapuitã","Brasil",
"Acestrorhynchus pantaneiro ","4VWB","Acestrorhynchus pantaneiro Menezes, 1992","Acestrorhynchidae",,"Acestrorhynchus","pantaneiro","Menezes, 1992","Peixe","Exôtica","Área De Proteção Ambiental Ilhas E Várzeas Do Rio Paraná","Brasil",
"Ageneiosus inermis","5HDG","Ageneiosus inermis (Linnaeus, 1766)","Auchenipteridae",,"Ageneiosus","inermis","Linnaeus, 1766","Peixe","Exôtica","Área De Proteção Ambiental Ilhas E Várzeas Do Rio Paraná","Brasil",
"Apis mellifera","CLCS","Apis mellifera Linnaeus, 1758","Apidae",,"Apis","mellifera","Linnaeus, 1758","Invertebrado","Exôtica","Área De Proteção Ambiental Ilhas E Várzeas Do Rio Paraná","Brasil",
"Apistogramma commbrae","4KT5","Apistogramma commbrae (Regan, 1906)","Cichlidae",,"Apistogramma","commbrae","Regan, 1906","Peixe","Exôtica","Área De Proteção Ambiental Ilhas E Várzeas Do Rio Paraná","Brasil",
"Astronotus crassipinnis","F4QD","Astronotus crassipinnis (Heckel, 1840)","Cichlidae",,"Astronotus","crassipinnis","Heckel, 1840","Peixe","Exôtica","Área De Proteção Ambiental Ilhas E Várzeas Do Rio Paraná","Brasil",
"Bryconamericus exodon","DBBQ","Bryconamericus exodon Eigenmann, 1907","Stevardiidae",,"Bryconamericus","exodon","Eigenmann, 1907","Peixe","Exôtica","Área De Proteção Ambiental Ilhas E Várzeas Do Rio Paraná","Brasil",
"Callithrix penicillata","J7TH","Callithrix penicillata (Geoffroy, 1812)","Cebidae",,"Callithrix","penicillata","Geoffroy, 1812","Mamífero","Exôtica","Área De Proteção Ambiental Ilhas E Várzeas Do Rio Paraná","Brasil",
"Cichla kelberi","GQKB","Cichla kelberi Kullander & Ferreira, 2006","Cichlidae",,"Cichla","kelberi","Kullander & Ferreira, 2006","Peixe","Exôtica","Área De Proteção Ambiental Ilhas E Várzeas Do Rio Paraná","Brasil",
"Cichla monoculus","5V8Z","Cichla monoculus Spix & Agassiz, 1831","Cichlidae",,"Cichla","monoculus","Spix and Agassiz, 1831","Peixe","Exôtica","Área De Proteção Ambiental Ilhas E Várzeas Do Rio Paraná","Brasil",
"Cichla piquiti","6KY8","Cichla piquiti Kullander & Ferreira, 2006","Cichlidae",,"Cichla","piquiti","Kullander & Ferreira, 2006","Peixe","Exôtica","Área De Proteção Ambiental Ilhas E Várzeas Do Rio Paraná","Brasil",
"Clarias gariepinus","C9HL","Clarias gariepinus (Burchell, 1822)","Clariidae",,"Clarias","gariepinus","Burchell, 1822","Peixe","Exôtica","Área De Proteção Ambiental Ilhas E Várzeas Do Rio Paraná","Brasil",
"Coptodon rendalli","8N4N","Coptodon rendalli (Boulenger, 1897)","Cichlidae",,"Coptodon","rendalli","Boulenger, 1897","Peixe","Exôtica","Área De Proteção Ambiental Ilhas E Várzeas Do Rio Paraná","Brasil",
"Gymnotus pantanal","9W5L","Gymnotus pantanal Fernandes, Albert, Daniel-Silva, Lopes, Crampton & Almeida-Toledo, 2005","Gymnotidae",,"Gymnotus","pantanal","Fernandes, Albert, Daniel-Silva, Lopes, Crampton & Almeida-Toledo 2005","Peixe","Exôtica","Área De Proteção Ambiental Ilhas E Várzeas Do Rio Paraná","Brasil",
"Gymnotus paraguensis","D7BG","Gymnotus paraguensis Albert & Crampton, 2003","Gymnotidae",,"Gymnotus","paraguensis","Albert & Crampton, 2003","Peixe","Exôtica","Área De Proteção Ambiental Ilhas E Várzeas Do Rio Paraná","Brasil",
"Hemiodus orthonops","GS7M","Hemiodus orthonops Eigenmann & Kennedy, 1903","Hemiodontidae",,"Hemiodus","orthonops","Eigenmann & Kennedy, 1903","Peixe","Exôtica","Área De Proteção Ambiental Ilhas E Várzeas Do Rio Paraná","Brasil",
"Leporinus macrocephalus",,,,,"Leporinus","macrocephalus","Garavello & Britski, 1988","Peixe","Exôtica","Área De Proteção Ambiental Ilhas E Várzeas Do Rio Paraná","Brasil",
"Leporinus tigrinus","7C7V","Leporinus tigrinus Borodin, 1929","Anostomidae",,"Leporinus","tigrinus","Borodin, 1929","Peixe","Exôtica","Área De Proteção Ambiental Ilhas E Várzeas Do Rio Paraná","Brasil",
"Limnoperna fortunei","84ZT","Limnoperna fortunei (Dunker, 1857)","Mytilidae",,"Limnoperna","fortunei","Dunker, 1857","Invertebrado","Exôtica","Área De Proteção Ambiental Ilhas E Várzeas Do Rio Paraná","Brasil",
"Lissachatina fulica","CWMT","Lissachatina fulica (Férussac, 1821)","Achatinidae",,"Lissachatina","fulica","Bowdich, 1822","Invertebrado","Exôtica","Área De Proteção Ambiental Ilhas E Várzeas Do Rio Paraná","Brasil",
"Loricariichthys platymetopon","82T8","Loricariichthys platymetopon Isbrücker & Nijssen, 1979","Loricariidae",,"Loricariichthys","platymetopon","Isbrücker & Nijssen, 1979","Peixe","Exôtica","Área De Proteção Ambiental Ilhas E Várzeas Do Rio Paraná","Brasil",
"Loricariichthys rostratus","H7MY","Loricariichthys rostratus Reis & Pereira, 2000","Loricariidae",,"Loricariichthys","rostratus","Reis & Pereira, 2000","Peixe","Exôtica","Área De Proteção Ambiental Ilhas E Várzeas Do Rio Paraná","Brasil",
"Metynnis lippincottianus","3956","Metynnis lippincottianus (Cope, 1870)","Serrasalmidae",,"Metynnis","lippincottianus","Cope, 1870","Peixe","Exôtica","Área De Proteção Ambiental Ilhas E Várzeas Do Rio Paraná","Brasil",
"Ossancora eigenmanni","DHHF","Ossancora eigenmanni Boulenger, 1895","Doradidae",,"Ossancora","eigenmanni","Boulenger, 1895","Peixe","Exôtica","Área De Proteção Ambiental Ilhas E Várzeas Do Rio Paraná","Brasil",
"Phalloceros caudimaculatus reticulatus",,,,,"Phalloceros","caudimaculatus","Hensel, 1868","Peixe","Exôtica","Área De Proteção Ambiental Ilhas E Várzeas Do Rio Paraná","Brasil","reticulatus"
"Plagioscion squamosissimus","CLTX","Plagioscion squamosissimus (Heckel, 1840)","Sciaenidae",,"Plagioscion","squamosissimus","Heckel, 1840","Peixe","Exôtica","Área De Proteção Ambiental Ilhas E Várzeas Do Rio Paraná","Brasil",
"Poecilia reticulata","5MWZ","Poecilia reticulata (Peters, 1859)","Poeciliidae",,"Poecilia","reticulata","Peters, 1859","Peixe","Exôtica","Área De Proteção Ambiental Ilhas E Várzeas Do Rio Paraná","Brasil",
"Pterodoras granulosus","HZ28","Pterodoras granulosus Valenciennes, 1821","Doradidae",,"Pterodoras","granulosus","Valenciennes, 1821","Peixe","Exôtica","Área De Proteção Ambiental Ilhas E Várzeas Do Rio Paraná","Brasil",
"Pterygoplichthys ambrosettii","FBKQ","Pterygoplichthys ambrosettii (Holmberg, 1893)","Loricariidae",,"Pterygoplichthys","ambrosettii","Holmberg, 1893","Peixe","Exôtica","Área De Proteção Ambiental Ilhas E Várzeas Do Rio Paraná","Brasil",
"Satanoperca setepele",,,,,"Satanoperca","setepele","Ota, Deprá, Kullander, Graça & Pavanelli, 2021","Peixe","Exôtica","Área De Proteção Ambiental Ilhas E Várzeas Do Rio Paraná","Brasil",
"Serrasalmus marginatus","5QCW","Serrasalmus marginatus Valenciennes, 1836","Serrasalmidae",,"Serrasalmus","marginatus","Valenciennes, 1837","Peixe","Exôtica","Área De Proteção Ambiental Ilhas E Várzeas Do Rio Paraná","Brasil",
"Sorubim lima","577","Sorubim lima (Bloch & Schneider, 1801)","Pimelodidae",,"Sorubim","lima","Bloch & Schneider, 1801","Peixe","Exôtica","Área De Proteção Ambiental Ilhas E Várzeas Do Rio Paraná","Brasil",
"Sus scrofa","7GXB","Sus scrofa Linnaeus, 1758","Suidae",,"Sus","scrofa","Linnaeus, 1758","Mamífero","Exôtica","Área De Proteção Ambiental Ilhas E Várzeas Do Rio Paraná","Brasil",
"Bubulcus ibis","FSLC","Bubulcus ibis (Linnaeus, 1758)","Ardeidae",,"Bubulcus","ibis","Bonaparte, 1855","Ave","Exôtica","Área De Proteção Ambiental Morro Da Pedreira","Brasil",
"Callithrix geoffroyi","3JN7","Callithrix geoffroyi (Humboldt, 1812)","Cebidae",,"Callithrix","geoffroyi","Geoffroy in Humboldt, 1812","Mamífero","Exôtica","Área De Proteção Ambiental Morro Da Pedreira","Brasil",
"Passer domesticus","67TW","Passer domesticus (Linnaeus, 1758)","Passeridae",,"Passer","domesticus","Linnaeus, 1758","Ave","Exôtica","Área De Proteção Ambiental Morro Da Pedreira","Brasil",
"Poecilia reticulata","5MWZ","Poecilia reticulata (Peters, 1859)","Poeciliidae",,"Poecilia","reticulata","Peters, 1859","Peixe","Exôtica","Área De Proteção Ambiental Morro Da Pedreira","Brasil",
"Sus scrofa","7GXB","Sus scrofa Linnaeus, 1758","Suidae",,"Sus","scrofa","Linnaeus, 1758","Mamífero","Exôtica","Área De Proteção Ambiental Morro Da Pedreira","Brasil",
"Trachemys scripta elegans",,,,,"Trachemys","scripta","Wied, 1838","Réptil","Exôtica","Área De Proteção Ambiental Morro Da Pedreira","Brasil","elegans"
"Apis mellifera","CLCS","Apis mellifera Linnaeus, 1758","Apidae",,"Apis","mellifera","Linnaeus, 1758","Invertebrado","Exôtica","Área De Proteção Ambiental Serra Da Ibiapaba","Brasil",
"Cichla monoculus","5V8Z","Cichla monoculus Spix & Agassiz, 1831","Cichlidae",,"Cichla","monoculus","Spix and Agassiz, 1831","Peixe","Exôtica","Área De Proteção Ambiental Serra Da Ibiapaba","Brasil",
"Pygocentrus nattereri","CFQB","Pygocentrus nattereri Kner, 1858","Serrasalmidae",,"Pygocentrus","nattereri","Kner, 1858","Peixe","Exôtica","Área De Proteção Ambiental Serra Da Ibiapaba","Brasil",
"Apis mellifera","CLCS","Apis mellifera Linnaeus, 1758","Apidae",,"Apis","mellifera","Linnaeus, 1758","Invertebrado","Exôtica","Área De Proteção Ambiental Serra Da Mantiqueira","Brasil",
"Bradybaena similaris","3ZQZ","Bradybaena similaris (Férussac, 1821)","Camaenidae",,"Bradybaena","similaris","Férussac, 1821","Invertebrado","Exôtica","Área De Proteção Ambiental Serra Da Mantiqueira","Brasil",
"Callithrix penicillata","J7TH","Callithrix penicillata (Geoffroy, 1812)","Cebidae",,"Callithrix","penicillata","Geoffroy, 1812","Mamífero","Exôtica","Área De Proteção Ambiental Serra Da Mantiqueira","Brasil",
"Callithrix sp",,,,,"Callithrix","sp","NA","Mamífero","Exôtica","Área De Proteção Ambiental Serra Da Mantiqueira","Brasil",
"Canis familiaris","64X","Canis lupus Linnaeus, 1758","Canidae",,"Canis","familiaris","Linnaeus, 1758","Mamífero","Exôtica","Área De Proteção Ambiental Serra Da Mantiqueira","Brasil",
"Columba livia","H7T8","Columba livia Gmelin, 1789","Columbidae",,"Columba","livia","Gmelin, 1789","Ave","Exôtica","Área De Proteção Ambiental Serra Da Mantiqueira","Brasil",
"Coptodon rendalli","8N4N","Coptodon rendalli (Boulenger, 1897)","Cichlidae",,"Coptodon","rendalli","Boulenger, 1897","Peixe","Exôtica","Área De Proteção Ambiental Serra Da Mantiqueira","Brasil",
"Estrilda astrild","BBX","Estrilda astrild (Linnaeus, 1758)","Estrildidae",,"Estrilda","astrild","Linnaeus, 1758","Ave","Exôtica","Área De Proteção Ambiental Serra Da Mantiqueira","Brasil",
"Hemidactylus mabouia","169156","Hemidactylus mabouia","Gekkonidae",,"Hemidactylus","mabouia","Moreau De Jonnès, 1818","Réptil","Exôtica","Área De Proteção Ambiental Serra Da Mantiqueira","Brasil",
"Lepus europaeus","J262","Lepus europaeus Pallas, 1778","Leporidae",,"Lepus","europaeus","Pallas, 1778","Mamífero","Exôtica","Área De Proteção Ambiental Serra Da Mantiqueira","Brasil",
"Aquarana catesbeiana","GBSR","Aquarana catesbeiana (Shaw, 1802)","Ranidae",,"Aquarana","catesbeiana","Shaw, 1802","Anfíbio","Exôtica","Área De Proteção Ambiental Serra Da Mantiqueira","Brasil",
"Mus musculus","7LDV","Mus musculus (Linnaeus, 1758)","Muridae",,"Mus","musculus","Linnaeus, 1758","Mamífero","Exôtica","Área De Proteção Ambiental Serra Da Mantiqueira","Brasil",
"Oncorhynchus mykiss","H5DM","Oncorhynchus mykiss (Walbaum, 1792)","Salmonidae",,"Oncorhynchus","mykiss","Walbaum, 1792","Peixe","Exôtica","Área De Proteção Ambiental Serra Da Mantiqueira","Brasil",
"Oreochromis niloticus","SJM","Oreochromis niloticus (Linnaeus, 1758)","Cichlidae",,"Oreochromis","niloticus","Linnaeus, 1758","Peixe","Exôtica","Área De Proteção Ambiental Serra Da Mantiqueira","Brasil",
"Passer domesticus","67TW","Passer domesticus (Linnaeus, 1758)","Passeridae",,"Passer","domesticus","Linnaeus, 1758","Ave","Exôtica","Área De Proteção Ambiental Serra Da Mantiqueira","Brasil",
"Phalloceros caudimaculatus reticulatus",,,,,"Phalloceros","caudimaculatus","Hensel, 1868","Peixe","Exôtica","Área De Proteção Ambiental Serra Da Mantiqueira","Brasil","reticulatus"
"Poecilia reticulata","5MWZ","Poecilia reticulata (Peters, 1859)","Poeciliidae",,"Poecilia","reticulata","Peters, 1859","Peixe","Exôtica","Área De Proteção Ambiental Serra Da Mantiqueira","Brasil",
"Rattus norvegicus","9VMW","Rattus norvegicus (Berkenhout, 1769)","Muridae",,"Rattus","norvegicus","Berkenhout, 1769","Mamífero","Exôtica","Área De Proteção Ambiental Serra Da Mantiqueira","Brasil",
"Rattus rattus","PLW","Rattus rattus (Linnaeus, 1758)","Muridae",,"Rattus","rattus","Linnaeus, 1758","Mamífero","Exôtica","Área De Proteção Ambiental Serra Da Mantiqueira","Brasil",
"Sus scrofa","7GXB","Sus scrofa Linnaeus, 1758","Suidae",,"Sus","scrofa","Linnaeus, 1758","Mamífero","Exôtica","Área De Proteção Ambiental Serra Da Mantiqueira","Brasil",
"Penaeus vannamei","GT8Z","Penaeus vannamei Boone, 1931","Penaeidae",,"Penaeus","vannamei","Boone, 1931","Invertebrado","Exôtica","Área De Relevante Interesse Ecológico Manguezais Da Foz Do Rio Mamanguape","Brasil",
"Mus musculus","7LDV","Mus musculus (Linnaeus, 1758)","Muridae",,"Mus","musculus","Linnaeus, 1758","Mamífero","Exôtica","Área De Relevante Interesse Ecológico Manguezais Da Foz Do Rio Mamanguape","Brasil",
"Rattus rattus","PLW","Rattus rattus (Linnaeus, 1758)","Muridae",,"Rattus","rattus","Linnaeus, 1758","Mamífero","Exôtica","Área De Relevante Interesse Ecológico Capetinga - Taquara","Brasil",
"Poecilia reticulata","5MWZ","Poecilia reticulata (Peters, 1859)","Poeciliidae",,"Poecilia","reticulata","Peters, 1859","Peixe","Exôtica","Área De Relevante Interesse Ecológico Capetinga - Taquara","Brasil",
"Aquarana catesbeiana","GBSR","Aquarana catesbeiana (Shaw, 1802)","Ranidae",,"Aquarana","catesbeiana","Shaw, 1802","Anfíbio","Exôtica","Área De Relevante Interesse Ecológico Capetinga - Taquara","Brasil",
"Trachemys scripta elegans",,,,,"Trachemys","scripta","Wied, 1838","Réptil","Exôtica","Área De Relevante Interesse Ecológico Capetinga - Taquara","Brasil","elegans"
"Bubulcus ibis","FSLC","Bubulcus ibis (Linnaeus, 1758)","Ardeidae",,"Bubulcus","ibis","Bonaparte, 1855","Ave","Exôtica","Área De Relevante Interesse Ecológico Floresta Da Cicuta","Brasil",
"Callithrix jacchus","F69M","Callithrix jacchus (Linnaeus, 1758)","Cebidae",,"Callithrix","jacchus","Linnaeus, 1758","Mamífero","Exôtica","Área De Relevante Interesse Ecológico Floresta Da Cicuta","Brasil",
"Estrilda astrild","BBX","Estrilda astrild (Linnaeus, 1758)","Estrildidae",,"Estrilda","astrild","Linnaeus, 1758","Ave","Exôtica","Área De Relevante Interesse Ecológico Floresta Da Cicuta","Brasil",
"Poecilia reticulata","5MWZ","Poecilia reticulata (Peters, 1859)","Poeciliidae",,"Poecilia","reticulata","Peters, 1859","Peixe","Exôtica","Área De Relevante Interesse Ecológico Floresta Da Cicuta","Brasil",
"Tubastraea coccinea","8RWW","Tubastraea coccinea Lesson, 1829","Dendrophylliidae",,"Tubastraea","coccinea","Lesson, 1829","Invertebrado","Exôtica","Área De Relevante Interesse Ecológico Ilhas Queimada Grande E Queimada Pequena","Brasil",
"Apis mellifera","CLCS","Apis mellifera Linnaeus, 1758","Apidae",,"Apis","mellifera","Linnaeus, 1758","Invertebrado","Exôtica","Área De Relevante Interesse Ecológico Mata De Santa Genebra","Brasil",
"Callithrix jacchus","F69M","Callithrix jacchus (Linnaeus, 1758)","Cebidae",,"Callithrix","jacchus","Linnaeus, 1758","Mamífero","Exôtica","Área De Relevante Interesse Ecológico Mata De Santa Genebra","Brasil",
"Canis familiaris","64X","Canis lupus Linnaeus, 1758","Canidae",,"Canis","familiaris","Linnaeus, 1758","Mamífero","Exôtica","Área De Relevante Interesse Ecológico Mata De Santa Genebra","Brasil",
"Columba livia","H7T8","Columba livia Gmelin, 1789","Columbidae",,"Columba","livia","Gmelin, 1789","Ave","Exôtica","Área De Relevante Interesse Ecológico Mata De Santa Genebra","Brasil",
"Estrilda astrild","BBX","Estrilda astrild (Linnaeus, 1758)","Estrildidae",,"Estrilda","astrild","Linnaeus, 1758","Ave","Exôtica","Área De Relevante Interesse Ecológico Mata De Santa Genebra","Brasil",
"Felis catus","3TCH","Felis catus Linnaeus, 1758","Felidae",,"Felis","catus","Linnaeus, 1758","Mamífero","Exôtica","Área De Relevante Interesse Ecológico Mata De Santa Genebra","Brasil",
"Hemidactylus mabouia","169156","Hemidactylus mabouia","Gekkonidae",,"Hemidactylus","mabouia","Moreau De Jonnès, 1818","Réptil","Exôtica","Área De Relevante Interesse Ecológico Mata De Santa Genebra","Brasil",
"Lepus europaeus","J262","Lepus europaeus Pallas, 1778","Leporidae",,"Lepus","europaeus","Pallas, 1778","Mamífero","Exôtica","Área De Relevante Interesse Ecológico Mata De Santa Genebra","Brasil",
"Lissachatina fulica","CWMT","Lissachatina fulica (Férussac, 1821)","Achatinidae",,"Lissachatina","fulica","Bowdich, 1822","Invertebrado","Exôtica","Área De Relevante Interesse Ecológico Mata De Santa Genebra","Brasil",
"Corbicula fluminea","58R7","Corbicula fluminea (Müller, 1774)","Cyrenidae",,"Corbicula","fluminea","Muller, 1774","Invertebrado","Exôtica","Área De Relevante Interesse Ecológico Serra Da Abelha","Brasil",
"Apis mellifera","CLCS","Apis mellifera Linnaeus, 1758","Apidae",,"Apis","mellifera","Linnaeus, 1758","Invertebrado","Exôtica","Estação Ecológica Da Guanabara","Brasil",
"Callithrix penicillata","J7TH","Callithrix penicillata (Geoffroy, 1812)","Cebidae",,"Callithrix","penicillata","Geoffroy, 1812","Mamífero","Exôtica","Estação Ecológica Da Guanabara","Brasil",
"Clarias gariepinus","C9HL","Clarias gariepinus (Burchell, 1822)","Clariidae",,"Clarias","gariepinus","Burchell, 1822","Peixe","Exôtica","Estação Ecológica Da Guanabara","Brasil",
"Columba livia","H7T8","Columba livia Gmelin, 1789","Columbidae",,"Columba","livia","Gmelin, 1789","Ave","Exôtica","Estação Ecológica Da Guanabara","Brasil",
"Coptodon rendalli","8N4N","Coptodon rendalli (Boulenger, 1897)","Cichlidae",,"Coptodon","rendalli","Boulenger, 1897","Peixe","Exôtica","Estação Ecológica Da Guanabara","Brasil",
"Oreochromis niloticus","SJM","Oreochromis niloticus (Linnaeus, 1758)","Cichlidae",,"Oreochromis","niloticus","Linnaeus, 1758","Peixe","Exôtica","Estação Ecológica Da Guanabara","Brasil",
"Passer domesticus","67TW","Passer domesticus (Linnaeus, 1758)","Passeridae",,"Passer","domesticus","Linnaeus, 1758","Ave","Exôtica","Estação Ecológica Da Guanabara","Brasil",
"Lepus europaeus","J262","Lepus europaeus Pallas, 1778","Leporidae",,"Lepus","europaeus","Pallas, 1778","Mamífero","Exôtica","Estação Ecológica Da Mata Preta","Brasil",
"Aquarana catesbeiana","GBSR","Aquarana catesbeiana (Shaw, 1802)","Ranidae",,"Aquarana","catesbeiana","Shaw, 1802","Anfíbio","Exôtica","Estação Ecológica Da Mata Preta","Brasil",
"Passer domesticus","67TW","Passer domesticus (Linnaeus, 1758)","Passeridae",,"Passer","domesticus","Linnaeus, 1758","Ave","Exôtica","Estação Ecológica Da Mata Preta","Brasil",
"Sus scrofa","7GXB","Sus scrofa Linnaeus, 1758","Suidae",,"Sus","scrofa","Linnaeus, 1758","Mamífero","Exôtica","Estação Ecológica Da Mata Preta","Brasil",
"Apis mellifera","CLCS","Apis mellifera Linnaeus, 1758","Apidae",,"Apis","mellifera","Linnaeus, 1758","Invertebrado","Exôtica","Estação Ecológica Da Serra Das Araras","Brasil",
"Bubulcus ibis","FSLC","Bubulcus ibis (Linnaeus, 1758)","Ardeidae",,"Bubulcus","ibis","Bonaparte, 1855","Ave","Exôtica","Estação Ecológica Da Serra Das Araras","Brasil",
"Columba livia","H7T8","Columba livia Gmelin, 1789","Columbidae",,"Columba","livia","Gmelin, 1789","Ave","Exôtica","Estação Ecológica Da Serra Das Araras","Brasil",
"Estrilda astrild","BBX","Estrilda astrild (Linnaeus, 1758)","Estrildidae",,"Estrilda","astrild","Linnaeus, 1758","Ave","Exôtica","Estação Ecológica Da Serra Das Araras","Brasil",
"Hemidactylus mabouia","169156","Hemidactylus mabouia","Gekkonidae",,"Hemidactylus","mabouia","Moreau De Jonnès, 1818","Réptil","Exôtica","Estação Ecológica Da Serra Das Araras","Brasil",
"Passer domesticus","67TW","Passer domesticus (Linnaeus, 1758)","Passeridae",,"Passer","domesticus","Linnaeus, 1758","Ave","Exôtica","Estação Ecológica Da Serra Das Araras","Brasil",
"Rattus norvegicus","9VMW","Rattus norvegicus (Berkenhout, 1769)","Muridae",,"Rattus","norvegicus","Berkenhout, 1769","Mamífero","Exôtica","Estação Ecológica Da Serra Das Araras","Brasil",
"Bubulcus ibis","FSLC","Bubulcus ibis (Linnaeus, 1758)","Ardeidae",,"Bubulcus","ibis","Bonaparte, 1855","Ave","Exôtica","Estação Ecológica Da Terra Do Meio","Brasil",
"Hemidactylus mabouia","169156","Hemidactylus mabouia","Gekkonidae",,"Hemidactylus","mabouia","Moreau De Jonnès, 1818","Réptil","Exôtica","Estação Ecológica Da Terra Do Meio","Brasil",
"Oreochromis niloticus","SJM","Oreochromis niloticus (Linnaeus, 1758)","Cichlidae",,"Oreochromis","niloticus","Linnaeus, 1758","Peixe","Exôtica","Estação Ecológica Da Terra Do Meio","Brasil",
"Bubulcus ibis","FSLC","Bubulcus ibis (Linnaeus, 1758)","Ardeidae",,"Bubulcus","ibis","Bonaparte, 1855","Ave","Exôtica","Estação Ecológica De Aiuaba","Brasil",
"Hemidactylus mabouia","169156","Hemidactylus mabouia","Gekkonidae",,"Hemidactylus","mabouia","Moreau De Jonnès, 1818","Réptil","Exôtica","Estação Ecológica De Aiuaba","Brasil",
"Oreochromis niloticus","SJM","Oreochromis niloticus (Linnaeus, 1758)","Cichlidae",,"Oreochromis","niloticus","Linnaeus, 1758","Peixe","Exôtica","Estação Ecológica De Aiuaba","Brasil",
"Passer domesticus","67TW","Passer domesticus (Linnaeus, 1758)","Passeridae",,"Passer","domesticus","Linnaeus, 1758","Ave","Exôtica","Estação Ecológica De Aiuaba","Brasil",
"Poecilia reticulata","5MWZ","Poecilia reticulata (Peters, 1859)","Poeciliidae",,"Poecilia","reticulata","Peters, 1859","Peixe","Exôtica","Estação Ecológica De Aiuaba","Brasil",
"Apis mellifera","CLCS","Apis mellifera Linnaeus, 1758","Apidae",,"Apis","mellifera","Linnaeus, 1758","Invertebrado","Exôtica","Estação Ecológica De Aracuri-Esmeralda","Brasil",
"Lepus europaeus","J262","Lepus europaeus Pallas, 1778","Leporidae",,"Lepus","europaeus","Pallas, 1778","Mamífero","Exôtica","Estação Ecológica De Aracuri-Esmeralda","Brasil",
"Mus musculus","7LDV","Mus musculus (Linnaeus, 1758)","Muridae",,"Mus","musculus","Linnaeus, 1758","Mamífero","Exôtica","Estação Ecológica De Aracuri-Esmeralda","Brasil",
"Rattus norvegicus","9VMW","Rattus norvegicus (Berkenhout, 1769)","Muridae",,"Rattus","norvegicus","Berkenhout, 1769","Mamífero","Exôtica","Estação Ecológica De Aracuri-Esmeralda","Brasil",
"Rattus rattus","PLW","Rattus rattus (Linnaeus, 1758)","Muridae",,"Rattus","rattus","Linnaeus, 1758","Mamífero","Exôtica","Estação Ecológica De Aracuri-Esmeralda","Brasil",
"Sus scrofa","7GXB","Sus scrofa Linnaeus, 1758","Suidae",,"Sus","scrofa","Linnaeus, 1758","Mamífero","Exôtica","Estação Ecológica De Aracuri-Esmeralda","Brasil",
"Apis mellifera","CLCS","Apis mellifera Linnaeus, 1758","Apidae",,"Apis","mellifera","Linnaeus, 1758","Invertebrado","Exôtica","Estação Ecológica De Carijós","Brasil",
"Callithrix jacchus","F69M","Callithrix jacchus (Linnaeus, 1758)","Cebidae",,"Callithrix","jacchus","Linnaeus, 1758","Mamífero","Exôtica","Estação Ecológica De Carijós","Brasil",
"Columba livia","H7T8","Columba livia Gmelin, 1789","Columbidae",,"Columba","livia","Gmelin, 1789","Ave","Exôtica","Estação Ecológica De Carijós","Brasil",
"Coptodon rendalli","8N4N","Coptodon rendalli (Boulenger, 1897)","Cichlidae",,"Coptodon","rendalli","Boulenger, 1897","Peixe","Exôtica","Estação Ecológica De Carijós","Brasil",
"Estrilda astrild","BBX","Estrilda astrild (Linnaeus, 1758)","Estrildidae",,"Estrilda","astrild","Linnaeus, 1758","Ave","Exôtica","Estação Ecológica De Carijós","Brasil",
"Passer domesticus","67TW","Passer domesticus (Linnaeus, 1758)","Passeridae",,"Passer","domesticus","Linnaeus, 1758","Ave","Exôtica","Estação Ecológica De Carijós","Brasil",
"Opsanus beta","85NX","Opsanus beta (Goode & Bean, 1880)","Batrachoididae",,"Opsanus","beta","Goode & Bean, 1880","Peixe","Exôtica","Estação Ecológica De Guaraqueçaba","Brasil",
"Apis mellifera","CLCS","Apis mellifera Linnaeus, 1758","Apidae",,"Apis","mellifera","Linnaeus, 1758","Invertebrado","Exôtica","Estação Ecológica De Maracá Jipioca","Brasil",
"Bubalus bubalis","7N9G","Bubalus bubalis Linnaeus, 1758","Bovidae",,"Bubalus","bubalis","Linnaeus, 1758","Mamífero","Exôtica","Estação Ecológica De Maracá Jipioca","Brasil",
"Hemidactylus mabouia","169156","Hemidactylus mabouia","Gekkonidae",,"Hemidactylus","mabouia","Moreau De Jonnès, 1818","Réptil","Exôtica","Estação Ecológica De Maracá Jipioca","Brasil",
"Estrilda astrild","BBX","Estrilda astrild (Linnaeus, 1758)","Estrildidae",,"Estrilda","astrild","Linnaeus, 1758","Ave","Exôtica","Estação Ecológica De Murici","Brasil",
"Hemidactylus mabouia","169156","Hemidactylus mabouia","Gekkonidae",,"Hemidactylus","mabouia","Moreau De Jonnès, 1818","Réptil","Exôtica","Estação Ecológica De Murici","Brasil",
"Passer domesticus","67TW","Passer domesticus (Linnaeus, 1758)","Passeridae",,"Passer","domesticus","Linnaeus, 1758","Ave","Exôtica","Estação Ecológica De Murici","Brasil",
"Apis mellifera","CLCS","Apis mellifera Linnaeus, 1758","Apidae",,"Apis","mellifera","Linnaeus, 1758","Invertebrado","Exôtica","Estação Ecológica De Pirapitinga","Brasil",
"Bradybaena similaris","3ZQZ","Bradybaena similaris (Férussac, 1821)","Camaenidae",,"Bradybaena","similaris","Férussac, 1821","Invertebrado","Exôtica","Estação Ecológica De Pirapitinga","Brasil",
"Cichla kelberi","GQKB","Cichla kelberi Kullander & Ferreira, 2006","Cichlidae",,"Cichla","kelberi","Kullander & Ferreira, 2006","Peixe","Exôtica","Estação Ecológica De Pirapitinga","Brasil",
"Cichla monoculus","5V8Z","Cichla monoculus Spix & Agassiz, 1831","Cichlidae",,"Cichla","monoculus","Spix and Agassiz, 1831","Peixe","Exôtica","Estação Ecológica De Pirapitinga","Brasil",
"Cichla piquiti","6KY8","Cichla piquiti Kullander & Ferreira, 2006","Cichlidae",,"Cichla","piquiti","Kullander & Ferreira, 2006","Peixe","Exôtica","Estação Ecológica De Pirapitinga","Brasil",
"Cichla temensis","YLT","Cichla temensis Humboldt, 1821","Cichlidae",,"Cichla","temensis","Humboldt, 1821","Peixe","Exôtica","Estação Ecológica De Pirapitinga","Brasil",
"Clarias gariepinus","C9HL","Clarias gariepinus (Burchell, 1822)","Clariidae",,"Clarias","gariepinus","Burchell, 1822","Peixe","Exôtica","Estação Ecológica De Pirapitinga","Brasil",
"Columba livia","H7T8","Columba livia Gmelin, 1789","Columbidae",,"Columba","livia","Gmelin, 1789","Ave","Exôtica","Estação Ecológica De Pirapitinga","Brasil",
"Coptodon rendalli","8N4N","Coptodon rendalli (Boulenger, 1897)","Cichlidae",,"Coptodon","rendalli","Boulenger, 1897","Peixe","Exôtica","Estação Ecológica De Pirapitinga","Brasil",
"Ctenopharyngodon idella","H98G","Ctenopharyngodon idella (Valenciennes, 1844)","Cyprinidae",,"Ctenopharyngodon","idella","Valenciennes, 1844","Peixe","Exôtica","Estação Ecológica De Pirapitinga","Brasil",
"Cyprinus carpio","4XPM","Cyprinus carpio Linnaeus, 1758","Cyprinidae",,"Cyprinus","carpio","Linnaeus, 1758","Peixe","Exôtica","Estação Ecológica De Pirapitinga","Brasil",
"Hemidactylus mabouia","169156","Hemidactylus mabouia","Gekkonidae",,"Hemidactylus","mabouia","Moreau De Jonnès, 1818","Réptil","Exôtica","Estação Ecológica De Pirapitinga","Brasil",
"Hoplosternum littorale","67QL","Hoplosternum littorale (Hancock, 1828)","Callichthyidae",,"Hoplosternum","littorale","Hancock, 1828","Peixe","Exôtica","Estação Ecológica De Pirapitinga","Brasil",
"Oreochromis niloticus","SJM","Oreochromis niloticus (Linnaeus, 1758)","Cichlidae",,"Oreochromis","niloticus","Linnaeus, 1758","Peixe","Exôtica","Estação Ecológica De Pirapitinga","Brasil",
"Apis mellifera","CLCS","Apis mellifera Linnaeus, 1758","Apidae",,"Apis","mellifera","Linnaeus, 1758","Invertebrado","Exôtica","Estação Ecológica De Taiamã","Brasil",
"Bubulcus ibis","FSLC","Bubulcus ibis (Linnaeus, 1758)","Ardeidae",,"Bubulcus","ibis","Bonaparte, 1855","Ave","Exôtica","Estação Ecológica De Taiamã","Brasil",
"Columba livia","H7T8","Columba livia Gmelin, 1789","Columbidae",,"Columba","livia","Gmelin, 1789","Ave","Exôtica","Estação Ecológica De Taiamã","Brasil",
"Corbicula fluminea","58R7","Corbicula fluminea (Müller, 1774)","Cyrenidae",,"Corbicula","fluminea","Muller, 1774","Invertebrado","Exôtica","Estação Ecológica De Taiamã","Brasil",
"Limnoperna fortunei","84ZT","Limnoperna fortunei (Dunker, 1857)","Mytilidae",,"Limnoperna","fortunei","Dunker, 1857","Invertebrado","Exôtica","Estação Ecológica De Taiamã","Brasil",
"Passer domesticus","67TW","Passer domesticus (Linnaeus, 1758)","Passeridae",,"Passer","domesticus","Linnaeus, 1758","Ave","Exôtica","Estação Ecológica De Taiamã","Brasil",
"Charybdis hellerii","BR3D","Charybdis helerii A. Milne-Edwards, 1867","Portunidae",,"Charybdis","hellerii","Milne Edwards, 1867","Invertebrado","Exôtica","Estação Ecológica De Tamoios","Brasil",
"Clavularia viridis",,,,,"Clavularia","viridis","Quoy & Gaimard, 1833","Invertebrado","Exôtica","Estação Ecológica De Tamoios","Brasil",
"Erythropodium caribaeorum",,,,,"Erythropodium","caribaeorum","Duchassaing & Michelotti, 1860","Invertebrado","Exôtica","Estação Ecológica De Tamoios","Brasil",
"Felis catus","3TCH","Felis catus Linnaeus, 1758","Felidae",,"Felis","catus","Linnaeus, 1758","Mamífero","Exôtica","Estação Ecológica De Tamoios","Brasil",
"Isognomon bicolor","CGPC","Isognomon bicolor (Adams, 1845)","Isognomonidae",,"Isognomon","bicolor","C. B. Adams, 1845","Invertebrado","Exôtica","Estação Ecológica De Tamoios","Brasil",
"Latissimia ningalooensis",,,,,"Latissimia","ningalooensis","Ekins, Benayahu & McFadden","Invertebrado","Exôtica","Estação Ecológica De Tamoios","Brasil",
"Leiosolenus aristatus","HGC6","Leiosolenus aristatus (Dillwyn, 1817)","Mytilidae",,"Leiosolenus","aristatus","Dillwyn, 1817","Invertebrado","Exôtica","Estação Ecológica De Tamoios","Brasil",
"Rattus rattus","PLW","Rattus rattus (Linnaeus, 1758)","Muridae",,"Rattus","rattus","Linnaeus, 1758","Mamífero","Exôtica","Estação Ecológica De Tamoios","Brasil",
"Styela plicata","DXBL","Styela plicata (Lesueur, 1823)","Styelidae",,"Styela","plicata","Lesueur, 1823","Invertebrado","Exôtica","Estação Ecológica De Tamoios","Brasil",
"Tubastraea coccinea","8RWW","Tubastraea coccinea Lesson, 1829","Dendrophylliidae",,"Tubastraea","coccinea","Lesson, 1829","Invertebrado","Exôtica","Estação Ecológica De Tamoios","Brasil",
"Tubastraea tagusensis","5CZQ","Tubastraea tagusensis (Wells, 1982)","Dendrophylliidae",,"Tubastraea","tagusensis","Wells, 1982","Invertebrado","Exôtica","Estação Ecológica De Tamoios","Brasil",
"Apis mellifera","CLCS","Apis mellifera Linnaeus, 1758","Apidae",,"Apis","mellifera","Linnaeus, 1758","Invertebrado","Exôtica","Estação Ecológica Do Seridó","Brasil",
"Capra hircus","8S7N","Capra hircus Linnaeus, 1758","Bovidae",,"Capra","hircus","Linnaeus, 1758","Mamífero","Exôtica","Estação Ecológica Do Seridó","Brasil",
"Mus musculus","7LDV","Mus musculus (Linnaeus, 1758)","Muridae",,"Mus","musculus","Linnaeus, 1758","Mamífero","Exôtica","Estação Ecológica Do Seridó","Brasil",
"Oreochromis niloticus","SJM","Oreochromis niloticus (Linnaeus, 1758)","Cichlidae",,"Oreochromis","niloticus","Linnaeus, 1758","Peixe","Exôtica","Estação Ecológica Do Seridó","Brasil",
"Rattus norvegicus","9VMW","Rattus norvegicus (Berkenhout, 1769)","Muridae",,"Rattus","norvegicus","Berkenhout, 1769","Mamífero","Exôtica","Estação Ecológica Do Seridó","Brasil",
"Rattus rattus","PLW","Rattus rattus (Linnaeus, 1758)","Muridae",,"Rattus","rattus","Linnaeus, 1758","Mamífero","Exôtica","Estação Ecológica Do Seridó","Brasil",
"Axis axis","F3","Axis axis (Erxleben, 1777)","Cervidae",,"Axis","axis","Erxleben, 1777","Mamífero","Exôtica","Estação Ecológica Do Taim","Brasil",
"Columba livia","H7T8","Columba livia Gmelin, 1789","Columbidae",,"Columba","livia","Gmelin, 1789","Ave","Exôtica","Estação Ecológica Do Taim","Brasil",
"Corbicula fluminea","58R7","Corbicula fluminea (Müller, 1774)","Cyrenidae",,"Corbicula","fluminea","Muller, 1774","Invertebrado","Exôtica","Estação Ecológica Do Taim","Brasil",
"Lepus europaeus","J262","Lepus europaeus Pallas, 1778","Leporidae",,"Lepus","europaeus","Pallas, 1778","Mamífero","Exôtica","Estação Ecológica Do Taim","Brasil",
"Limnoperna fortunei","84ZT","Limnoperna fortunei (Dunker, 1857)","Mytilidae",,"Limnoperna","fortunei","Dunker, 1857","Invertebrado","Exôtica","Estação Ecológica Do Taim","Brasil",
"Passer domesticus","67TW","Passer domesticus (Linnaeus, 1758)","Passeridae",,"Passer","domesticus","Linnaeus, 1758","Ave","Exôtica","Estação Ecológica Do Taim","Brasil",
"Phalloceros caudimaculatus reticulatus",,,,,"Phalloceros","caudimaculatus","Hensel, 1868","Peixe","Exôtica","Estação Ecológica Do Taim","Brasil","reticulatus"
"Sus scrofa","7GXB","Sus scrofa Linnaeus, 1758","Suidae",,"Sus","scrofa","Linnaeus, 1758","Mamífero","Exôtica","Estação Ecológica Do Taim","Brasil",
"Carijoa riisei","FMWS","Carijoa riisei (Duchassaing & Michelotti, 1860)","Clavulariidae",,"Carijoa","riisei","Duchassaing & Michelotti, 1860","Invertebrado","Exôtica","Estação Ecológica Dos Tupiniquins","Brasil",
"Felis catus","3TCH","Felis catus Linnaeus, 1758","Felidae",,"Felis","catus","Linnaeus, 1758","Mamífero","Exôtica","Estação Ecológica Dos Tupiniquins","Brasil",
"Isognomon bicolor","CGPC","Isognomon bicolor (Adams, 1845)","Isognomonidae",,"Isognomon","bicolor","C. B. Adams, 1845","Invertebrado","Exôtica","Estação Ecológica Dos Tupiniquins","Brasil",
"Lissachatina fulica","CWMT","Lissachatina fulica (Férussac, 1821)","Achatinidae",,"Lissachatina","fulica","Bowdich, 1822","Invertebrado","Exôtica","Estação Ecológica Dos Tupiniquins","Brasil",
"Ophiothela mirabilis","72FV","Ophiothela mirabilis Verrill, 1867","Ophiotrichidae",,"Ophiothela","mirabilis","Verrill, 1867","Invertebrado","Exôtica","Estação Ecológica Dos Tupiniquins","Brasil",
"Passer domesticus","67TW","Passer domesticus (Linnaeus, 1758)","Passeridae",,"Passer","domesticus","Linnaeus, 1758","Ave","Exôtica","Estação Ecológica Dos Tupiniquins","Brasil",
"Apis mellifera","CLCS","Apis mellifera Linnaeus, 1758","Apidae",,"Apis","mellifera","Linnaeus, 1758","Invertebrado","Exôtica","Estação Ecológica Juami-Japurá","Brasil",
"Apis mellifera","CLCS","Apis mellifera Linnaeus, 1758","Apidae",,"Apis","mellifera","Linnaeus, 1758","Invertebrado","Exôtica","Estação Ecológica Mico Leão Preto","Brasil",
"Canis familiaris","64X","Canis lupus Linnaeus, 1758","Canidae",,"Canis","familiaris","Linnaeus, 1758","Mamífero","Exôtica","Estação Ecológica Mico Leão Preto","Brasil",
"Lepus europaeus","J262","Lepus europaeus Pallas, 1778","Leporidae",,"Lepus","europaeus","Pallas, 1778","Mamífero","Exôtica","Estação Ecológica Mico Leão Preto","Brasil",
"Mus musculus","7LDV","Mus musculus (Linnaeus, 1758)","Muridae",,"Mus","musculus","Linnaeus, 1758","Mamífero","Exôtica","Estação Ecológica Mico Leão Preto","Brasil",
"Passer domesticus","67TW","Passer domesticus (Linnaeus, 1758)","Passeridae",,"Passer","domesticus","Linnaeus, 1758","Ave","Exôtica","Estação Ecológica Mico Leão Preto","Brasil",
"Apis mellifera","CLCS","Apis mellifera Linnaeus, 1758","Apidae",,"Apis","mellifera","Linnaeus, 1758","Invertebrado","Exôtica","Estação Ecológica Raso Da Catarina","Brasil",
"Bubulcus ibis","FSLC","Bubulcus ibis (Linnaeus, 1758)","Ardeidae",,"Bubulcus","ibis","Bonaparte, 1855","Ave","Exôtica","Estação Ecológica Raso Da Catarina","Brasil",
"Isognomon bicolor","CGPC","Isognomon bicolor (Adams, 1845)","Isognomonidae",,"Isognomon","bicolor","C. B. Adams, 1845","Invertebrado","Exôtica","Estação Ecológica Tupinambás","Brasil",
"Lissachatina fulica","CWMT","Lissachatina fulica (Férussac, 1821)","Achatinidae",,"Lissachatina","fulica","Bowdich, 1822","Invertebrado","Exôtica","Estação Ecológica Tupinambás","Brasil",
"Leiosolenus aristatus","HGC6","Leiosolenus aristatus (Dillwyn, 1817)","Mytilidae",,"Leiosolenus","aristatus","Dillwyn, 1817","Invertebrado","Exôtica","Estação Ecológica Tupinambás","Brasil",
"Schizoporella errata","ZFY","Schizoporella errata (Waters, 1878)","Schizoporellidae",,"Schizoporella","errata","Waters, 1878","Invertebrado","Exôtica","Estação Ecológica Tupinambás","Brasil",
"Styela plicata","DXBL","Styela plicata (Lesueur, 1823)","Styelidae",,"Styela","plicata","Lesueur, 1823","Invertebrado","Exôtica","Estação Ecológica Tupinambás","Brasil",
"Tubastraea coccinea","8RWW","Tubastraea coccinea Lesson, 1829","Dendrophylliidae",,"Tubastraea","coccinea","Lesson, 1829","Invertebrado","Exôtica","Estação Ecológica Tupinambás","Brasil",
"Tubastraea tagusensis","5CZQ","Tubastraea tagusensis (Wells, 1982)","Dendrophylliidae",,"Tubastraea","tagusensis","Wells, 1982","Invertebrado","Exôtica","Estação Ecológica Tupinambás","Brasil",
"Bubulcus ibis","FSLC","Bubulcus ibis (Linnaeus, 1758)","Ardeidae",,"Bubulcus","ibis","Bonaparte, 1855","Ave","Exôtica","Floresta Nacional Da Restinga De Cabedelo","Brasil",
"Columba livia","H7T8","Columba livia Gmelin, 1789","Columbidae",,"Columba","livia","Gmelin, 1789","Ave","Exôtica","Floresta Nacional Da Restinga De Cabedelo","Brasil",
"Estrilda astrild","BBX","Estrilda astrild (Linnaeus, 1758)","Estrildidae",,"Estrilda","astrild","Linnaeus, 1758","Ave","Exôtica","Floresta Nacional Da Restinga De Cabedelo","Brasil",
"Lissachatina fulica","CWMT","Lissachatina fulica (Férussac, 1821)","Achatinidae",,"Lissachatina","fulica","Bowdich, 1822","Invertebrado","Exôtica","Floresta Nacional Da Restinga De Cabedelo","Brasil",
"Mus musculus","7LDV","Mus musculus (Linnaeus, 1758)","Muridae",,"Mus","musculus","Linnaeus, 1758","Mamífero","Exôtica","Floresta Nacional Da Restinga De Cabedelo","Brasil",
"Rattus rattus","PLW","Rattus rattus (Linnaeus, 1758)","Muridae",,"Rattus","rattus","Linnaeus, 1758","Mamífero","Exôtica","Floresta Nacional Da Restinga De Cabedelo","Brasil",
"Apis mellifera","CLCS","Apis mellifera Linnaeus, 1758","Apidae",,"Apis","mellifera","Linnaeus, 1758","Invertebrado","Exôtica","Floresta Nacional De Açu","Brasil",
"Equus asinus","8Q4B","Equus asinus Linnaeus, 1758","Equidae",,"Equus","asinus","Linnaeus, 1758","Mamífero","Exôtica","Floresta Nacional De Açu","Brasil",
"Mus musculus","7LDV","Mus musculus (Linnaeus, 1758)","Muridae",,"Mus","musculus","Linnaeus, 1758","Mamífero","Exôtica","Floresta Nacional De Açu","Brasil",
"Passer domesticus","67TW","Passer domesticus (Linnaeus, 1758)","Passeridae",,"Passer","domesticus","Linnaeus, 1758","Ave","Exôtica","Floresta Nacional De Açu","Brasil",
"Rattus rattus","PLW","Rattus rattus (Linnaeus, 1758)","Muridae",,"Rattus","rattus","Linnaeus, 1758","Mamífero","Exôtica","Floresta Nacional De Açu","Brasil",
"Apis mellifera","CLCS","Apis mellifera Linnaeus, 1758","Apidae",,"Apis","mellifera","Linnaeus, 1758","Invertebrado","Exôtica","Floresta Nacional Do Amapá","Brasil",
"Hemidactylus mabouia","169156","Hemidactylus mabouia","Gekkonidae",,"Hemidactylus","mabouia","Moreau De Jonnès, 1818","Réptil","Exôtica","Floresta Nacional Do Amapá","Brasil",
"Zaprionus indianus","945L","Zaprionus indianus Gupta, 1970","Drosophilidae",,"Zaprionus","indianus","Gupta, 1970","Invertebrado","Exôtica","Floresta Nacional Do Amapá","Brasil",
"Sus scrofa","7GXB","Sus scrofa Linnaeus, 1758","Suidae",,"Sus","scrofa","Linnaeus, 1758","Mamífero","Exôtica","Floresta Nacional De Assungui","Brasil",
"Apis mellifera","CLCS","Apis mellifera Linnaeus, 1758","Apidae",,"Apis","mellifera","Linnaeus, 1758","Invertebrado","Exôtica","Floresta Nacional De Brasília","Brasil",
"Columba livia","H7T8","Columba livia Gmelin, 1789","Columbidae",,"Columba","livia","Gmelin, 1789","Ave","Exôtica","Floresta Nacional De Brasília","Brasil",
"Hemidactylus mabouia","169156","Hemidactylus mabouia","Gekkonidae",,"Hemidactylus","mabouia","Moreau De Jonnès, 1818","Réptil","Exôtica","Floresta Nacional De Brasília","Brasil",
"Passer domesticus","67TW","Passer domesticus (Linnaeus, 1758)","Passeridae",,"Passer","domesticus","Linnaeus, 1758","Ave","Exôtica","Floresta Nacional De Brasília","Brasil",
"Poecilia reticulata","5MWZ","Poecilia reticulata (Peters, 1859)","Poeciliidae",,"Poecilia","reticulata","Peters, 1859","Peixe","Exôtica","Floresta Nacional De Brasília","Brasil",
"Sus scrofa","7GXB","Sus scrofa Linnaeus, 1758","Suidae",,"Sus","scrofa","Linnaeus, 1758","Mamífero","Exôtica","Floresta Nacional De Brasília","Brasil",
"Aquarana catesbeiana","GBSR","Aquarana catesbeiana (Shaw, 1802)","Ranidae",,"Aquarana","catesbeiana","Shaw, 1802","Anfíbio","Exôtica","Floresta Nacional De Caçador","Brasil",
"Apis mellifera","CLCS","Apis mellifera Linnaeus, 1758","Apidae",,"Apis","mellifera","Linnaeus, 1758","Invertebrado","Exôtica","Floresta Nacional De Canela","Brasil",
"Hypophthalmichthys nobilis","9NN2","Hypophthalmichthys nobilis (Richardson, 1845)","Cyprinidae",,"Hypophthalmichthys","nobilis","Richardson, 1845","Peixe","Exôtica","Floresta Nacional De Canela","Brasil",
"Ctenopharyngodon idella","H98G","Ctenopharyngodon idella (Valenciennes, 1844)","Cyprinidae",,"Ctenopharyngodon","idella","Valenciennes, 1844","Peixe","Exôtica","Floresta Nacional De Canela","Brasil",
"Cyprinus carpio","4XPM","Cyprinus carpio Linnaeus, 1758","Cyprinidae",,"Cyprinus","carpio","Linnaeus, 1758","Peixe","Exôtica","Floresta Nacional De Canela","Brasil",
"Estrilda astrild","BBX","Estrilda astrild (Linnaeus, 1758)","Estrildidae",,"Estrilda","astrild","Linnaeus, 1758","Ave","Exôtica","Floresta Nacional De Canela","Brasil",
"Hypophthalmichthys molitrix","4KW7","Hypophthalmichthys molitrix (Valenciennes, 1844)","Cyprinidae",,"Hypophthalmichthys","molitrix","Valenciennes, 1844","Peixe","Exôtica","Floresta Nacional De Canela","Brasil",
"Lepus europaeus","J262","Lepus europaeus Pallas, 1778","Leporidae",,"Lepus","europaeus","Pallas, 1778","Mamífero","Exôtica","Floresta Nacional De Canela","Brasil",
"Aquarana catesbeiana","GBSR","Aquarana catesbeiana (Shaw, 1802)","Ranidae",,"Aquarana","catesbeiana","Shaw, 1802","Anfíbio","Exôtica","Floresta Nacional De Canela","Brasil",
"Micropterus salmoides","G8ZP","Micropterus salmoides (Lacépède, 1802)","Centrarchidae",,"Micropterus","salmoides","Lacepède, 1802","Peixe","Exôtica","Floresta Nacional De Canela","Brasil",
"Oncorhynchus mykiss","H5DM","Oncorhynchus mykiss (Walbaum, 1792)","Salmonidae",,"Oncorhynchus","mykiss","Walbaum, 1792","Peixe","Exôtica","Floresta Nacional De Canela","Brasil",
"Passer domesticus","67TW","Passer domesticus (Linnaeus, 1758)","Passeridae",,"Passer","domesticus","Linnaeus, 1758","Ave","Exôtica","Floresta Nacional De Canela","Brasil",
"Sus scrofa","7GXB","Sus scrofa Linnaeus, 1758","Suidae",,"Sus","scrofa","Linnaeus, 1758","Mamífero","Exôtica","Floresta Nacional De Canela","Brasil",
"Trachemys scripta elegans",,,,,"Trachemys","scripta","Wied, 1838","Réptil","Exôtica","Floresta Nacional De Canela","Brasil","elegans"
"Apis mellifera","CLCS","Apis mellifera Linnaeus, 1758","Apidae",,"Apis","mellifera","Linnaeus, 1758","Invertebrado","Exôtica","Floresta Nacional De Capão Bonito","Brasil",
"Felis catus","3TCH","Felis catus Linnaeus, 1758","Felidae",,"Felis","catus","Linnaeus, 1758","Mamífero","Exôtica","Floresta Nacional De Capão Bonito","Brasil",
"Lepus europaeus","J262","Lepus europaeus Pallas, 1778","Leporidae",,"Lepus","europaeus","Pallas, 1778","Mamífero","Exôtica","Floresta Nacional De Capão Bonito","Brasil",
"Micropterus salmoides","G8ZP","Micropterus salmoides (Lacépède, 1802)","Centrarchidae",,"Micropterus","salmoides","Lacepède, 1802","Peixe","Exôtica","Floresta Nacional De Capão Bonito","Brasil",
"Myocastor coypus","DJ9Q","Myocastor coypus (Molina, 1782)","Echimyidae",,"Myocastor","coypus","Molina, 1782","Mamífero","Exôtica","Floresta Nacional De Capão Bonito","Brasil",
"Oreochromis niloticus","SJM","Oreochromis niloticus (Linnaeus, 1758)","Cichlidae",,"Oreochromis","niloticus","Linnaeus, 1758","Peixe","Exôtica","Floresta Nacional De Capão Bonito","Brasil",
"Passer domesticus","67TW","Passer domesticus (Linnaeus, 1758)","Passeridae",,"Passer","domesticus","Linnaeus, 1758","Ave","Exôtica","Floresta Nacional De Capão Bonito","Brasil",
"Rattus rattus","PLW","Rattus rattus (Linnaeus, 1758)","Muridae",,"Rattus","rattus","Linnaeus, 1758","Mamífero","Exôtica","Floresta Nacional De Capão Bonito","Brasil",
"Sus scrofa","7GXB","Sus scrofa Linnaeus, 1758","Suidae",,"Sus","scrofa","Linnaeus, 1758","Mamífero","Exôtica","Floresta Nacional De Capão Bonito","Brasil",
"Apis mellifera","CLCS","Apis mellifera Linnaeus, 1758","Apidae",,"Apis","mellifera","Linnaeus, 1758","Invertebrado","Exôtica","Floresta Nacional De Carajás","Brasil",
"Astronotus ocellatus","74LY","Astronotus ocellatus (Agassiz, 1831)","Cichlidae",,"Astronotus","ocellatus","Agassiz, 1831","Peixe","Exôtica","Floresta Nacional De Carajás","Brasil",
"Cichla kelberi","GQKB","Cichla kelberi Kullander & Ferreira, 2006","Cichlidae",,"Cichla","kelberi","Kullander & Ferreira, 2006","Peixe","Exôtica","Floresta Nacional De Carajás","Brasil",
"Colossoma macropomum","975C","Colossoma macropomum (Cuvier, 1818)","Serrasalmidae",,"Colossoma","macropomum","Cuvier, 1818","Peixe","Exôtica","Floresta Nacional De Carajás","Brasil",
"Columba livia","H7T8","Columba livia Gmelin, 1789","Columbidae",,"Columba","livia","Gmelin, 1789","Ave","Exôtica","Floresta Nacional De Carajás","Brasil",
"Coptodon rendalli","8N4N","Coptodon rendalli (Boulenger, 1897)","Cichlidae",,"Coptodon","rendalli","Boulenger, 1897","Peixe","Exôtica","Floresta Nacional De Carajás","Brasil",
"Hemidactylus mabouia","169156","Hemidactylus mabouia","Gekkonidae",,"Hemidactylus","mabouia","Moreau De Jonnès, 1818","Réptil","Exôtica","Floresta Nacional De Carajás","Brasil",
"Lissachatina fulica","CWMT","Lissachatina fulica (Férussac, 1821)","Achatinidae",,"Lissachatina","fulica","Bowdich, 1822","Invertebrado","Exôtica","Floresta Nacional De Carajás","Brasil",
"Mus musculus","7LDV","Mus musculus (Linnaeus, 1758)","Muridae",,"Mus","musculus","Linnaeus, 1758","Mamífero","Exôtica","Floresta Nacional De Carajás","Brasil",
"Oreochromis niloticus","SJM","Oreochromis niloticus (Linnaeus, 1758)","Cichlidae",,"Oreochromis","niloticus","Linnaeus, 1758","Peixe","Exôtica","Floresta Nacional De Carajás","Brasil",
"Passer domesticus","67TW","Passer domesticus (Linnaeus, 1758)","Passeridae",,"Passer","domesticus","Linnaeus, 1758","Ave","Exôtica","Floresta Nacional De Carajás","Brasil",
"Plagioscion squamosissimus","CLTX","Plagioscion squamosissimus (Heckel, 1840)","Sciaenidae",,"Plagioscion","squamosissimus","Heckel, 1840","Peixe","Exôtica","Floresta Nacional De Carajás","Brasil",
"Rattus rattus","PLW","Rattus rattus (Linnaeus, 1758)","Muridae",,"Rattus","rattus","Linnaeus, 1758","Mamífero","Exôtica","Floresta Nacional De Carajás","Brasil",
"Hemidactylus mabouia","169156","Hemidactylus mabouia","Gekkonidae",,"Hemidactylus","mabouia","Moreau De Jonnès, 1818","Réptil","Exôtica","Floresta Nacional De Caxiuanã","Brasil",
"Zaprionus indianus","945L","Zaprionus indianus Gupta, 1970","Drosophilidae",,"Zaprionus","indianus","Gupta, 1970","Invertebrado","Exôtica","Floresta Nacional De Caxiuanã","Brasil",
"Apis mellifera","CLCS","Apis mellifera Linnaeus, 1758","Apidae",,"Apis","mellifera","Linnaeus, 1758","Invertebrado","Exôtica","Floresta Nacional De Chapecó","Brasil",
"Hypophthalmichthys nobilis","9NN2","Hypophthalmichthys nobilis (Richardson, 1845)","Cyprinidae",,"Hypophthalmichthys","nobilis","Richardson, 1845","Peixe","Exôtica","Floresta Nacional De Chapecó","Brasil",
"Bubulcus ibis","FSLC","Bubulcus ibis (Linnaeus, 1758)","Ardeidae",,"Bubulcus","ibis","Bonaparte, 1855","Ave","Exôtica","Floresta Nacional De Chapecó","Brasil",
"Ctenopharyngodon idella","H98G","Ctenopharyngodon idella (Valenciennes, 1844)","Cyprinidae",,"Ctenopharyngodon","idella","Valenciennes, 1844","Peixe","Exôtica","Floresta Nacional De Chapecó","Brasil",
"Cyprinus carpio","4XPM","Cyprinus carpio Linnaeus, 1758","Cyprinidae",,"Cyprinus","carpio","Linnaeus, 1758","Peixe","Exôtica","Floresta Nacional De Chapecó","Brasil",
"Hypophthalmichthys molitrix","4KW7","Hypophthalmichthys molitrix (Valenciennes, 1844)","Cyprinidae",,"Hypophthalmichthys","molitrix","Valenciennes, 1844","Peixe","Exôtica","Floresta Nacional De Chapecó","Brasil",
"Aquarana catesbeiana","GBSR","Aquarana catesbeiana (Shaw, 1802)","Ranidae",,"Aquarana","catesbeiana","Shaw, 1802","Anfíbio","Exôtica","Floresta Nacional De Chapecó","Brasil",
"Oreochromis niloticus","SJM","Oreochromis niloticus (Linnaeus, 1758)","Cichlidae",,"Oreochromis","niloticus","Linnaeus, 1758","Peixe","Exôtica","Floresta Nacional De Chapecó","Brasil",
"Sus scrofa","7GXB","Sus scrofa Linnaeus, 1758","Suidae",,"Sus","scrofa","Linnaeus, 1758","Mamífero","Exôtica","Floresta Nacional De Chapecó","Brasil",
"Apis mellifera","CLCS","Apis mellifera Linnaeus, 1758","Apidae",,"Apis","mellifera","Linnaeus, 1758","Invertebrado","Exôtica","Floresta Nacional De Contendas Do Sincorá","Brasil",
"Bradybaena similaris","3ZQZ","Bradybaena similaris (Férussac, 1821)","Camaenidae",,"Bradybaena","similaris","Férussac, 1821","Invertebrado","Exôtica","Floresta Nacional De Contendas Do Sincorá","Brasil",
"Hemidactylus mabouia","169156","Hemidactylus mabouia","Gekkonidae",,"Hemidactylus","mabouia","Moreau De Jonnès, 1818","Réptil","Exôtica","Floresta Nacional De Contendas Do Sincorá","Brasil",
"Mus musculus","7LDV","Mus musculus (Linnaeus, 1758)","Muridae",,"Mus","musculus","Linnaeus, 1758","Mamífero","Exôtica","Floresta Nacional De Contendas Do Sincorá","Brasil",
"Rattus norvegicus","9VMW","Rattus norvegicus (Berkenhout, 1769)","Muridae",,"Rattus","norvegicus","Berkenhout, 1769","Mamífero","Exôtica","Floresta Nacional De Contendas Do Sincorá","Brasil",
"Bubulcus ibis","FSLC","Bubulcus ibis (Linnaeus, 1758)","Ardeidae",,"Bubulcus","ibis","Bonaparte, 1855","Ave","Exôtica","Floresta Nacional De Goytacazes","Brasil",
"Cichla monoculus","5V8Z","Cichla monoculus Spix & Agassiz, 1831","Cichlidae",,"Cichla","monoculus","Spix and Agassiz, 1831","Peixe","Exôtica","Floresta Nacional De Goytacazes","Brasil",
"Columba livia","H7T8","Columba livia Gmelin, 1789","Columbidae",,"Columba","livia","Gmelin, 1789","Ave","Exôtica","Floresta Nacional De Goytacazes","Brasil",
"Coptodon rendalli","8N4N","Coptodon rendalli (Boulenger, 1897)","Cichlidae",,"Coptodon","rendalli","Boulenger, 1897","Peixe","Exôtica","Floresta Nacional De Goytacazes","Brasil",
"Mus musculus","7LDV","Mus musculus (Linnaeus, 1758)","Muridae",,"Mus","musculus","Linnaeus, 1758","Mamífero","Exôtica","Floresta Nacional De Goytacazes","Brasil",
"Oreochromis niloticus","SJM","Oreochromis niloticus (Linnaeus, 1758)","Cichlidae",,"Oreochromis","niloticus","Linnaeus, 1758","Peixe","Exôtica","Floresta Nacional De Goytacazes","Brasil",
"Passer domesticus","67TW","Passer domesticus (Linnaeus, 1758)","Passeridae",,"Passer","domesticus","Linnaeus, 1758","Ave","Exôtica","Floresta Nacional De Goytacazes","Brasil",
"Oreochromis niloticus","SJM","Oreochromis niloticus (Linnaeus, 1758)","Cichlidae",,"Oreochromis","niloticus","Linnaeus, 1758","Peixe","Exôtica","Floresta Nacional De Humaitá","Brasil",
"Apis mellifera","CLCS","Apis mellifera Linnaeus, 1758","Apidae",,"Apis","mellifera","Linnaeus, 1758","Invertebrado","Exôtica","Floresta Nacional De Ibirama","Brasil",
"Hypophthalmichthys nobilis","9NN2","Hypophthalmichthys nobilis (Richardson, 1845)","Cyprinidae",,"Hypophthalmichthys","nobilis","Richardson, 1845","Peixe","Exôtica","Floresta Nacional De Ibirama","Brasil",
"Bubulcus ibis","FSLC","Bubulcus ibis (Linnaeus, 1758)","Ardeidae",,"Bubulcus","ibis","Bonaparte, 1855","Ave","Exôtica","Floresta Nacional De Ibirama","Brasil",
"Coptodon rendalli","8N4N","Coptodon rendalli (Boulenger, 1897)","Cichlidae",,"Coptodon","rendalli","Boulenger, 1897","Peixe","Exôtica","Floresta Nacional De Ibirama","Brasil",
"Ctenopharyngodon idella","H98G","Ctenopharyngodon idella (Valenciennes, 1844)","Cyprinidae",,"Ctenopharyngodon","idella","Valenciennes, 1844","Peixe","Exôtica","Floresta Nacional De Ibirama","Brasil",
"Cyprinus carpio","4XPM","Cyprinus carpio Linnaeus, 1758","Cyprinidae",,"Cyprinus","carpio","Linnaeus, 1758","Peixe","Exôtica","Floresta Nacional De Ibirama","Brasil",
"Hypophthalmichthys molitrix","4KW7","Hypophthalmichthys molitrix (Valenciennes, 1844)","Cyprinidae",,"Hypophthalmichthys","molitrix","Valenciennes, 1844","Peixe","Exôtica","Floresta Nacional De Ibirama","Brasil",
"Aquarana catesbeiana","GBSR","Aquarana catesbeiana (Shaw, 1802)","Ranidae",,"Aquarana","catesbeiana","Shaw, 1802","Anfíbio","Exôtica","Floresta Nacional De Ibirama","Brasil",
"Oreochromis niloticus","SJM","Oreochromis niloticus (Linnaeus, 1758)","Cichlidae",,"Oreochromis","niloticus","Linnaeus, 1758","Peixe","Exôtica","Floresta Nacional De Ibirama","Brasil",
"Sus scrofa","7GXB","Sus scrofa Linnaeus, 1758","Suidae",,"Sus","scrofa","Linnaeus, 1758","Mamífero","Exôtica","Floresta Nacional De Ibirama","Brasil",
"Apis mellifera","CLCS","Apis mellifera Linnaeus, 1758","Apidae",,"Apis","mellifera","Linnaeus, 1758","Invertebrado","Exôtica","Floresta Nacional De Ipanema","Brasil",
"Hypophthalmichthys nobilis","9NN2","Hypophthalmichthys nobilis (Richardson, 1845)","Cyprinidae",,"Hypophthalmichthys","nobilis","Richardson, 1845","Peixe","Exôtica","Floresta Nacional De Ipanema","Brasil",
"Callithrix jacchus","F69M","Callithrix jacchus (Linnaeus, 1758)","Cebidae",,"Callithrix","jacchus","Linnaeus, 1758","Mamífero","Exôtica","Floresta Nacional De Ipanema","Brasil",
"Callithrix penicillata","J7TH","Callithrix penicillata (Geoffroy, 1812)","Cebidae",,"Callithrix","penicillata","Geoffroy, 1812","Mamífero","Exôtica","Floresta Nacional De Ipanema","Brasil",
"Clarias gariepinus","C9HL","Clarias gariepinus (Burchell, 1822)","Clariidae",,"Clarias","gariepinus","Burchell, 1822","Peixe","Exôtica","Floresta Nacional De Ipanema","Brasil",
"Columba livia","H7T8","Columba livia Gmelin, 1789","Columbidae",,"Columba","livia","Gmelin, 1789","Ave","Exôtica","Floresta Nacional De Ipanema","Brasil",
"Coptodon rendalli","8N4N","Coptodon rendalli (Boulenger, 1897)","Cichlidae",,"Coptodon","rendalli","Boulenger, 1897","Peixe","Exôtica","Floresta Nacional De Ipanema","Brasil",
"Cyprinus carpio","4XPM","Cyprinus carpio Linnaeus, 1758","Cyprinidae",,"Cyprinus","carpio","Linnaeus, 1758","Peixe","Exôtica","Floresta Nacional De Ipanema","Brasil",
"Lepus europaeus","J262","Lepus europaeus Pallas, 1778","Leporidae",,"Lepus","europaeus","Pallas, 1778","Mamífero","Exôtica","Floresta Nacional De Ipanema","Brasil",
"Lissachatina fulica","CWMT","Lissachatina fulica (Férussac, 1821)","Achatinidae",,"Lissachatina","fulica","Bowdich, 1822","Invertebrado","Exôtica","Floresta Nacional De Ipanema","Brasil",
"Mus musculus","7LDV","Mus musculus (Linnaeus, 1758)","Muridae",,"Mus","musculus","Linnaeus, 1758","Mamífero","Exôtica","Floresta Nacional De Ipanema","Brasil",
"Passer domesticus","67TW","Passer domesticus (Linnaeus, 1758)","Passeridae",,"Passer","domesticus","Linnaeus, 1758","Ave","Exôtica","Floresta Nacional De Ipanema","Brasil",
"Piaractus mesopotamicus","DB77","Piaractus mesopotamicus (Holmberg, 1887)","Serrasalmidae",,"Piaractus","mesopotamicus","Holmberg, 1887","Peixe","Exôtica","Floresta Nacional De Ipanema","Brasil",
"Sus scrofa","7GXB","Sus scrofa Linnaeus, 1758","Suidae",,"Sus","scrofa","Linnaeus, 1758","Mamífero","Exôtica","Floresta Nacional De Ipanema","Brasil",
"Trachemys scripta elegans",,,,,"Trachemys","scripta","Wied, 1838","Réptil","Exôtica","Floresta Nacional De Ipanema","Brasil","elegans"
"Apis mellifera","CLCS","Apis mellifera Linnaeus, 1758","Apidae",,"Apis","mellifera","Linnaeus, 1758","Invertebrado","Exôtica","Floresta Nacional De Irati","Brasil",
"Clarias gariepinus","C9HL","Clarias gariepinus (Burchell, 1822)","Clariidae",,"Clarias","gariepinus","Burchell, 1822","Peixe","Exôtica","Floresta Nacional De Irati","Brasil",
"Coptodon rendalli","8N4N","Coptodon rendalli (Boulenger, 1897)","Cichlidae",,"Coptodon","rendalli","Boulenger, 1897","Peixe","Exôtica","Floresta Nacional De Irati","Brasil",
"Cyprinus carpio","4XPM","Cyprinus carpio Linnaeus, 1758","Cyprinidae",,"Cyprinus","carpio","Linnaeus, 1758","Peixe","Exôtica","Floresta Nacional De Irati","Brasil",
"Lepus europaeus","J262","Lepus europaeus Pallas, 1778","Leporidae",,"Lepus","europaeus","Pallas, 1778","Mamífero","Exôtica","Floresta Nacional De Irati","Brasil",
"Mus musculus","7LDV","Mus musculus (Linnaeus, 1758)","Muridae",,"Mus","musculus","Linnaeus, 1758","Mamífero","Exôtica","Floresta Nacional De Irati","Brasil",
"Oreochromis niloticus","SJM","Oreochromis niloticus (Linnaeus, 1758)","Cichlidae",,"Oreochromis","niloticus","Linnaeus, 1758","Peixe","Exôtica","Floresta Nacional De Irati","Brasil",
"Rattus norvegicus","9VMW","Rattus norvegicus (Berkenhout, 1769)","Muridae",,"Rattus","norvegicus","Berkenhout, 1769","Mamífero","Exôtica","Floresta Nacional De Irati","Brasil",
"Rattus rattus","PLW","Rattus rattus (Linnaeus, 1758)","Muridae",,"Rattus","rattus","Linnaeus, 1758","Mamífero","Exôtica","Floresta Nacional De Irati","Brasil",
"Sus scrofa","7GXB","Sus scrofa Linnaeus, 1758","Suidae",,"Sus","scrofa","Linnaeus, 1758","Mamífero","Exôtica","Floresta Nacional De Irati","Brasil",
"Bubulcus ibis","FSLC","Bubulcus ibis (Linnaeus, 1758)","Ardeidae",,"Bubulcus","ibis","Bonaparte, 1855","Ave","Exôtica","Floresta Nacional De Lorena","Brasil",
"Callithrix jacchus","F69M","Callithrix jacchus (Linnaeus, 1758)","Cebidae",,"Callithrix","jacchus","Linnaeus, 1758","Mamífero","Exôtica","Floresta Nacional De Lorena","Brasil",
"Columba livia","H7T8","Columba livia Gmelin, 1789","Columbidae",,"Columba","livia","Gmelin, 1789","Ave","Exôtica","Floresta Nacional De Lorena","Brasil",
"Coptodon rendalli","8N4N","Coptodon rendalli (Boulenger, 1897)","Cichlidae",,"Coptodon","rendalli","Boulenger, 1897","Peixe","Exôtica","Floresta Nacional De Lorena","Brasil",
"Estrilda astrild","BBX","Estrilda astrild (Linnaeus, 1758)","Estrildidae",,"Estrilda","astrild","Linnaeus, 1758","Ave","Exôtica","Floresta Nacional De Lorena","Brasil",
"Passer domesticus","67TW","Passer domesticus (Linnaeus, 1758)","Passeridae",,"Passer","domesticus","Linnaeus, 1758","Ave","Exôtica","Floresta Nacional De Lorena","Brasil",
"Mus musculus","7LDV","Mus musculus (Linnaeus, 1758)","Muridae",,"Mus","musculus","Linnaeus, 1758","Mamífero","Exôtica","Floresta Nacional Do Macauã","Brasil",
"Rattus norvegicus","9VMW","Rattus norvegicus (Berkenhout, 1769)","Muridae",,"Rattus","norvegicus","Berkenhout, 1769","Mamífero","Exôtica","Floresta Nacional Do Macauã","Brasil",
"Apis mellifera","CLCS","Apis mellifera Linnaeus, 1758","Apidae",,"Apis","mellifera","Linnaeus, 1758","Invertebrado","Exôtica","Floresta Nacional De Mário Xavier","Brasil",
"Bubulcus ibis","FSLC","Bubulcus ibis (Linnaeus, 1758)","Ardeidae",,"Bubulcus","ibis","Bonaparte, 1855","Ave","Exôtica","Floresta Nacional De Mário Xavier","Brasil",
"Callithrix jacchus","F69M","Callithrix jacchus (Linnaeus, 1758)","Cebidae",,"Callithrix","jacchus","Linnaeus, 1758","Mamífero","Exôtica","Floresta Nacional De Mário Xavier","Brasil",
"Callithrix penicillata","J7TH","Callithrix penicillata (Geoffroy, 1812)","Cebidae",,"Callithrix","penicillata","Geoffroy, 1812","Mamífero","Exôtica","Floresta Nacional De Mário Xavier","Brasil",
"Callithrix sp",,,,,"Callithrix","sp","NA","Mamífero","Exôtica","Floresta Nacional De Mário Xavier","Brasil",
"Columba livia","H7T8","Columba livia Gmelin, 1789","Columbidae",,"Columba","livia","Gmelin, 1789","Ave","Exôtica","Floresta Nacional De Mário Xavier","Brasil",
"Estrilda astrild","BBX","Estrilda astrild (Linnaeus, 1758)","Estrildidae",,"Estrilda","astrild","Linnaeus, 1758","Ave","Exôtica","Floresta Nacional De Mário Xavier","Brasil",
"Lissachatina fulica","CWMT","Lissachatina fulica (Férussac, 1821)","Achatinidae",,"Lissachatina","fulica","Bowdich, 1822","Invertebrado","Exôtica","Floresta Nacional De Mário Xavier","Brasil",
"Aquarana catesbeiana","GBSR","Aquarana catesbeiana (Shaw, 1802)","Ranidae",,"Aquarana","catesbeiana","Shaw, 1802","Anfíbio","Exôtica","Floresta Nacional De Mário Xavier","Brasil",
"Poecilia reticulata","5MWZ","Poecilia reticulata (Peters, 1859)","Poeciliidae",,"Poecilia","reticulata","Peters, 1859","Peixe","Exôtica","Floresta Nacional De Mário Xavier","Brasil",
"Rattus norvegicus","9VMW","Rattus norvegicus (Berkenhout, 1769)","Muridae",,"Rattus","norvegicus","Berkenhout, 1769","Mamífero","Exôtica","Floresta Nacional De Mário Xavier","Brasil",
"Rattus rattus","PLW","Rattus rattus (Linnaeus, 1758)","Muridae",,"Rattus","rattus","Linnaeus, 1758","Mamífero","Exôtica","Floresta Nacional De Mário Xavier","Brasil",
"Apis mellifera","CLCS","Apis mellifera Linnaeus, 1758","Apidae",,"Apis","mellifera","Linnaeus, 1758","Invertebrado","Exôtica","Floresta Nacional De Negreiros","Brasil",
"Coptodon rendalli","8N4N","Coptodon rendalli (Boulenger, 1897)","Cichlidae",,"Coptodon","rendalli","Boulenger, 1897","Peixe","Exôtica","Floresta Nacional De Negreiros","Brasil",
"Passer domesticus","67TW","Passer domesticus (Linnaeus, 1758)","Passeridae",,"Passer","domesticus","Linnaeus, 1758","Ave","Exôtica","Floresta Nacional De Negreiros","Brasil",
"Bubulcus ibis","FSLC","Bubulcus ibis (Linnaeus, 1758)","Ardeidae",,"Bubulcus","ibis","Bonaparte, 1855","Ave","Exôtica","Floresta Nacional De Nísia Floresta","Brasil",
"Hemidactylus mabouia","169156","Hemidactylus mabouia","Gekkonidae",,"Hemidactylus","mabouia","Moreau De Jonnès, 1818","Réptil","Exôtica","Floresta Nacional De Nísia Floresta","Brasil",
"Aquarana catesbeiana","GBSR","Aquarana catesbeiana (Shaw, 1802)","Ranidae",,"Aquarana","catesbeiana","Shaw, 1802","Anfíbio","Exôtica","Floresta Nacional De Pacotuba","Brasil",
"Callithrix jacchus","F69M","Callithrix jacchus (Linnaeus, 1758)","Cebidae",,"Callithrix","jacchus","Linnaeus, 1758","Mamífero","Exôtica","Floresta Nacional De Pacotuba","Brasil",
"Callithrix penicillata","J7TH","Callithrix penicillata (Geoffroy, 1812)","Cebidae",,"Callithrix","penicillata","Geoffroy, 1812","Mamífero","Exôtica","Floresta Nacional De Pacotuba","Brasil",
"Clarias gariepinus","C9HL","Clarias gariepinus (Burchell, 1822)","Clariidae",,"Clarias","gariepinus","Burchell, 1822","Peixe","Exôtica","Floresta Nacional De Pacotuba","Brasil",
"Colossoma macropomum","975C","Colossoma macropomum (Cuvier, 1818)","Serrasalmidae",,"Colossoma","macropomum","Cuvier, 1818","Peixe","Exôtica","Floresta Nacional De Pacotuba","Brasil",
"Cyprinus carpio","4XPM","Cyprinus carpio Linnaeus, 1758","Cyprinidae",,"Cyprinus","carpio","Linnaeus, 1758","Peixe","Exôtica","Floresta Nacional De Pacotuba","Brasil",
"Mus musculus","7LDV","Mus musculus (Linnaeus, 1758)","Muridae",,"Mus","musculus","Linnaeus, 1758","Mamífero","Exôtica","Floresta Nacional De Pacotuba","Brasil",
"Oreochromis niloticus","SJM","Oreochromis niloticus (Linnaeus, 1758)","Cichlidae",,"Oreochromis","niloticus","Linnaeus, 1758","Peixe","Exôtica","Floresta Nacional De Pacotuba","Brasil",
"Poecilia reticulata","5MWZ","Poecilia reticulata (Peters, 1859)","Poeciliidae",,"Poecilia","reticulata","Peters, 1859","Peixe","Exôtica","Floresta Nacional De Pacotuba","Brasil",
"Prochilodus lineatus","5M5","Prochilodus lineatus (Valenciennes, 1836)","Prochilodontidae",,"Prochilodus","lineatus","Valenciennes, 1837","Peixe","Exôtica","Floresta Nacional De Pacotuba","Brasil",
"Rattus norvegicus","9VMW","Rattus norvegicus (Berkenhout, 1769)","Muridae",,"Rattus","norvegicus","Berkenhout, 1769","Mamífero","Exôtica","Floresta Nacional De Pacotuba","Brasil",
"Apis mellifera","CLCS","Apis mellifera Linnaeus, 1758","Apidae",,"Apis","mellifera","Linnaeus, 1758","Invertebrado","Exôtica","Floresta Nacional De Palmares","Brasil",
"Apis mellifera","CLCS","Apis mellifera Linnaeus, 1758","Apidae",,"Apis","mellifera","Linnaeus, 1758","Invertebrado","Exôtica","Floresta Nacional De Paraopeba","Brasil",
"Columba livia","H7T8","Columba livia Gmelin, 1789","Columbidae",,"Columba","livia","Gmelin, 1789","Ave","Exôtica","Floresta Nacional De Paraopeba","Brasil",
"Mus musculus","7LDV","Mus musculus (Linnaeus, 1758)","Muridae",,"Mus","musculus","Linnaeus, 1758","Mamífero","Exôtica","Floresta Nacional De Paraopeba","Brasil",
"Passer domesticus","67TW","Passer domesticus (Linnaeus, 1758)","Passeridae",,"Passer","domesticus","Linnaeus, 1758","Ave","Exôtica","Floresta Nacional De Paraopeba","Brasil",
"Rattus rattus","PLW","Rattus rattus (Linnaeus, 1758)","Muridae",,"Rattus","rattus","Linnaeus, 1758","Mamífero","Exôtica","Floresta Nacional De Paraopeba","Brasil",
"Apis mellifera","CLCS","Apis mellifera Linnaeus, 1758","Apidae",,"Apis","mellifera","Linnaeus, 1758","Invertebrado","Exôtica","Floresta Nacional De Passa Quatro","Brasil",
"Callithrix jacchus","F69M","Callithrix jacchus (Linnaeus, 1758)","Cebidae",,"Callithrix","jacchus","Linnaeus, 1758","Mamífero","Exôtica","Floresta Nacional De Passa Quatro","Brasil",
"Callithrix penicillata","J7TH","Callithrix penicillata (Geoffroy, 1812)","Cebidae",,"Callithrix","penicillata","Geoffroy, 1812","Mamífero","Exôtica","Floresta Nacional De Passa Quatro","Brasil",
"Estrilda astrild","BBX","Estrilda astrild (Linnaeus, 1758)","Estrildidae",,"Estrilda","astrild","Linnaeus, 1758","Ave","Exôtica","Floresta Nacional De Passa Quatro","Brasil",
"Oncorhynchus mykiss","H5DM","Oncorhynchus mykiss (Walbaum, 1792)","Salmonidae",,"Oncorhynchus","mykiss","Walbaum, 1792","Peixe","Exôtica","Floresta Nacional De Passa Quatro","Brasil",
"Passer domesticus","67TW","Passer domesticus (Linnaeus, 1758)","Passeridae",,"Passer","domesticus","Linnaeus, 1758","Ave","Exôtica","Floresta Nacional De Passa Quatro","Brasil",
"Sus scrofa","7GXB","Sus scrofa Linnaeus, 1758","Suidae",,"Sus","scrofa","Linnaeus, 1758","Mamífero","Exôtica","Floresta Nacional De Passa Quatro","Brasil",
"Hypophthalmichthys nobilis","9NN2","Hypophthalmichthys nobilis (Richardson, 1845)","Cyprinidae",,"Hypophthalmichthys","nobilis","Richardson, 1845","Peixe","Exôtica","Floresta Nacional De Passo Fundo","Brasil",
"Ctenopharyngodon idella","H98G","Ctenopharyngodon idella (Valenciennes, 1844)","Cyprinidae",,"Ctenopharyngodon","idella","Valenciennes, 1844","Peixe","Exôtica","Floresta Nacional De Passo Fundo","Brasil",
"Cyprinus carpio","4XPM","Cyprinus carpio Linnaeus, 1758","Cyprinidae",,"Cyprinus","carpio","Linnaeus, 1758","Peixe","Exôtica","Floresta Nacional De Passo Fundo","Brasil",
"Hypophthalmichthys molitrix","4KW7","Hypophthalmichthys molitrix (Valenciennes, 1844)","Cyprinidae",,"Hypophthalmichthys","molitrix","Valenciennes, 1844","Peixe","Exôtica","Floresta Nacional De Passo Fundo","Brasil",
"Lepus europaeus","J262","Lepus europaeus Pallas, 1778","Leporidae",,"Lepus","europaeus","Pallas, 1778","Mamífero","Exôtica","Floresta Nacional De Passo Fundo","Brasil",
"Aquarana catesbeiana","GBSR","Aquarana catesbeiana (Shaw, 1802)","Ranidae",,"Aquarana","catesbeiana","Shaw, 1802","Anfíbio","Exôtica","Floresta Nacional De Passo Fundo","Brasil",
"Mus musculus","7LDV","Mus musculus (Linnaeus, 1758)","Muridae",,"Mus","musculus","Linnaeus, 1758","Mamífero","Exôtica","Floresta Nacional De Passo Fundo","Brasil",
"Oreochromis niloticus","SJM","Oreochromis niloticus (Linnaeus, 1758)","Cichlidae",,"Oreochromis","niloticus","Linnaeus, 1758","Peixe","Exôtica","Floresta Nacional De Passo Fundo","Brasil",
"Rattus rattus","PLW","Rattus rattus (Linnaeus, 1758)","Muridae",,"Rattus","rattus","Linnaeus, 1758","Mamífero","Exôtica","Floresta Nacional De Passo Fundo","Brasil",
"Apis mellifera","CLCS","Apis mellifera Linnaeus, 1758","Apidae",,"Apis","mellifera","Linnaeus, 1758","Invertebrado","Exôtica","Floresta Nacional De Pau-Rosa","Brasil",
"Cichla kelberi","GQKB","Cichla kelberi Kullander & Ferreira, 2006","Cichlidae",,"Cichla","kelberi","Kullander & Ferreira, 2006","Peixe","Exôtica","Floresta Nacional De Pau-Rosa","Brasil",
"Apis mellifera","CLCS","Apis mellifera Linnaeus, 1758","Apidae",,"Apis","mellifera","Linnaeus, 1758","Invertebrado","Exôtica","Floresta Nacional De Piraí Do Sul","Brasil",
"Columba livia","H7T8","Columba livia Gmelin, 1789","Columbidae",,"Columba","livia","Gmelin, 1789","Ave","Exôtica","Floresta Nacional De Piraí Do Sul","Brasil",
"Lepus europaeus","J262","Lepus europaeus Pallas, 1778","Leporidae",,"Lepus","europaeus","Pallas, 1778","Mamífero","Exôtica","Floresta Nacional De Piraí Do Sul","Brasil",
"Mus musculus","7LDV","Mus musculus (Linnaeus, 1758)","Muridae",,"Mus","musculus","Linnaeus, 1758","Mamífero","Exôtica","Floresta Nacional De Piraí Do Sul","Brasil",
"Apis mellifera","CLCS","Apis mellifera Linnaeus, 1758","Apidae",,"Apis","mellifera","Linnaeus, 1758","Invertebrado","Exôtica","Floresta Nacional De Rio Preto","Brasil",
"Hypophthalmichthys nobilis","9NN2","Hypophthalmichthys nobilis (Richardson, 1845)","Cyprinidae",,"Hypophthalmichthys","nobilis","Richardson, 1845","Peixe","Exôtica","Floresta Nacional De Rio Preto","Brasil",
"Cichla monoculus","5V8Z","Cichla monoculus Spix & Agassiz, 1831","Cichlidae",,"Cichla","monoculus","Spix and Agassiz, 1831","Peixe","Exôtica","Floresta Nacional De Rio Preto","Brasil",
"Clarias gariepinus","C9HL","Clarias gariepinus (Burchell, 1822)","Clariidae",,"Clarias","gariepinus","Burchell, 1822","Peixe","Exôtica","Floresta Nacional De Rio Preto","Brasil",
"Ctenopharyngodon idella","H98G","Ctenopharyngodon idella (Valenciennes, 1844)","Cyprinidae",,"Ctenopharyngodon","idella","Valenciennes, 1844","Peixe","Exôtica","Floresta Nacional De Rio Preto","Brasil",
"Hemidactylus mabouia","169156","Hemidactylus mabouia","Gekkonidae",,"Hemidactylus","mabouia","Moreau De Jonnès, 1818","Réptil","Exôtica","Floresta Nacional De Rio Preto","Brasil",
"Trachemys scripta elegans",,,,,"Trachemys","scripta","Wied, 1838","Réptil","Exôtica","Floresta Nacional De Rio Preto","Brasil","elegans"
"Apis mellifera","CLCS","Apis mellifera Linnaeus, 1758","Apidae",,"Apis","mellifera","Linnaeus, 1758","Invertebrado","Exôtica","Floresta Nacional De Ritápolis","Brasil",
"Hypophthalmichthys nobilis","9NN2","Hypophthalmichthys nobilis (Richardson, 1845)","Cyprinidae",,"Hypophthalmichthys","nobilis","Richardson, 1845","Peixe","Exôtica","Floresta Nacional De Ritápolis","Brasil",
"Cichla monoculus","5V8Z","Cichla monoculus Spix & Agassiz, 1831","Cichlidae",,"Cichla","monoculus","Spix and Agassiz, 1831","Peixe","Exôtica","Floresta Nacional De Ritápolis","Brasil",
"Ctenopharyngodon idella","H98G","Ctenopharyngodon idella (Valenciennes, 1844)","Cyprinidae",,"Ctenopharyngodon","idella","Valenciennes, 1844","Peixe","Exôtica","Floresta Nacional De Ritápolis","Brasil",
"Hemidactylus mabouia","169156","Hemidactylus mabouia","Gekkonidae",,"Hemidactylus","mabouia","Moreau De Jonnès, 1818","Réptil","Exôtica","Floresta Nacional De Ritápolis","Brasil",
"Poecilia reticulata","5MWZ","Poecilia reticulata (Peters, 1859)","Poeciliidae",,"Poecilia","reticulata","Peters, 1859","Peixe","Exôtica","Floresta Nacional De Ritápolis","Brasil",
"Mus musculus","7LDV","Mus musculus (Linnaeus, 1758)","Muridae",,"Mus","musculus","Linnaeus, 1758","Mamífero","Exôtica","Floresta Nacional De São Francisco","Brasil",
"Rattus norvegicus","9VMW","Rattus norvegicus (Berkenhout, 1769)","Muridae",,"Rattus","norvegicus","Berkenhout, 1769","Mamífero","Exôtica","Floresta Nacional De São Francisco","Brasil",
"Apis mellifera","CLCS","Apis mellifera Linnaeus, 1758","Apidae",,"Apis","mellifera","Linnaeus, 1758","Invertebrado","Exôtica","Floresta Nacional De São Francisco De Paula","Brasil",
"Cyprinus carpio","4XPM","Cyprinus carpio Linnaeus, 1758","Cyprinidae",,"Cyprinus","carpio","Linnaeus, 1758","Peixe","Exôtica","Floresta Nacional De São Francisco De Paula","Brasil",
"Lepus europaeus","J262","Lepus europaeus Pallas, 1778","Leporidae",,"Lepus","europaeus","Pallas, 1778","Mamífero","Exôtica","Floresta Nacional De São Francisco De Paula","Brasil",
"Micropterus salmoides","G8ZP","Micropterus salmoides (Lacépède, 1802)","Centrarchidae",,"Micropterus","salmoides","Lacepède, 1802","Peixe","Exôtica","Floresta Nacional De São Francisco De Paula","Brasil",
"Mus musculus","7LDV","Mus musculus (Linnaeus, 1758)","Muridae",,"Mus","musculus","Linnaeus, 1758","Mamífero","Exôtica","Floresta Nacional De São Francisco De Paula","Brasil",
"Rattus norvegicus","9VMW","Rattus norvegicus (Berkenhout, 1769)","Muridae",,"Rattus","norvegicus","Berkenhout, 1769","Mamífero","Exôtica","Floresta Nacional De São Francisco De Paula","Brasil",
"Sus scrofa","7GXB","Sus scrofa Linnaeus, 1758","Suidae",,"Sus","scrofa","Linnaeus, 1758","Mamífero","Exôtica","Floresta Nacional De São Francisco De Paula","Brasil",
"Hemidactylus mabouia","169156","Hemidactylus mabouia","Gekkonidae",,"Hemidactylus","mabouia","Moreau De Jonnès, 1818","Réptil","Exôtica","Floresta Nacional De Saracá-Taquera","Brasil",
"Apis mellifera","CLCS","Apis mellifera Linnaeus, 1758","Apidae",,"Apis","mellifera","Linnaeus, 1758","Invertebrado","Exôtica","Floresta Nacional De Silvânia","Brasil",
"Coptodon rendalli","8N4N","Coptodon rendalli (Boulenger, 1897)","Cichlidae",,"Coptodon","rendalli","Boulenger, 1897","Peixe","Exôtica","Floresta Nacional De Silvânia","Brasil",
"Cyprinus carpio","4XPM","Cyprinus carpio Linnaeus, 1758","Cyprinidae",,"Cyprinus","carpio","Linnaeus, 1758","Peixe","Exôtica","Floresta Nacional De Silvânia","Brasil",
"Poecilia reticulata","5MWZ","Poecilia reticulata (Peters, 1859)","Poeciliidae",,"Poecilia","reticulata","Peters, 1859","Peixe","Exôtica","Floresta Nacional De Silvânia","Brasil",
"Sus scrofa","7GXB","Sus scrofa Linnaeus, 1758","Suidae",,"Sus","scrofa","Linnaeus, 1758","Mamífero","Exôtica","Floresta Nacional De Silvânia","Brasil",
"Coptodon rendalli","8N4N","Coptodon rendalli (Boulenger, 1897)","Cichlidae",,"Coptodon","rendalli","Boulenger, 1897","Peixe","Exôtica","Floresta Nacional De Sobral","Brasil",
"Apis mellifera","CLCS","Apis mellifera Linnaeus, 1758","Apidae",,"Apis","mellifera","Linnaeus, 1758","Invertebrado","Exôtica","Floresta Nacional De Tefé","Brasil",
"Bradybaena similaris","3ZQZ","Bradybaena similaris (Férussac, 1821)","Camaenidae",,"Bradybaena","similaris","Férussac, 1821","Invertebrado","Exôtica","Floresta Nacional De Tefé","Brasil",
"Apis mellifera","CLCS","Apis mellifera Linnaeus, 1758","Apidae",,"Apis","mellifera","Linnaeus, 1758","Invertebrado","Exôtica","Floresta Nacional De Três Barras","Brasil",
"Lepus europaeus","J262","Lepus europaeus Pallas, 1778","Leporidae",,"Lepus","europaeus","Pallas, 1778","Mamífero","Exôtica","Floresta Nacional De Três Barras","Brasil",
"Mus musculus","7LDV","Mus musculus (Linnaeus, 1758)","Muridae",,"Mus","musculus","Linnaeus, 1758","Mamífero","Exôtica","Floresta Nacional De Três Barras","Brasil",
"Sus scrofa","7GXB","Sus scrofa Linnaeus, 1758","Suidae",,"Sus","scrofa","Linnaeus, 1758","Mamífero","Exôtica","Floresta Nacional De Três Barras","Brasil",
"Bubulcus ibis","FSLC","Bubulcus ibis (Linnaeus, 1758)","Ardeidae",,"Bubulcus","ibis","Bonaparte, 1855","Ave","Exôtica","Floresta Nacional Do Amaná","Brasil",
"Columba livia","H7T8","Columba livia Gmelin, 1789","Columbidae",,"Columba","livia","Gmelin, 1789","Ave","Exôtica","Floresta Nacional Do Amaná","Brasil",
"Apis mellifera","CLCS","Apis mellifera Linnaeus, 1758","Apidae",,"Apis","mellifera","Linnaeus, 1758","Invertebrado","Exôtica","Floresta Nacional Do Araripe-Apodi","Brasil",
"Hemidactylus mabouia","169156","Hemidactylus mabouia","Gekkonidae",,"Hemidactylus","mabouia","Moreau De Jonnès, 1818","Réptil","Exôtica","Floresta Nacional Do Araripe-Apodi","Brasil",
"Rattus rattus","PLW","Rattus rattus (Linnaeus, 1758)","Muridae",,"Rattus","rattus","Linnaeus, 1758","Mamífero","Exôtica","Floresta Nacional Do Araripe-Apodi","Brasil",
"Hemidactylus mabouia","169156","Hemidactylus mabouia","Gekkonidae",,"Hemidactylus","mabouia","Moreau De Jonnès, 1818","Réptil","Exôtica","Floresta Nacional Do Crepori","Brasil",
"Callithrix jacchus","F69M","Callithrix jacchus (Linnaeus, 1758)","Cebidae",,"Callithrix","jacchus","Linnaeus, 1758","Mamífero","Exôtica","Floresta Nacional Do Ibura","Brasil",
"Lissachatina fulica","CWMT","Lissachatina fulica (Férussac, 1821)","Achatinidae",,"Lissachatina","fulica","Bowdich, 1822","Invertebrado","Exôtica","Floresta Nacional Do Ibura","Brasil",
"Mus musculus","7LDV","Mus musculus (Linnaeus, 1758)","Muridae",,"Mus","musculus","Linnaeus, 1758","Mamífero","Exôtica","Floresta Nacional Do Ibura","Brasil",
"Passer domesticus","67TW","Passer domesticus (Linnaeus, 1758)","Passeridae",,"Passer","domesticus","Linnaeus, 1758","Ave","Exôtica","Floresta Nacional Do Ibura","Brasil",
"Rattus rattus","PLW","Rattus rattus (Linnaeus, 1758)","Muridae",,"Rattus","rattus","Linnaeus, 1758","Mamífero","Exôtica","Floresta Nacional Do Ibura","Brasil",
"Bubulcus ibis","FSLC","Bubulcus ibis (Linnaeus, 1758)","Ardeidae",,"Bubulcus","ibis","Bonaparte, 1855","Ave","Exôtica","Floresta Nacional Do Iquiri","Brasil",
"Hemidactylus mabouia","169156","Hemidactylus mabouia","Gekkonidae",,"Hemidactylus","mabouia","Moreau De Jonnès, 1818","Réptil","Exôtica","Floresta Nacional Do Jamanxim","Brasil",
"Hemidactylus mabouia","169156","Hemidactylus mabouia","Gekkonidae",,"Hemidactylus","mabouia","Moreau De Jonnès, 1818","Réptil","Exôtica","Floresta Nacional Do Trairão","Brasil",
"Branchiomma luctuosum","9X4H","Branchiomma luctuosum (Grube, 1870)","Sabellidae",,"Branchiomma","luctuosum","Grube, 1869","Invertebrado","Exôtica","Monumento Natural Das Ilhas Cagarras","Brasil",
"Didemnum perlucidum","7F7Y","Didemnum perlucidum Monniot, 1983","Didemnidae",,"Didemnum","perlucidum","Monniot F., 1983","Invertebrado","Exôtica","Monumento Natural Das Ilhas Cagarras","Brasil",
"Hemidactylus mabouia","169156","Hemidactylus mabouia","Gekkonidae",,"Hemidactylus","mabouia","Moreau De Jonnès, 1818","Réptil","Exôtica","Monumento Natural Das Ilhas Cagarras","Brasil",
"Isognomon bicolor","CGPC","Isognomon bicolor (Adams, 1845)","Isognomonidae",,"Isognomon","bicolor","C. B. Adams, 1845","Invertebrado","Exôtica","Monumento Natural Das Ilhas Cagarras","Brasil",
"Megabalanus coccopoma","8D9R","Megabalanus coccopoma (Darwin, 1854)","Balanidae",,"Megabalanus","coccopoma","Darwin, 1854","Invertebrado","Exôtica","Monumento Natural Das Ilhas Cagarras","Brasil",
"Leiosolenus aristatus","HGC6","Leiosolenus aristatus (Dillwyn, 1817)","Mytilidae",,"Leiosolenus","aristatus","Dillwyn, 1817","Invertebrado","Exôtica","Monumento Natural Das Ilhas Cagarras","Brasil",
"Ophiothela mirabilis","72FV","Ophiothela mirabilis Verrill, 1867","Ophiotrichidae",,"Ophiothela","mirabilis","Verrill, 1867","Invertebrado","Exôtica","Monumento Natural Das Ilhas Cagarras","Brasil",
"Oryctolagus cuniculus","J48L","Oryctolagus cuniculus (Linnaeus, 1758)","Leporidae",,"Oryctolagus","cuniculus","Linnaeus, 1758","Mamífero","Exôtica","Monumento Natural Das Ilhas Cagarras","Brasil",
"Perna viridis","BCMV","Perna viridis (Linnaeus, 1758)","Mytilidae",,"Perna","viridis","Linnaeus, 1758","Invertebrado","Exôtica","Monumento Natural Das Ilhas Cagarras","Brasil",
"Rattus norvegicus","9VMW","Rattus norvegicus (Berkenhout, 1769)","Muridae",,"Rattus","norvegicus","Berkenhout, 1769","Mamífero","Exôtica","Monumento Natural Das Ilhas Cagarras","Brasil",
"Schizoporella errata","ZFY","Schizoporella errata (Waters, 1878)","Schizoporellidae",,"Schizoporella","errata","Waters, 1878","Invertebrado","Exôtica","Monumento Natural Das Ilhas Cagarras","Brasil",
"Styela plicata","DXBL","Styela plicata (Lesueur, 1823)","Styelidae",,"Styela","plicata","Lesueur, 1823","Invertebrado","Exôtica","Monumento Natural Das Ilhas Cagarras","Brasil",
"Tubastraea coccinea","8RWW","Tubastraea coccinea Lesson, 1829","Dendrophylliidae",,"Tubastraea","coccinea","Lesson, 1829","Invertebrado","Exôtica","Monumento Natural Das Ilhas Cagarras","Brasil",
"Tubastraea tagusensis","5CZQ","Tubastraea tagusensis (Wells, 1982)","Dendrophylliidae",,"Tubastraea","tagusensis","Wells, 1982","Invertebrado","Exôtica","Monumento Natural Das Ilhas Cagarras","Brasil",
"Mus musculus","7LDV","Mus musculus (Linnaeus, 1758)","Muridae",,"Mus","musculus","Linnaeus, 1758","Mamífero","Exôtica","Monumento Natural Das Ilhas De Trindade E Martim Vaz E Do Monte Colúmbia","Brasil",
"Estrilda astrild","BBX","Estrilda astrild (Linnaeus, 1758)","Estrildidae",,"Estrilda","astrild","Linnaeus, 1758","Ave","Exôtica","Monumento Natural Do Rio São Francisco","Brasil",
"Limnoperna fortunei","84ZT","Limnoperna fortunei (Dunker, 1857)","Mytilidae",,"Limnoperna","fortunei","Dunker, 1857","Invertebrado","Exôtica","Monumento Natural Do Rio São Francisco","Brasil",
"Oreochromis niloticus","SJM","Oreochromis niloticus (Linnaeus, 1758)","Cichlidae",,"Oreochromis","niloticus","Linnaeus, 1758","Peixe","Exôtica","Monumento Natural Do Rio São Francisco","Brasil",
"Passer domesticus","67TW","Passer domesticus (Linnaeus, 1758)","Passeridae",,"Passer","domesticus","Linnaeus, 1758","Ave","Exôtica","Monumento Natural Do Rio São Francisco","Brasil",
"Poecilia reticulata","5MWZ","Poecilia reticulata (Peters, 1859)","Poeciliidae",,"Poecilia","reticulata","Peters, 1859","Peixe","Exôtica","Monumento Natural Dos Pontões Capixabas","Brasil",
"Apis mellifera","CLCS","Apis mellifera Linnaeus, 1758","Apidae",,"Apis","mellifera","Linnaeus, 1758","Invertebrado","Exôtica","Parque Nacional Cavernas Do Peruaçu","Brasil",
"Hypophthalmichthys nobilis","9NN2","Hypophthalmichthys nobilis (Richardson, 1845)","Cyprinidae",,"Hypophthalmichthys","nobilis","Richardson, 1845","Peixe","Exôtica","Parque Nacional Cavernas Do Peruaçu","Brasil",
"Cyprinus carpio","4XPM","Cyprinus carpio Linnaeus, 1758","Cyprinidae",,"Cyprinus","carpio","Linnaeus, 1758","Peixe","Exôtica","Parque Nacional Cavernas Do Peruaçu","Brasil",
"Oreochromis niloticus","SJM","Oreochromis niloticus (Linnaeus, 1758)","Cichlidae",,"Oreochromis","niloticus","Linnaeus, 1758","Peixe","Exôtica","Parque Nacional Cavernas Do Peruaçu","Brasil",
"Poecilia reticulata","5MWZ","Poecilia reticulata (Peters, 1859)","Poeciliidae",,"Poecilia","reticulata","Peters, 1859","Peixe","Exôtica","Parque Nacional Cavernas Do Peruaçu","Brasil",
"Clarias gariepinus","C9HL","Clarias gariepinus (Burchell, 1822)","Clariidae",,"Clarias","gariepinus","Burchell, 1822","Peixe","Exôtica","Parque Nacional Da Amazônia","Brasil",
"Hemidactylus mabouia","169156","Hemidactylus mabouia","Gekkonidae",,"Hemidactylus","mabouia","Moreau De Jonnès, 1818","Réptil","Exôtica","Parque Nacional Da Chapada Das Mesas","Brasil",
"Apis mellifera","CLCS","Apis mellifera Linnaeus, 1758","Apidae",,"Apis","mellifera","Linnaeus, 1758","Invertebrado","Exôtica","Parque Nacional Da Chapada Diamantina","Brasil",
"Astronotus ocellatus","74LY","Astronotus ocellatus (Agassiz, 1831)","Cichlidae",,"Astronotus","ocellatus","Agassiz, 1831","Peixe","Exôtica","Parque Nacional Da Chapada Diamantina","Brasil",
"Cichla monoculus","5V8Z","Cichla monoculus Spix & Agassiz, 1831","Cichlidae",,"Cichla","monoculus","Spix and Agassiz, 1831","Peixe","Exôtica","Parque Nacional Da Chapada Diamantina","Brasil",
"Cichla temensis","YLT","Cichla temensis Humboldt, 1821","Cichlidae",,"Cichla","temensis","Humboldt, 1821","Peixe","Exôtica","Parque Nacional Da Chapada Diamantina","Brasil",
"Equus asinus","8Q4B","Equus asinus Linnaeus, 1758","Equidae",,"Equus","asinus","Linnaeus, 1758","Mamífero","Exôtica","Parque Nacional Da Chapada Diamantina","Brasil",
"Hemidactylus mabouia","169156","Hemidactylus mabouia","Gekkonidae",,"Hemidactylus","mabouia","Moreau De Jonnès, 1818","Réptil","Exôtica","Parque Nacional Da Chapada Diamantina","Brasil",
"Lissachatina fulica","CWMT","Lissachatina fulica (Férussac, 1821)","Achatinidae",,"Lissachatina","fulica","Bowdich, 1822","Invertebrado","Exôtica","Parque Nacional Da Chapada Diamantina","Brasil",
"Mus musculus","7LDV","Mus musculus (Linnaeus, 1758)","Muridae",,"Mus","musculus","Linnaeus, 1758","Mamífero","Exôtica","Parque Nacional Da Chapada Diamantina","Brasil",
"Oncorhynchus mykiss","H5DM","Oncorhynchus mykiss (Walbaum, 1792)","Salmonidae",,"Oncorhynchus","mykiss","Walbaum, 1792","Peixe","Exôtica","Parque Nacional Da Chapada Diamantina","Brasil",
"Passer domesticus","67TW","Passer domesticus (Linnaeus, 1758)","Passeridae",,"Passer","domesticus","Linnaeus, 1758","Ave","Exôtica","Parque Nacional Da Chapada Diamantina","Brasil",
"Poecilia reticulata","5MWZ","Poecilia reticulata (Peters, 1859)","Poeciliidae",,"Poecilia","reticulata","Peters, 1859","Peixe","Exôtica","Parque Nacional Da Chapada Diamantina","Brasil",
"Rattus norvegicus","9VMW","Rattus norvegicus (Berkenhout, 1769)","Muridae",,"Rattus","norvegicus","Berkenhout, 1769","Mamífero","Exôtica","Parque Nacional Da Chapada Diamantina","Brasil",
"Rattus rattus","PLW","Rattus rattus (Linnaeus, 1758)","Muridae",,"Rattus","rattus","Linnaeus, 1758","Mamífero","Exôtica","Parque Nacional Da Chapada Diamantina","Brasil",
"Apis mellifera","CLCS","Apis mellifera Linnaeus, 1758","Apidae",,"Apis","mellifera","Linnaeus, 1758","Invertebrado","Exôtica","Parque Nacional Da Chapada Dos Guimarães","Brasil",
"Lissachatina fulica","CWMT","Lissachatina fulica (Férussac, 1821)","Achatinidae",,"Lissachatina","fulica","Bowdich, 1822","Invertebrado","Exôtica","Parque Nacional Da Chapada Dos Guimarães","Brasil",
"Sus scrofa","7GXB","Sus scrofa Linnaeus, 1758","Suidae",,"Sus","scrofa","Linnaeus, 1758","Mamífero","Exôtica","Parque Nacional Da Chapada Dos Guimarães","Brasil",
"Columba livia","H7T8","Columba livia Gmelin, 1789","Columbidae",,"Columba","livia","Gmelin, 1789","Ave","Exôtica","Parque Nacional Da Chapada Dos Veadeiros","Brasil",
"Oreochromis niloticus","SJM","Oreochromis niloticus (Linnaeus, 1758)","Cichlidae",,"Oreochromis","niloticus","Linnaeus, 1758","Peixe","Exôtica","Parque Nacional Da Chapada Dos Veadeiros","Brasil",
"Passer domesticus","67TW","Passer domesticus (Linnaeus, 1758)","Passeridae",,"Passer","domesticus","Linnaeus, 1758","Ave","Exôtica","Parque Nacional Da Chapada Dos Veadeiros","Brasil",
"Plagioscion squamosissimus","CLTX","Plagioscion squamosissimus (Heckel, 1840)","Sciaenidae",,"Plagioscion","squamosissimus","Heckel, 1840","Peixe","Exôtica","Parque Nacional Da Chapada Dos Veadeiros","Brasil",
"Apis mellifera","CLCS","Apis mellifera Linnaeus, 1758","Apidae",,"Apis","mellifera","Linnaeus, 1758","Invertebrado","Exôtica","Parque Nacional Da Furna Feia","Brasil",
"Bubulcus ibis","FSLC","Bubulcus ibis (Linnaeus, 1758)","Ardeidae",,"Bubulcus","ibis","Bonaparte, 1855","Ave","Exôtica","Parque Nacional Da Furna Feia","Brasil",
"Columba livia","H7T8","Columba livia Gmelin, 1789","Columbidae",,"Columba","livia","Gmelin, 1789","Ave","Exôtica","Parque Nacional Da Furna Feia","Brasil",
"Apis mellifera","CLCS","Apis mellifera Linnaeus, 1758","Apidae",,"Apis","mellifera","Linnaeus, 1758","Invertebrado","Exôtica","Parque Nacional Da Lagoa Do Peixe","Brasil",
"Bubulcus ibis","FSLC","Bubulcus ibis (Linnaeus, 1758)","Ardeidae",,"Bubulcus","ibis","Bonaparte, 1855","Ave","Exôtica","Parque Nacional Da Lagoa Do Peixe","Brasil",
"Lepus europaeus","J262","Lepus europaeus Pallas, 1778","Leporidae",,"Lepus","europaeus","Pallas, 1778","Mamífero","Exôtica","Parque Nacional Da Lagoa Do Peixe","Brasil",
"Passer domesticus","67TW","Passer domesticus (Linnaeus, 1758)","Passeridae",,"Passer","domesticus","Linnaeus, 1758","Ave","Exôtica","Parque Nacional Da Lagoa Do Peixe","Brasil",
"Sus scrofa","7GXB","Sus scrofa Linnaeus, 1758","Suidae",,"Sus","scrofa","Linnaeus, 1758","Mamífero","Exôtica","Parque Nacional Da Lagoa Do Peixe","Brasil",
"Apis mellifera","CLCS","Apis mellifera Linnaeus, 1758","Apidae",,"Apis","mellifera","Linnaeus, 1758","Invertebrado","Exôtica","Parque Nacional Da Serra Da Bocaina","Brasil",
"Callithrix jacchus","F69M","Callithrix jacchus (Linnaeus, 1758)","Cebidae",,"Callithrix","jacchus","Linnaeus, 1758","Mamífero","Exôtica","Parque Nacional Da Serra Da Bocaina","Brasil",
"Callithrix sp",,,,,"Callithrix","sp","NA","Mamífero","Exôtica","Parque Nacional Da Serra Da Bocaina","Brasil",
"Coptodon rendalli","8N4N","Coptodon rendalli (Boulenger, 1897)","Cichlidae",,"Coptodon","rendalli","Boulenger, 1897","Peixe","Exôtica","Parque Nacional Da Serra Da Bocaina","Brasil",
"Felis catus","3TCH","Felis catus Linnaeus, 1758","Felidae",,"Felis","catus","Linnaeus, 1758","Mamífero","Exôtica","Parque Nacional Da Serra Da Bocaina","Brasil",
"Hemidactylus mabouia","169156","Hemidactylus mabouia","Gekkonidae",,"Hemidactylus","mabouia","Moreau De Jonnès, 1818","Réptil","Exôtica","Parque Nacional Da Serra Da Bocaina","Brasil",
"Oncorhynchus mykiss","H5DM","Oncorhynchus mykiss (Walbaum, 1792)","Salmonidae",,"Oncorhynchus","mykiss","Walbaum, 1792","Peixe","Exôtica","Parque Nacional Da Serra Da Bocaina","Brasil",
"Passer domesticus","67TW","Passer domesticus (Linnaeus, 1758)","Passeridae",,"Passer","domesticus","Linnaeus, 1758","Ave","Exôtica","Parque Nacional Da Serra Da Bocaina","Brasil",
"Phalloceros caudimaculatus reticulatus",,,,,"Phalloceros","caudimaculatus","Hensel, 1868","Peixe","Exôtica","Parque Nacional Da Serra Da Bocaina","Brasil","reticulatus"
"Tubastraea coccinea","8RWW","Tubastraea coccinea Lesson, 1829","Dendrophylliidae",,"Tubastraea","coccinea","Lesson, 1829","Invertebrado","Exôtica","Parque Nacional Da Serra Da Bocaina","Brasil",
"Tubastraea tagusensis","5CZQ","Tubastraea tagusensis (Wells, 1982)","Dendrophylliidae",,"Tubastraea","tagusensis","Wells, 1982","Invertebrado","Exôtica","Parque Nacional Da Serra Da Bocaina","Brasil",
"Apis mellifera","CLCS","Apis mellifera Linnaeus, 1758","Apidae",,"Apis","mellifera","Linnaeus, 1758","Invertebrado","Exôtica","Parque Nacional Da Serra Da Bodoquena","Brasil",
"Callithrix jacchus","F69M","Callithrix jacchus (Linnaeus, 1758)","Cebidae",,"Callithrix","jacchus","Linnaeus, 1758","Mamífero","Exôtica","Parque Nacional Da Serra Da Bodoquena","Brasil",
"Coptodon rendalli","8N4N","Coptodon rendalli (Boulenger, 1897)","Cichlidae",,"Coptodon","rendalli","Boulenger, 1897","Peixe","Exôtica","Parque Nacional Da Serra Da Bodoquena","Brasil",
"Apis mellifera","CLCS","Apis mellifera Linnaeus, 1758","Apidae",,"Apis","mellifera","Linnaeus, 1758","Invertebrado","Exôtica","Parque Nacional Da Serra Da Canastra","Brasil",
"Callithrix jacchus","F69M","Callithrix jacchus (Linnaeus, 1758)","Cebidae",,"Callithrix","jacchus","Linnaeus, 1758","Mamífero","Exôtica","Parque Nacional Da Serra Da Canastra","Brasil",
"Canis familiaris","64X","Canis lupus Linnaeus, 1758","Canidae",,"Canis","familiaris","Linnaeus, 1758","Mamífero","Exôtica","Parque Nacional Da Serra Da Canastra","Brasil",
"Cichla kelberi","GQKB","Cichla kelberi Kullander & Ferreira, 2006","Cichlidae",,"Cichla","kelberi","Kullander & Ferreira, 2006","Peixe","Exôtica","Parque Nacional Da Serra Da Canastra","Brasil",
"Columba livia","H7T8","Columba livia Gmelin, 1789","Columbidae",,"Columba","livia","Gmelin, 1789","Ave","Exôtica","Parque Nacional Da Serra Da Canastra","Brasil",
"Coptodon rendalli","8N4N","Coptodon rendalli (Boulenger, 1897)","Cichlidae",,"Coptodon","rendalli","Boulenger, 1897","Peixe","Exôtica","Parque Nacional Da Serra Da Canastra","Brasil",
"Hemidactylus mabouia","169156","Hemidactylus mabouia","Gekkonidae",,"Hemidactylus","mabouia","Moreau De Jonnès, 1818","Réptil","Exôtica","Parque Nacional Da Serra Da Canastra","Brasil",
"Hoplias lacerdae","7XDY","Hoplias lacerdae Ribeiro, 1908","Erythrinidae",,"Hoplias","lacerdae","Miranda Ribeiro, 1908","Peixe","Exôtica","Parque Nacional Da Serra Da Canastra","Brasil",
"Lepus europaeus","J262","Lepus europaeus Pallas, 1778","Leporidae",,"Lepus","europaeus","Pallas, 1778","Mamífero","Exôtica","Parque Nacional Da Serra Da Canastra","Brasil",
"Mus musculus","7LDV","Mus musculus (Linnaeus, 1758)","Muridae",,"Mus","musculus","Linnaeus, 1758","Mamífero","Exôtica","Parque Nacional Da Serra Da Canastra","Brasil",
"Passer domesticus","67TW","Passer domesticus (Linnaeus, 1758)","Passeridae",,"Passer","domesticus","Linnaeus, 1758","Ave","Exôtica","Parque Nacional Da Serra Da Canastra","Brasil",
"Poecilia reticulata","5MWZ","Poecilia reticulata (Peters, 1859)","Poeciliidae",,"Poecilia","reticulata","Peters, 1859","Peixe","Exôtica","Parque Nacional Da Serra Da Canastra","Brasil",
"Rattus norvegicus","9VMW","Rattus norvegicus (Berkenhout, 1769)","Muridae",,"Rattus","norvegicus","Berkenhout, 1769","Mamífero","Exôtica","Parque Nacional Da Serra Da Canastra","Brasil",
"Rattus rattus","PLW","Rattus rattus (Linnaeus, 1758)","Muridae",,"Rattus","rattus","Linnaeus, 1758","Mamífero","Exôtica","Parque Nacional Da Serra Da Canastra","Brasil",
"Sus scrofa","7GXB","Sus scrofa Linnaeus, 1758","Suidae",,"Sus","scrofa","Linnaeus, 1758","Mamífero","Exôtica","Parque Nacional Da Serra Da Canastra","Brasil",
"Capra hircus","8S7N","Capra hircus Linnaeus, 1758","Bovidae",,"Capra","hircus","Linnaeus, 1758","Mamífero","Exôtica","Parque Nacional Da Serra Da Capivara","Brasil",
"Apis mellifera","CLCS","Apis mellifera Linnaeus, 1758","Apidae",,"Apis","mellifera","Linnaeus, 1758","Invertebrado","Exôtica","Parque Nacional Serra Da Cutia","Brasil",
"Arapaima gigas","260084","Arapaima gigas","Arapaimidae",,"Arapaima","gigas","Schinz, 1822","Peixe","Exôtica","Parque Nacional Serra Da Cutia","Brasil",
"Apis mellifera","CLCS","Apis mellifera Linnaeus, 1758","Apidae",,"Apis","mellifera","Linnaeus, 1758","Invertebrado","Exôtica","Parque Nacional Da Serra Das Lontras","Brasil",
"Passer domesticus","67TW","Passer domesticus (Linnaeus, 1758)","Passeridae",,"Passer","domesticus","Linnaeus, 1758","Ave","Exôtica","Parque Nacional Da Serra Das Lontras","Brasil",
"Apis mellifera","CLCS","Apis mellifera Linnaeus, 1758","Apidae",,"Apis","mellifera","Linnaeus, 1758","Invertebrado","Exôtica","Parque Nacional Serra De Itabaiana","Brasil",
"Apis mellifera","CLCS","Apis mellifera Linnaeus, 1758","Apidae",,"Apis","mellifera","Linnaeus, 1758","Invertebrado","Exôtica","Parque Nacional Da Serra Do Cipó","Brasil",
"Callithrix penicillata","J7TH","Callithrix penicillata (Geoffroy, 1812)","Cebidae",,"Callithrix","penicillata","Geoffroy, 1812","Mamífero","Exôtica","Parque Nacional Da Serra Do Cipó","Brasil",
"Coptodon rendalli","8N4N","Coptodon rendalli (Boulenger, 1897)","Cichlidae",,"Coptodon","rendalli","Boulenger, 1897","Peixe","Exôtica","Parque Nacional Da Serra Do Cipó","Brasil",
"Estrilda astrild","BBX","Estrilda astrild (Linnaeus, 1758)","Estrildidae",,"Estrilda","astrild","Linnaeus, 1758","Ave","Exôtica","Parque Nacional Da Serra Do Cipó","Brasil",
"Plagioscion squamosissimus","CLTX","Plagioscion squamosissimus (Heckel, 1840)","Sciaenidae",,"Plagioscion","squamosissimus","Heckel, 1840","Peixe","Exôtica","Parque Nacional Da Serra Do Cipó","Brasil",
"Poecilia reticulata","5MWZ","Poecilia reticulata (Peters, 1859)","Poeciliidae",,"Poecilia","reticulata","Peters, 1859","Peixe","Exôtica","Parque Nacional Da Serra Do Cipó","Brasil",
"Sus scrofa","7GXB","Sus scrofa Linnaeus, 1758","Suidae",,"Sus","scrofa","Linnaeus, 1758","Mamífero","Exôtica","Parque Nacional Da Serra Do Cipó","Brasil",
"Columba livia","H7T8","Columba livia Gmelin, 1789","Columbidae",,"Columba","livia","Gmelin, 1789","Ave","Exôtica","Parque Nacional Da Serra Do Divisor","Brasil",
"Bubulcus ibis","FSLC","Bubulcus ibis (Linnaeus, 1758)","Ardeidae",,"Bubulcus","ibis","Bonaparte, 1855","Ave","Exôtica","Parque Nacional Da Serra Do Gandarela","Brasil",
"Coptodon rendalli","8N4N","Coptodon rendalli (Boulenger, 1897)","Cichlidae",,"Coptodon","rendalli","Boulenger, 1897","Peixe","Exôtica","Parque Nacional Da Serra Do Gandarela","Brasil",
"Hemidactylus mabouia","169156","Hemidactylus mabouia","Gekkonidae",,"Hemidactylus","mabouia","Moreau De Jonnès, 1818","Réptil","Exôtica","Parque Nacional Da Serra Do Gandarela","Brasil",
"Poecilia reticulata","5MWZ","Poecilia reticulata (Peters, 1859)","Poeciliidae",,"Poecilia","reticulata","Peters, 1859","Peixe","Exôtica","Parque Nacional Da Serra Do Gandarela","Brasil",
"Apis mellifera","CLCS","Apis mellifera Linnaeus, 1758","Apidae",,"Apis","mellifera","Linnaeus, 1758","Invertebrado","Exôtica","Parque Nacional Da Serra Do Itajaí","Brasil",
"Callithrix jacchus","F69M","Callithrix jacchus (Linnaeus, 1758)","Cebidae",,"Callithrix","jacchus","Linnaeus, 1758","Mamífero","Exôtica","Parque Nacional Da Serra Do Itajaí","Brasil",
"Callithrix penicillata","J7TH","Callithrix penicillata (Geoffroy, 1812)","Cebidae",,"Callithrix","penicillata","Geoffroy, 1812","Mamífero","Exôtica","Parque Nacional Da Serra Do Itajaí","Brasil",
"Columba livia","H7T8","Columba livia Gmelin, 1789","Columbidae",,"Columba","livia","Gmelin, 1789","Ave","Exôtica","Parque Nacional Da Serra Do Itajaí","Brasil",
"Coptodon rendalli","8N4N","Coptodon rendalli (Boulenger, 1897)","Cichlidae",,"Coptodon","rendalli","Boulenger, 1897","Peixe","Exôtica","Parque Nacional Da Serra Do Itajaí","Brasil",
"Cyprinus carpio","4XPM","Cyprinus carpio Linnaeus, 1758","Cyprinidae",,"Cyprinus","carpio","Linnaeus, 1758","Peixe","Exôtica","Parque Nacional Da Serra Do Itajaí","Brasil",
"Estrilda astrild","BBX","Estrilda astrild (Linnaeus, 1758)","Estrildidae",,"Estrilda","astrild","Linnaeus, 1758","Ave","Exôtica","Parque Nacional Da Serra Do Itajaí","Brasil",
"Lissachatina fulica","CWMT","Lissachatina fulica (Férussac, 1821)","Achatinidae",,"Lissachatina","fulica","Bowdich, 1822","Invertebrado","Exôtica","Parque Nacional Da Serra Do Itajaí","Brasil",
"Aquarana catesbeiana","GBSR","Aquarana catesbeiana (Shaw, 1802)","Ranidae",,"Aquarana","catesbeiana","Shaw, 1802","Anfíbio","Exôtica","Parque Nacional Da Serra Do Itajaí","Brasil",
"Mus musculus","7LDV","Mus musculus (Linnaeus, 1758)","Muridae",,"Mus","musculus","Linnaeus, 1758","Mamífero","Exôtica","Parque Nacional Da Serra Do Itajaí","Brasil",
"Oncorhynchus mykiss","H5DM","Oncorhynchus mykiss (Walbaum, 1792)","Salmonidae",,"Oncorhynchus","mykiss","Walbaum, 1792","Peixe","Exôtica","Parque Nacional Da Serra Do Itajaí","Brasil",
"Passer domesticus","67TW","Passer domesticus (Linnaeus, 1758)","Passeridae",,"Passer","domesticus","Linnaeus, 1758","Ave","Exôtica","Parque Nacional Da Serra Do Itajaí","Brasil",
"Rattus norvegicus","9VMW","Rattus norvegicus (Berkenhout, 1769)","Muridae",,"Rattus","norvegicus","Berkenhout, 1769","Mamífero","Exôtica","Parque Nacional Da Serra Do Itajaí","Brasil",
"Rattus rattus","PLW","Rattus rattus (Linnaeus, 1758)","Muridae",,"Rattus","rattus","Linnaeus, 1758","Mamífero","Exôtica","Parque Nacional Da Serra Do Itajaí","Brasil",
"Trachemys dorbigni","39MP","Trachemys dorbigni (Duméril & Bibron, 1835)","Emydidae",,"Trachemys","dorbigni","Duméril and Bibron, 1835","Réptil","Exôtica","Parque Nacional Da Serra Do Itajaí","Brasil",
"Trachemys scripta elegans",,,,,"Trachemys","scripta","Wied, 1838","Réptil","Exôtica","Parque Nacional Da Serra Do Itajaí","Brasil","elegans"
"Bubulcus ibis","FSLC","Bubulcus ibis (Linnaeus, 1758)","Ardeidae",,"Bubulcus","ibis","Bonaparte, 1855","Ave","Exôtica","Parque Nacional Da Serra Do Pardo","Brasil",
"Hemidactylus mabouia","169156","Hemidactylus mabouia","Gekkonidae",,"Hemidactylus","mabouia","Moreau De Jonnès, 1818","Réptil","Exôtica","Parque Nacional Da Serra Do Pardo","Brasil",
"Zaprionus indianus","945L","Zaprionus indianus Gupta, 1970","Drosophilidae",,"Zaprionus","indianus","Gupta, 1970","Invertebrado","Exôtica","Parque Nacional Da Serra Do Pardo","Brasil",
"Apis mellifera","CLCS","Apis mellifera Linnaeus, 1758","Apidae",,"Apis","mellifera","Linnaeus, 1758","Invertebrado","Exôtica","Parque Nacional Da Serra Dos Órgãos","Brasil",
"Callithrix jacchus","F69M","Callithrix jacchus (Linnaeus, 1758)","Cebidae",,"Callithrix","jacchus","Linnaeus, 1758","Mamífero","Exôtica","Parque Nacional Da Serra Dos Órgãos","Brasil",
"Callithrix penicillata","J7TH","Callithrix penicillata (Geoffroy, 1812)","Cebidae",,"Callithrix","penicillata","Geoffroy, 1812","Mamífero","Exôtica","Parque Nacional Da Serra Dos Órgãos","Brasil",
"Callithrix sp",,,,,"Callithrix","sp","NA","Mamífero","Exôtica","Parque Nacional Da Serra Dos Órgãos","Brasil",
"Coptodon rendalli","8N4N","Coptodon rendalli (Boulenger, 1897)","Cichlidae",,"Coptodon","rendalli","Boulenger, 1897","Peixe","Exôtica","Parque Nacional Da Serra Dos Órgãos","Brasil",
"Estrilda astrild","BBX","Estrilda astrild (Linnaeus, 1758)","Estrildidae",,"Estrilda","astrild","Linnaeus, 1758","Ave","Exôtica","Parque Nacional Da Serra Dos Órgãos","Brasil",
"Hemidactylus mabouia","169156","Hemidactylus mabouia","Gekkonidae",,"Hemidactylus","mabouia","Moreau De Jonnès, 1818","Réptil","Exôtica","Parque Nacional Da Serra Dos Órgãos","Brasil",
"Oncorhynchus mykiss","H5DM","Oncorhynchus mykiss (Walbaum, 1792)","Salmonidae",,"Oncorhynchus","mykiss","Walbaum, 1792","Peixe","Exôtica","Parque Nacional Da Serra Dos Órgãos","Brasil",
"Passer domesticus","67TW","Passer domesticus (Linnaeus, 1758)","Passeridae",,"Passer","domesticus","Linnaeus, 1758","Ave","Exôtica","Parque Nacional Da Serra Dos Órgãos","Brasil",
"Phalloceros caudimaculatus reticulatus",,,,,"Phalloceros","caudimaculatus","Hensel, 1868","Peixe","Exôtica","Parque Nacional Da Serra Dos Órgãos","Brasil","reticulatus"
"Rattus norvegicus","9VMW","Rattus norvegicus (Berkenhout, 1769)","Muridae",,"Rattus","norvegicus","Berkenhout, 1769","Mamífero","Exôtica","Parque Nacional Da Serra Dos Órgãos","Brasil",
"Rattus rattus","PLW","Rattus rattus (Linnaeus, 1758)","Muridae",,"Rattus","rattus","Linnaeus, 1758","Mamífero","Exôtica","Parque Nacional Da Serra Dos Órgãos","Brasil",
"Apis mellifera","CLCS","Apis mellifera Linnaeus, 1758","Apidae",,"Apis","mellifera","Linnaeus, 1758","Invertebrado","Exôtica","Parque Nacional Da Serra Geral","Brasil",
"Aquarana catesbeiana","GBSR","Aquarana catesbeiana (Shaw, 1802)","Ranidae",,"Aquarana","catesbeiana","Shaw, 1802","Anfíbio","Exôtica","Parque Nacional Da Serra Geral","Brasil",
"Hypophthalmichthys nobilis","9NN2","Hypophthalmichthys nobilis (Richardson, 1845)","Cyprinidae",,"Hypophthalmichthys","nobilis","Richardson, 1845","Peixe","Exôtica","Parque Nacional Da Serra Geral","Brasil",
"Bubalus bubalis","7N9G","Bubalus bubalis Linnaeus, 1758","Bovidae",,"Bubalus","bubalis","Linnaeus, 1758","Mamífero","Exôtica","Parque Nacional Da Serra Geral","Brasil",
"Columba livia","H7T8","Columba livia Gmelin, 1789","Columbidae",,"Columba","livia","Gmelin, 1789","Ave","Exôtica","Parque Nacional Da Serra Geral","Brasil",
"Ctenopharyngodon idella","H98G","Ctenopharyngodon idella (Valenciennes, 1844)","Cyprinidae",,"Ctenopharyngodon","idella","Valenciennes, 1844","Peixe","Exôtica","Parque Nacional Da Serra Geral","Brasil",
"Cyprinus carpio","4XPM","Cyprinus carpio Linnaeus, 1758","Cyprinidae",,"Cyprinus","carpio","Linnaeus, 1758","Peixe","Exôtica","Parque Nacional Da Serra Geral","Brasil",
"Hypophthalmichthys molitrix","4KW7","Hypophthalmichthys molitrix (Valenciennes, 1844)","Cyprinidae",,"Hypophthalmichthys","molitrix","Valenciennes, 1844","Peixe","Exôtica","Parque Nacional Da Serra Geral","Brasil",
"Lepus europaeus","J262","Lepus europaeus Pallas, 1778","Leporidae",,"Lepus","europaeus","Pallas, 1778","Mamífero","Exôtica","Parque Nacional Da Serra Geral","Brasil",
"Micropterus salmoides","G8ZP","Micropterus salmoides (Lacépède, 1802)","Centrarchidae",,"Micropterus","salmoides","Lacepède, 1802","Peixe","Exôtica","Parque Nacional Da Serra Geral","Brasil",
"Mus musculus","7LDV","Mus musculus (Linnaeus, 1758)","Muridae",,"Mus","musculus","Linnaeus, 1758","Mamífero","Exôtica","Parque Nacional Da Serra Geral","Brasil",
"Oncorhynchus mykiss","H5DM","Oncorhynchus mykiss (Walbaum, 1792)","Salmonidae",,"Oncorhynchus","mykiss","Walbaum, 1792","Peixe","Exôtica","Parque Nacional Da Serra Geral","Brasil",
"Passer domesticus","67TW","Passer domesticus (Linnaeus, 1758)","Passeridae",,"Passer","domesticus","Linnaeus, 1758","Ave","Exôtica","Parque Nacional Da Serra Geral","Brasil",
"Rattus norvegicus","9VMW","Rattus norvegicus (Berkenhout, 1769)","Muridae",,"Rattus","norvegicus","Berkenhout, 1769","Mamífero","Exôtica","Parque Nacional Da Serra Geral","Brasil",
"Rattus rattus","PLW","Rattus rattus (Linnaeus, 1758)","Muridae",,"Rattus","rattus","Linnaeus, 1758","Mamífero","Exôtica","Parque Nacional Da Serra Geral","Brasil",
"Sus scrofa","7GXB","Sus scrofa Linnaeus, 1758","Suidae",,"Sus","scrofa","Linnaeus, 1758","Mamífero","Exôtica","Parque Nacional Da Serra Geral","Brasil",
"Callithrix jacchus","F69M","Callithrix jacchus (Linnaeus, 1758)","Cebidae",,"Callithrix","jacchus","Linnaeus, 1758","Mamífero","Exôtica","Parque Nacional Da Tijuca","Brasil",
"Callithrix penicillata","J7TH","Callithrix penicillata (Geoffroy, 1812)","Cebidae",,"Callithrix","penicillata","Geoffroy, 1812","Mamífero","Exôtica","Parque Nacional Da Tijuca","Brasil",
"Cebus sp",,,,,"Cebus","sp","NA","Mamífero","Exôtica","Parque Nacional Da Tijuca","Brasil",
"Columba livia","H7T8","Columba livia Gmelin, 1789","Columbidae",,"Columba","livia","Gmelin, 1789","Ave","Exôtica","Parque Nacional Da Tijuca","Brasil",
"Coptodon rendalli","8N4N","Coptodon rendalli (Boulenger, 1897)","Cichlidae",,"Coptodon","rendalli","Boulenger, 1897","Peixe","Exôtica","Parque Nacional Da Tijuca","Brasil",
"Cyprinus carpio","4XPM","Cyprinus carpio Linnaeus, 1758","Cyprinidae",,"Cyprinus","carpio","Linnaeus, 1758","Peixe","Exôtica","Parque Nacional Da Tijuca","Brasil",
"Lissachatina fulica","CWMT","Lissachatina fulica (Férussac, 1821)","Achatinidae",,"Lissachatina","fulica","Bowdich, 1822","Invertebrado","Exôtica","Parque Nacional Da Tijuca","Brasil",
"Mus musculus","7LDV","Mus musculus (Linnaeus, 1758)","Muridae",,"Mus","musculus","Linnaeus, 1758","Mamífero","Exôtica","Parque Nacional Da Tijuca","Brasil",
"Oreochromis niloticus","SJM","Oreochromis niloticus (Linnaeus, 1758)","Cichlidae",,"Oreochromis","niloticus","Linnaeus, 1758","Peixe","Exôtica","Parque Nacional Da Tijuca","Brasil",
"Passer domesticus","67TW","Passer domesticus (Linnaeus, 1758)","Passeridae",,"Passer","domesticus","Linnaeus, 1758","Ave","Exôtica","Parque Nacional Da Tijuca","Brasil",
"Poecilia reticulata","5MWZ","Poecilia reticulata (Peters, 1859)","Poeciliidae",,"Poecilia","reticulata","Peters, 1859","Peixe","Exôtica","Parque Nacional Da Tijuca","Brasil",
"Rattus rattus","PLW","Rattus rattus (Linnaeus, 1758)","Muridae",,"Rattus","rattus","Linnaeus, 1758","Mamífero","Exôtica","Parque Nacional Da Tijuca","Brasil",
"Saimiri sp",,,,,"Saimiri","sp","NA","Mamífero","Exôtica","Parque Nacional Da Tijuca","Brasil",
"Trachemys dorbigni","39MP","Trachemys dorbigni (Duméril & Bibron, 1835)","Emydidae",,"Trachemys","dorbigni","Duméril and Bibron, 1835","Réptil","Exôtica","Parque Nacional Da Tijuca","Brasil",
"Trachemys scripta elegans",,,,,"Trachemys","scripta","Wied, 1838","Réptil","Exôtica","Parque Nacional Da Tijuca","Brasil","elegans"
"Xiphophorus hellerii","C4BC","Xiphophorus hellerii Heckel, 1848","Poeciliidae",,"Xiphophorus","hellerii","Heckel, 1848","Peixe","Exôtica","Parque Nacional Da Tijuca","Brasil",
"Xiphophorus maculatus","B2G6","Xiphophorus maculatus (Günther, 1866)","Poeciliidae",,"Xiphophorus","maculatus","Günther, 1866","Peixe","Exôtica","Parque Nacional Da Tijuca","Brasil",
"Zaprionus indianus","945L","Zaprionus indianus Gupta, 1970","Drosophilidae",,"Zaprionus","indianus","Gupta, 1970","Invertebrado","Exôtica","Parque Nacional Da Tijuca","Brasil",
"Apis mellifera","CLCS","Apis mellifera Linnaeus, 1758","Apidae",,"Apis","mellifera","Linnaeus, 1758","Invertebrado","Exôtica","Parque Nacional Das Araucárias","Brasil",
"Cyprinus carpio","4XPM","Cyprinus carpio Linnaeus, 1758","Cyprinidae",,"Cyprinus","carpio","Linnaeus, 1758","Peixe","Exôtica","Parque Nacional Das Araucárias","Brasil",
"Lepus europaeus","J262","Lepus europaeus Pallas, 1778","Leporidae",,"Lepus","europaeus","Pallas, 1778","Mamífero","Exôtica","Parque Nacional Das Araucárias","Brasil",
"Aquarana catesbeiana","GBSR","Aquarana catesbeiana (Shaw, 1802)","Ranidae",,"Aquarana","catesbeiana","Shaw, 1802","Anfíbio","Exôtica","Parque Nacional Das Araucárias","Brasil",
"Sus scrofa","7GXB","Sus scrofa Linnaeus, 1758","Suidae",,"Sus","scrofa","Linnaeus, 1758","Mamífero","Exôtica","Parque Nacional Das Araucárias","Brasil",
"Rattus rattus","PLW","Rattus rattus (Linnaeus, 1758)","Muridae",,"Rattus","rattus","Linnaeus, 1758","Mamífero","Exôtica","Parque Nacional Das Emas","Brasil",
"Poecilia reticulata","5MWZ","Poecilia reticulata (Peters, 1859)","Poeciliidae",,"Poecilia","reticulata","Peters, 1859","Peixe","Exôtica","Parque Nacional Das Sempre-Vivas","Brasil",
"Apis mellifera","CLCS","Apis mellifera Linnaeus, 1758","Apidae",,"Apis","mellifera","Linnaeus, 1758","Invertebrado","Exôtica","Parque Nacional De Aparados Da Serra","Brasil",
"Hypophthalmichthys nobilis","9NN2","Hypophthalmichthys nobilis (Richardson, 1845)","Cyprinidae",,"Hypophthalmichthys","nobilis","Richardson, 1845","Peixe","Exôtica","Parque Nacional De Aparados Da Serra","Brasil",
"Columba livia","H7T8","Columba livia Gmelin, 1789","Columbidae",,"Columba","livia","Gmelin, 1789","Ave","Exôtica","Parque Nacional De Aparados Da Serra","Brasil",
"Ctenopharyngodon idella","H98G","Ctenopharyngodon idella (Valenciennes, 1844)","Cyprinidae",,"Ctenopharyngodon","idella","Valenciennes, 1844","Peixe","Exôtica","Parque Nacional De Aparados Da Serra","Brasil",
"Cyprinus carpio","4XPM","Cyprinus carpio Linnaeus, 1758","Cyprinidae",,"Cyprinus","carpio","Linnaeus, 1758","Peixe","Exôtica","Parque Nacional De Aparados Da Serra","Brasil",
"Hypophthalmichthys molitrix","4KW7","Hypophthalmichthys molitrix (Valenciennes, 1844)","Cyprinidae",,"Hypophthalmichthys","molitrix","Valenciennes, 1844","Peixe","Exôtica","Parque Nacional De Aparados Da Serra","Brasil",
"Lepus europaeus","J262","Lepus europaeus Pallas, 1778","Leporidae",,"Lepus","europaeus","Pallas, 1778","Mamífero","Exôtica","Parque Nacional De Aparados Da Serra","Brasil",
"Micropterus salmoides","G8ZP","Micropterus salmoides (Lacépède, 1802)","Centrarchidae",,"Micropterus","salmoides","Lacepède, 1802","Peixe","Exôtica","Parque Nacional De Aparados Da Serra","Brasil",
"Mus musculus","7LDV","Mus musculus (Linnaeus, 1758)","Muridae",,"Mus","musculus","Linnaeus, 1758","Mamífero","Exôtica","Parque Nacional De Aparados Da Serra","Brasil",
"Oncorhynchus mykiss","H5DM","Oncorhynchus mykiss (Walbaum, 1792)","Salmonidae",,"Oncorhynchus","mykiss","Walbaum, 1792","Peixe","Exôtica","Parque Nacional De Aparados Da Serra","Brasil",
"Passer domesticus","67TW","Passer domesticus (Linnaeus, 1758)","Passeridae",,"Passer","domesticus","Linnaeus, 1758","Ave","Exôtica","Parque Nacional De Aparados Da Serra","Brasil",
"Rattus norvegicus","9VMW","Rattus norvegicus (Berkenhout, 1769)","Muridae",,"Rattus","norvegicus","Berkenhout, 1769","Mamífero","Exôtica","Parque Nacional De Aparados Da Serra","Brasil",
"Rattus rattus","PLW","Rattus rattus (Linnaeus, 1758)","Muridae",,"Rattus","rattus","Linnaeus, 1758","Mamífero","Exôtica","Parque Nacional De Aparados Da Serra","Brasil",
"Sus scrofa","7GXB","Sus scrofa Linnaeus, 1758","Suidae",,"Sus","scrofa","Linnaeus, 1758","Mamífero","Exôtica","Parque Nacional De Aparados Da Serra","Brasil",
"Apis mellifera","CLCS","Apis mellifera Linnaeus, 1758","Apidae",,"Apis","mellifera","Linnaeus, 1758","Invertebrado","Exôtica","Parque Nacional De Boa Nova","Brasil",
"Estrilda astrild","BBX","Estrilda astrild (Linnaeus, 1758)","Estrildidae",,"Estrilda","astrild","Linnaeus, 1758","Ave","Exôtica","Parque Nacional De Boa Nova","Brasil",
"Mus musculus","7LDV","Mus musculus (Linnaeus, 1758)","Muridae",,"Mus","musculus","Linnaeus, 1758","Mamífero","Exôtica","Parque Nacional De Boa Nova","Brasil",
"Passer domesticus","67TW","Passer domesticus (Linnaeus, 1758)","Passeridae",,"Passer","domesticus","Linnaeus, 1758","Ave","Exôtica","Parque Nacional De Boa Nova","Brasil",
"Rattus norvegicus","9VMW","Rattus norvegicus (Berkenhout, 1769)","Muridae",,"Rattus","norvegicus","Berkenhout, 1769","Mamífero","Exôtica","Parque Nacional De Boa Nova","Brasil",
"Rattus rattus","PLW","Rattus rattus (Linnaeus, 1758)","Muridae",,"Rattus","rattus","Linnaeus, 1758","Mamífero","Exôtica","Parque Nacional De Boa Nova","Brasil",
"Apis mellifera","CLCS","Apis mellifera Linnaeus, 1758","Apidae",,"Apis","mellifera","Linnaeus, 1758","Invertebrado","Exôtica","Parque Nacional De Brasília","Brasil",
"Canis familiaris","64X","Canis lupus Linnaeus, 1758","Canidae",,"Canis","familiaris","Linnaeus, 1758","Mamífero","Exôtica","Parque Nacional De Brasília","Brasil",
"Cichla sp",,,,,"Cichla","sp","NA","Peixe","Exôtica","Parque Nacional De Brasília","Brasil",
"Coptodon rendalli","8N4N","Coptodon rendalli (Boulenger, 1897)","Cichlidae",,"Coptodon","rendalli","Boulenger, 1897","Peixe","Exôtica","Parque Nacional De Brasília","Brasil",
"Estrilda astrild","BBX","Estrilda astrild (Linnaeus, 1758)","Estrildidae",,"Estrilda","astrild","Linnaeus, 1758","Ave","Exôtica","Parque Nacional De Brasília","Brasil",
"Felis catus","3TCH","Felis catus Linnaeus, 1758","Felidae",,"Felis","catus","Linnaeus, 1758","Mamífero","Exôtica","Parque Nacional De Brasília","Brasil",
"Mus musculus","7LDV","Mus musculus (Linnaeus, 1758)","Muridae",,"Mus","musculus","Linnaeus, 1758","Mamífero","Exôtica","Parque Nacional De Brasília","Brasil",
"Passer domesticus","67TW","Passer domesticus (Linnaeus, 1758)","Passeridae",,"Passer","domesticus","Linnaeus, 1758","Ave","Exôtica","Parque Nacional De Brasília","Brasil",
"Poecilia reticulata","5MWZ","Poecilia reticulata (Peters, 1859)","Poeciliidae",,"Poecilia","reticulata","Peters, 1859","Peixe","Exôtica","Parque Nacional De Brasília","Brasil",
"Rattus norvegicus","9VMW","Rattus norvegicus (Berkenhout, 1769)","Muridae",,"Rattus","norvegicus","Berkenhout, 1769","Mamífero","Exôtica","Parque Nacional De Brasília","Brasil",
"Rattus rattus","PLW","Rattus rattus (Linnaeus, 1758)","Muridae",,"Rattus","rattus","Linnaeus, 1758","Mamífero","Exôtica","Parque Nacional De Brasília","Brasil",
"Zaprionus indianus","945L","Zaprionus indianus Gupta, 1970","Drosophilidae",,"Zaprionus","indianus","Gupta, 1970","Invertebrado","Exôtica","Parque Nacional De Brasília","Brasil",
"Apis mellifera","CLCS","Apis mellifera Linnaeus, 1758","Apidae",,"Apis","mellifera","Linnaeus, 1758","Invertebrado","Exôtica","Parque Nacional De Caparao","Brasil",
"Bubulcus ibis","FSLC","Bubulcus ibis (Linnaeus, 1758)","Ardeidae",,"Bubulcus","ibis","Bonaparte, 1855","Ave","Exôtica","Parque Nacional De Caparao","Brasil",
"Capra hircus","8S7N","Capra hircus Linnaeus, 1758","Bovidae",,"Capra","hircus","Linnaeus, 1758","Mamífero","Exôtica","Parque Nacional De Caparao","Brasil",
"Columba livia","H7T8","Columba livia Gmelin, 1789","Columbidae",,"Columba","livia","Gmelin, 1789","Ave","Exôtica","Parque Nacional De Caparao","Brasil",
"Mus musculus","7LDV","Mus musculus (Linnaeus, 1758)","Muridae",,"Mus","musculus","Linnaeus, 1758","Mamífero","Exôtica","Parque Nacional De Caparao","Brasil",
"Oncorhynchus mykiss","H5DM","Oncorhynchus mykiss (Walbaum, 1792)","Salmonidae",,"Oncorhynchus","mykiss","Walbaum, 1792","Peixe","Exôtica","Parque Nacional De Caparao","Brasil",
"Passer domesticus","67TW","Passer domesticus (Linnaeus, 1758)","Passeridae",,"Passer","domesticus","Linnaeus, 1758","Ave","Exôtica","Parque Nacional De Caparao","Brasil",
"Poecilia reticulata","5MWZ","Poecilia reticulata (Peters, 1859)","Poeciliidae",,"Poecilia","reticulata","Peters, 1859","Peixe","Exôtica","Parque Nacional De Caparao","Brasil",
"Rattus norvegicus","9VMW","Rattus norvegicus (Berkenhout, 1769)","Muridae",,"Rattus","norvegicus","Berkenhout, 1769","Mamífero","Exôtica","Parque Nacional De Caparao","Brasil",
"Rattus rattus","PLW","Rattus rattus (Linnaeus, 1758)","Muridae",,"Rattus","rattus","Linnaeus, 1758","Mamífero","Exôtica","Parque Nacional De Caparao","Brasil",
"Zaprionus indianus","945L","Zaprionus indianus Gupta, 1970","Drosophilidae",,"Zaprionus","indianus","Gupta, 1970","Invertebrado","Exôtica","Parque Nacional De Caparao","Brasil",
"Ageneiosus inermis","5HDG","Ageneiosus inermis (Linnaeus, 1766)","Auchenipteridae",,"Ageneiosus","inermis","Linnaeus, 1766","Peixe","Exôtica","Parque Nacional De Ilha Grande","Brasil",
"Apis mellifera","CLCS","Apis mellifera Linnaeus, 1758","Apidae",,"Apis","mellifera","Linnaeus, 1758","Invertebrado","Exôtica","Parque Nacional De Ilha Grande","Brasil",
"Cichla monoculus","5V8Z","Cichla monoculus Spix & Agassiz, 1831","Cichlidae",,"Cichla","monoculus","Spix and Agassiz, 1831","Peixe","Exôtica","Parque Nacional De Ilha Grande","Brasil",
"Clarias gariepinus","C9HL","Clarias gariepinus (Burchell, 1822)","Clariidae",,"Clarias","gariepinus","Burchell, 1822","Peixe","Exôtica","Parque Nacional De Ilha Grande","Brasil",
"Columba livia","H7T8","Columba livia Gmelin, 1789","Columbidae",,"Columba","livia","Gmelin, 1789","Ave","Exôtica","Parque Nacional De Ilha Grande","Brasil",
"Coptodon rendalli","8N4N","Coptodon rendalli (Boulenger, 1897)","Cichlidae",,"Coptodon","rendalli","Boulenger, 1897","Peixe","Exôtica","Parque Nacional De Ilha Grande","Brasil",
"Corbicula fluminea","58R7","Corbicula fluminea (Müller, 1774)","Cyrenidae",,"Corbicula","fluminea","Muller, 1774","Invertebrado","Exôtica","Parque Nacional De Ilha Grande","Brasil",
"Cyprinus carpio","4XPM","Cyprinus carpio Linnaeus, 1758","Cyprinidae",,"Cyprinus","carpio","Linnaeus, 1758","Peixe","Exôtica","Parque Nacional De Ilha Grande","Brasil",
"Gymnotus pantanal","9W5L","Gymnotus pantanal Fernandes, Albert, Daniel-Silva, Lopes, Crampton & Almeida-Toledo, 2005","Gymnotidae",,"Gymnotus","pantanal","Fernandes, Albert, Daniel-Silva, Lopes, Crampton & Almeida-Toledo 2005","Peixe","Exôtica","Parque Nacional De Ilha Grande","Brasil",
"Hemidactylus mabouia","169156","Hemidactylus mabouia","Gekkonidae",,"Hemidactylus","mabouia","Moreau De Jonnès, 1818","Réptil","Exôtica","Parque Nacional De Ilha Grande","Brasil",
"Limnoperna fortunei","84ZT","Limnoperna fortunei (Dunker, 1857)","Mytilidae",,"Limnoperna","fortunei","Dunker, 1857","Invertebrado","Exôtica","Parque Nacional De Ilha Grande","Brasil",
"Aquarana catesbeiana","GBSR","Aquarana catesbeiana (Shaw, 1802)","Ranidae",,"Aquarana","catesbeiana","Shaw, 1802","Anfíbio","Exôtica","Parque Nacional De Ilha Grande","Brasil",
"Loricariichthys rostratus","H7MY","Loricariichthys rostratus Reis & Pereira, 2000","Loricariidae",,"Loricariichthys","rostratus","Reis & Pereira, 2000","Peixe","Exôtica","Parque Nacional De Ilha Grande","Brasil",
"Oreochromis niloticus","SJM","Oreochromis niloticus (Linnaeus, 1758)","Cichlidae",,"Oreochromis","niloticus","Linnaeus, 1758","Peixe","Exôtica","Parque Nacional De Ilha Grande","Brasil",
"Ossancora eigenmanni","DHHF","Ossancora eigenmanni Boulenger, 1895","Doradidae",,"Ossancora","eigenmanni","Boulenger, 1895","Peixe","Exôtica","Parque Nacional De Ilha Grande","Brasil",
"Passer domesticus","67TW","Passer domesticus (Linnaeus, 1758)","Passeridae",,"Passer","domesticus","Linnaeus, 1758","Ave","Exôtica","Parque Nacional De Ilha Grande","Brasil",
"Plagioscion squamosissimus","CLTX","Plagioscion squamosissimus (Heckel, 1840)","Sciaenidae",,"Plagioscion","squamosissimus","Heckel, 1840","Peixe","Exôtica","Parque Nacional De Ilha Grande","Brasil",
"Pterodoras granulosus","HZ28","Pterodoras granulosus Valenciennes, 1821","Doradidae",,"Pterodoras","granulosus","Valenciennes, 1821","Peixe","Exôtica","Parque Nacional De Ilha Grande","Brasil",
"Trachemys scripta elegans",,,,,"Trachemys","scripta","Wied, 1838","Réptil","Exôtica","Parque Nacional De Ilha Grande","Brasil","elegans"
"Bubulcus ibis","FSLC","Bubulcus ibis (Linnaeus, 1758)","Ardeidae",,"Bubulcus","ibis","Bonaparte, 1855","Ave","Exôtica","Parque Nacional De Jericoacoara","Brasil",
"Equus asinus","8Q4B","Equus asinus Linnaeus, 1758","Equidae",,"Equus","asinus","Linnaeus, 1758","Mamífero","Exôtica","Parque Nacional De Jericoacoara","Brasil",
"Penaeus vannamei","GT8Z","Penaeus vannamei Boone, 1931","Penaeidae",,"Penaeus","vannamei","Boone, 1931","Invertebrado","Exôtica","Parque Nacional De Jericoacoara","Brasil",
"Mus musculus","7LDV","Mus musculus (Linnaeus, 1758)","Muridae",,"Mus","musculus","Linnaeus, 1758","Mamífero","Exôtica","Parque Nacional De Jericoacoara","Brasil",
"Omobranchus punctatus","47MV","Omobranchus punctatus (Valenciennes, 1836)","Blenniidae",,"Omobranchus","punctatus","Valenciennes, 1836","Peixe","Exôtica","Parque Nacional De Jericoacoara","Brasil",
"Passer domesticus","67TW","Passer domesticus (Linnaeus, 1758)","Passeridae",,"Passer","domesticus","Linnaeus, 1758","Ave","Exôtica","Parque Nacional De Jericoacoara","Brasil",
"Pterois volitans","928L","Pterois volitans (Linnaeus, 1758)","Scorpaenidae",,"Pterois","volitans","Linnaeus, 1758","Peixe","Exôtica","Parque Nacional De Jericoacoara","Brasil",
"Rattus rattus","PLW","Rattus rattus (Linnaeus, 1758)","Muridae",,"Rattus","rattus","Linnaeus, 1758","Mamífero","Exôtica","Parque Nacional De Jericoacoara","Brasil",
"Apis mellifera","CLCS","Apis mellifera Linnaeus, 1758","Apidae",,"Apis","mellifera","Linnaeus, 1758","Invertebrado","Exôtica","Parque Nacional De Saint-Hilaire/Lange","Brasil",
"Lissachatina fulica","CWMT","Lissachatina fulica (Férussac, 1821)","Achatinidae",,"Lissachatina","fulica","Bowdich, 1822","Invertebrado","Exôtica","Parque Nacional De Saint-Hilaire/Lange","Brasil",
"Apis mellifera","CLCS","Apis mellifera Linnaeus, 1758","Apidae",,"Apis","mellifera","Linnaeus, 1758","Invertebrado","Exôtica","Parque Nacional De São Joaquim","Brasil",
"Canis familiaris","64X","Canis lupus Linnaeus, 1758","Canidae",,"Canis","familiaris","Linnaeus, 1758","Mamífero","Exôtica","Parque Nacional De São Joaquim","Brasil",
"Lepus europaeus","J262","Lepus europaeus Pallas, 1778","Leporidae",,"Lepus","europaeus","Pallas, 1778","Mamífero","Exôtica","Parque Nacional De São Joaquim","Brasil",
"Oncorhynchus mykiss","H5DM","Oncorhynchus mykiss (Walbaum, 1792)","Salmonidae",,"Oncorhynchus","mykiss","Walbaum, 1792","Peixe","Exôtica","Parque Nacional De São Joaquim","Brasil",
"Sus scrofa","7GXB","Sus scrofa Linnaeus, 1758","Suidae",,"Sus","scrofa","Linnaeus, 1758","Mamífero","Exôtica","Parque Nacional De São Joaquim","Brasil",
"Trachemys dorbigni","39MP","Trachemys dorbigni (Duméril & Bibron, 1835)","Emydidae",,"Trachemys","dorbigni","Duméril and Bibron, 1835","Réptil","Exôtica","Parque Nacional De São Joaquim","Brasil",
"Bubulcus ibis","FSLC","Bubulcus ibis (Linnaeus, 1758)","Ardeidae",,"Bubulcus","ibis","Bonaparte, 1855","Ave","Exôtica","Parque Nacional De Sete Cidades","Brasil",
"Columba livia","H7T8","Columba livia Gmelin, 1789","Columbidae",,"Columba","livia","Gmelin, 1789","Ave","Exôtica","Parque Nacional De Sete Cidades","Brasil",
"Hemidactylus mabouia","169156","Hemidactylus mabouia","Gekkonidae",,"Hemidactylus","mabouia","Moreau De Jonnès, 1818","Réptil","Exôtica","Parque Nacional De Sete Cidades","Brasil",
"Passer domesticus","67TW","Passer domesticus (Linnaeus, 1758)","Passeridae",,"Passer","domesticus","Linnaeus, 1758","Ave","Exôtica","Parque Nacional De Sete Cidades","Brasil",
"Apis mellifera","CLCS","Apis mellifera Linnaeus, 1758","Apidae",,"Apis","mellifera","Linnaeus, 1758","Invertebrado","Exôtica","Parque Nacional De Ubajara","Brasil",
"Estrilda astrild","BBX","Estrilda astrild (Linnaeus, 1758)","Estrildidae",,"Estrilda","astrild","Linnaeus, 1758","Ave","Exôtica","Parque Nacional De Ubajara","Brasil",
"Hemidactylus mabouia","169156","Hemidactylus mabouia","Gekkonidae",,"Hemidactylus","mabouia","Moreau De Jonnès, 1818","Réptil","Exôtica","Parque Nacional De Ubajara","Brasil",
"Mus musculus","7LDV","Mus musculus (Linnaeus, 1758)","Muridae",,"Mus","musculus","Linnaeus, 1758","Mamífero","Exôtica","Parque Nacional De Ubajara","Brasil",
"Poecilia reticulata","5MWZ","Poecilia reticulata (Peters, 1859)","Poeciliidae",,"Poecilia","reticulata","Peters, 1859","Peixe","Exôtica","Parque Nacional De Ubajara","Brasil",
"Coptodon rendalli","8N4N","Coptodon rendalli (Boulenger, 1897)","Cichlidae",,"Coptodon","rendalli","Boulenger, 1897","Peixe","Exôtica","Parque Nacional Do Acari","Brasil",
"Mus musculus","7LDV","Mus musculus (Linnaeus, 1758)","Muridae",,"Mus","musculus","Linnaeus, 1758","Mamífero","Exôtica","Parque Nacional Do Alto Cariri","Brasil",
"Apis mellifera","CLCS","Apis mellifera Linnaeus, 1758","Apidae",,"Apis","mellifera","Linnaeus, 1758","Invertebrado","Exôtica","Parque Nacional Do Cabo Orange","Brasil",
"Bubalus bubalis","7N9G","Bubalus bubalis Linnaeus, 1758","Bovidae",,"Bubalus","bubalis","Linnaeus, 1758","Mamífero","Exôtica","Parque Nacional Do Cabo Orange","Brasil",
"Charybdis hellerii","BR3D","Charybdis helerii A. Milne-Edwards, 1867","Portunidae",,"Charybdis","hellerii","Milne Edwards, 1867","Invertebrado","Exôtica","Parque Nacional Do Cabo Orange","Brasil",
"Penaeus monodon","3NVC","Penaeus monodon Fabricius, 1798","Penaeidae",,"Penaeus","monodon","Fabricius, 1798","Invertebrado","Exôtica","Parque Nacional Do Cabo Orange","Brasil",
"Pterois volitans","928L","Pterois volitans (Linnaeus, 1758)","Scorpaenidae",,"Pterois","volitans","Linnaeus, 1758","Peixe","Exôtica","Parque Nacional Do Cabo Orange","Brasil",
"Capra hircus","8S7N","Capra hircus Linnaeus, 1758","Bovidae",,"Capra","hircus","Linnaeus, 1758","Mamífero","Exôtica","Parque Nacional Do Catimbau","Brasil",
"Hemidactylus mabouia","169156","Hemidactylus mabouia","Gekkonidae",,"Hemidactylus","mabouia","Moreau De Jonnès, 1818","Réptil","Exôtica","Parque Nacional Do Catimbau","Brasil",
"Oreochromis niloticus","SJM","Oreochromis niloticus (Linnaeus, 1758)","Cichlidae",,"Oreochromis","niloticus","Linnaeus, 1758","Peixe","Exôtica","Parque Nacional Do Catimbau","Brasil",
"Rattus rattus","PLW","Rattus rattus (Linnaeus, 1758)","Muridae",,"Rattus","rattus","Linnaeus, 1758","Mamífero","Exôtica","Parque Nacional Do Catimbau","Brasil",
"Apis mellifera","CLCS","Apis mellifera Linnaeus, 1758","Apidae",,"Apis","mellifera","Linnaeus, 1758","Invertebrado","Exôtica","Parque Nacional Do Descobrimento","Brasil",
"Bubulcus ibis","FSLC","Bubulcus ibis (Linnaeus, 1758)","Ardeidae",,"Bubulcus","ibis","Bonaparte, 1855","Ave","Exôtica","Parque Nacional Do Descobrimento","Brasil",
"Cichla monoculus","5V8Z","Cichla monoculus Spix & Agassiz, 1831","Cichlidae",,"Cichla","monoculus","Spix and Agassiz, 1831","Peixe","Exôtica","Parque Nacional Do Descobrimento","Brasil",
"Columba livia","H7T8","Columba livia Gmelin, 1789","Columbidae",,"Columba","livia","Gmelin, 1789","Ave","Exôtica","Parque Nacional Do Descobrimento","Brasil",
"Ctenopharyngodon idella","H98G","Ctenopharyngodon idella (Valenciennes, 1844)","Cyprinidae",,"Ctenopharyngodon","idella","Valenciennes, 1844","Peixe","Exôtica","Parque Nacional Do Descobrimento","Brasil",
"Estrilda astrild","BBX","Estrilda astrild (Linnaeus, 1758)","Estrildidae",,"Estrilda","astrild","Linnaeus, 1758","Ave","Exôtica","Parque Nacional Do Descobrimento","Brasil",
"Lissachatina fulica","CWMT","Lissachatina fulica (Férussac, 1821)","Achatinidae",,"Lissachatina","fulica","Bowdich, 1822","Invertebrado","Exôtica","Parque Nacional Do Descobrimento","Brasil",
"Aquarana catesbeiana","GBSR","Aquarana catesbeiana (Shaw, 1802)","Ranidae",,"Aquarana","catesbeiana","Shaw, 1802","Anfíbio","Exôtica","Parque Nacional Do Descobrimento","Brasil",
"Mus musculus","7LDV","Mus musculus (Linnaeus, 1758)","Muridae",,"Mus","musculus","Linnaeus, 1758","Mamífero","Exôtica","Parque Nacional Do Descobrimento","Brasil",
"Oreochromis niloticus","SJM","Oreochromis niloticus (Linnaeus, 1758)","Cichlidae",,"Oreochromis","niloticus","Linnaeus, 1758","Peixe","Exôtica","Parque Nacional Do Descobrimento","Brasil",
"Oryctolagus cuniculus","J48L","Oryctolagus cuniculus (Linnaeus, 1758)","Leporidae",,"Oryctolagus","cuniculus","Linnaeus, 1758","Mamífero","Exôtica","Parque Nacional Do Descobrimento","Brasil",
"Passer domesticus","67TW","Passer domesticus (Linnaeus, 1758)","Passeridae",,"Passer","domesticus","Linnaeus, 1758","Ave","Exôtica","Parque Nacional Do Descobrimento","Brasil",
"Pheidole megacephala","J3FF","Pheidole megacephala (Fabricius, 1793)","Formicidae",,"Pheidole","megacephala","Fabricius, 1793","Invertebrado","Exôtica","Parque Nacional Do Descobrimento","Brasil",
"Poecilia reticulata","5MWZ","Poecilia reticulata (Peters, 1859)","Poeciliidae",,"Poecilia","reticulata","Peters, 1859","Peixe","Exôtica","Parque Nacional Do Descobrimento","Brasil",
"Apis mellifera","CLCS","Apis mellifera Linnaeus, 1758","Apidae",,"Apis","mellifera","Linnaeus, 1758","Invertebrado","Exôtica","Parque Nacional Do Iguaçu","Brasil",
"Cichla kelberi","GQKB","Cichla kelberi Kullander & Ferreira, 2006","Cichlidae",,"Cichla","kelberi","Kullander & Ferreira, 2006","Peixe","Exôtica","Parque Nacional Do Iguaçu","Brasil",
"Columba livia","H7T8","Columba livia Gmelin, 1789","Columbidae",,"Columba","livia","Gmelin, 1789","Ave","Exôtica","Parque Nacional Do Iguaçu","Brasil",
"Coptodon rendalli","8N4N","Coptodon rendalli (Boulenger, 1897)","Cichlidae",,"Coptodon","rendalli","Boulenger, 1897","Peixe","Exôtica","Parque Nacional Do Iguaçu","Brasil",
"Corbicula fluminea","58R7","Corbicula fluminea (Müller, 1774)","Cyrenidae",,"Corbicula","fluminea","Muller, 1774","Invertebrado","Exôtica","Parque Nacional Do Iguaçu","Brasil",
"Cordylophora caspia","9QCV","Cordylophora caspia (Pallas, 1771)","Cordylophoridae",,"Cordylophora","caspia","Pallas, 1771","Invertebrado","Exôtica","Parque Nacional Do Iguaçu","Brasil",
"Cyprinus carpio","4XPM","Cyprinus carpio Linnaeus, 1758","Cyprinidae",,"Cyprinus","carpio","Linnaeus, 1758","Peixe","Exôtica","Parque Nacional Do Iguaçu","Brasil",
"Hemidactylus mabouia","169156","Hemidactylus mabouia","Gekkonidae",,"Hemidactylus","mabouia","Moreau De Jonnès, 1818","Réptil","Exôtica","Parque Nacional Do Iguaçu","Brasil",
"Lepus europaeus","J262","Lepus europaeus Pallas, 1778","Leporidae",,"Lepus","europaeus","Pallas, 1778","Mamífero","Exôtica","Parque Nacional Do Iguaçu","Brasil",
"Limnoperna fortunei","84ZT","Limnoperna fortunei (Dunker, 1857)","Mytilidae",,"Limnoperna","fortunei","Dunker, 1857","Invertebrado","Exôtica","Parque Nacional Do Iguaçu","Brasil",
"Aquarana catesbeiana","GBSR","Aquarana catesbeiana (Shaw, 1802)","Ranidae",,"Aquarana","catesbeiana","Shaw, 1802","Anfíbio","Exôtica","Parque Nacional Do Iguaçu","Brasil",
"Mus musculus","7LDV","Mus musculus (Linnaeus, 1758)","Muridae",,"Mus","musculus","Linnaeus, 1758","Mamífero","Exôtica","Parque Nacional Do Iguaçu","Brasil",
"Oreochromis niloticus","SJM","Oreochromis niloticus (Linnaeus, 1758)","Cichlidae",,"Oreochromis","niloticus","Linnaeus, 1758","Peixe","Exôtica","Parque Nacional Do Iguaçu","Brasil",
"Passer domesticus","67TW","Passer domesticus (Linnaeus, 1758)","Passeridae",,"Passer","domesticus","Linnaeus, 1758","Ave","Exôtica","Parque Nacional Do Iguaçu","Brasil",
"Phalloceros caudimaculatus reticulatus",,,,,"Phalloceros","caudimaculatus","Hensel, 1868","Peixe","Exôtica","Parque Nacional Do Iguaçu","Brasil","reticulatus"
"Rattus rattus","PLW","Rattus rattus (Linnaeus, 1758)","Muridae",,"Rattus","rattus","Linnaeus, 1758","Mamífero","Exôtica","Parque Nacional Do Iguaçu","Brasil",
"Trachemys scripta elegans",,,,,"Trachemys","scripta","Wied, 1838","Réptil","Exôtica","Parque Nacional Do Iguaçu","Brasil","elegans"
"Apis mellifera","CLCS","Apis mellifera Linnaeus, 1758","Apidae",,"Apis","mellifera","Linnaeus, 1758","Invertebrado","Exôtica","Parque Nacional Do Itatiaia","Brasil",
"Bubulcus ibis","FSLC","Bubulcus ibis (Linnaeus, 1758)","Ardeidae",,"Bubulcus","ibis","Bonaparte, 1855","Ave","Exôtica","Parque Nacional Do Itatiaia","Brasil",
"Callithrix penicillata","J7TH","Callithrix penicillata (Geoffroy, 1812)","Cebidae",,"Callithrix","penicillata","Geoffroy, 1812","Mamífero","Exôtica","Parque Nacional Do Itatiaia","Brasil",
"Callithrix sp",,,,,"Callithrix","sp","NA","Mamífero","Exôtica","Parque Nacional Do Itatiaia","Brasil",
"Estrilda astrild","BBX","Estrilda astrild (Linnaeus, 1758)","Estrildidae",,"Estrilda","astrild","Linnaeus, 1758","Ave","Exôtica","Parque Nacional Do Itatiaia","Brasil",
"Felis catus","3TCH","Felis catus Linnaeus, 1758","Felidae",,"Felis","catus","Linnaeus, 1758","Mamífero","Exôtica","Parque Nacional Do Itatiaia","Brasil",
"Lepus europaeus","J262","Lepus europaeus Pallas, 1778","Leporidae",,"Lepus","europaeus","Pallas, 1778","Mamífero","Exôtica","Parque Nacional Do Itatiaia","Brasil",
"Mus musculus","7LDV","Mus musculus (Linnaeus, 1758)","Muridae",,"Mus","musculus","Linnaeus, 1758","Mamífero","Exôtica","Parque Nacional Do Itatiaia","Brasil",
"Oncorhynchus mykiss","H5DM","Oncorhynchus mykiss (Walbaum, 1792)","Salmonidae",,"Oncorhynchus","mykiss","Walbaum, 1792","Peixe","Exôtica","Parque Nacional Do Itatiaia","Brasil",
"Rattus norvegicus","9VMW","Rattus norvegicus (Berkenhout, 1769)","Muridae",,"Rattus","norvegicus","Berkenhout, 1769","Mamífero","Exôtica","Parque Nacional Do Itatiaia","Brasil",
"Rattus rattus","PLW","Rattus rattus (Linnaeus, 1758)","Muridae",,"Rattus","rattus","Linnaeus, 1758","Mamífero","Exôtica","Parque Nacional Do Itatiaia","Brasil",
"Sus scrofa","7GXB","Sus scrofa Linnaeus, 1758","Suidae",,"Sus","scrofa","Linnaeus, 1758","Mamífero","Exôtica","Parque Nacional Do Itatiaia","Brasil",
"Apis mellifera","CLCS","Apis mellifera Linnaeus, 1758","Apidae",,"Apis","mellifera","Linnaeus, 1758","Invertebrado","Exôtica","Parque Nacional Do Jaú","Brasil",
"Mus musculus","7LDV","Mus musculus (Linnaeus, 1758)","Muridae",,"Mus","musculus","Linnaeus, 1758","Mamífero","Exôtica","Parque Nacional Do Jaú","Brasil",
"Rattus norvegicus","9VMW","Rattus norvegicus (Berkenhout, 1769)","Muridae",,"Rattus","norvegicus","Berkenhout, 1769","Mamífero","Exôtica","Parque Nacional Do Jaú","Brasil",
"Rattus rattus","PLW","Rattus rattus (Linnaeus, 1758)","Muridae",,"Rattus","rattus","Linnaeus, 1758","Mamífero","Exôtica","Parque Nacional Do Jaú","Brasil",
"Cichla piquiti","6KY8","Cichla piquiti Kullander & Ferreira, 2006","Cichlidae",,"Cichla","piquiti","Kullander & Ferreira, 2006","Peixe","Exôtica","Parque Nacional Do Pantanal Matogrossense","Brasil",
"Hemidactylus mabouia","169156","Hemidactylus mabouia","Gekkonidae",,"Hemidactylus","mabouia","Moreau De Jonnès, 1818","Réptil","Exôtica","Parque Nacional Do Pantanal Matogrossense","Brasil",
"Limnoperna fortunei","84ZT","Limnoperna fortunei (Dunker, 1857)","Mytilidae",,"Limnoperna","fortunei","Dunker, 1857","Invertebrado","Exôtica","Parque Nacional Do Pantanal Matogrossense","Brasil",
"Hemidactylus mabouia","169156","Hemidactylus mabouia","Gekkonidae",,"Hemidactylus","mabouia","Moreau De Jonnès, 1818","Réptil","Exôtica","Parque Nacional Do Superagui","Brasil",
"Astyanax lacustris","8P5Q","Astyanax lacustris (Lütken, 1875)","Acestrorhamphidae",,"Astyanax","lacustris","Lütken 1875","Peixe","Exôtica","Parque Nacional Dos Campos Amazônicos","Brasil",
"Bubulcus ibis","FSLC","Bubulcus ibis (Linnaeus, 1758)","Ardeidae",,"Bubulcus","ibis","Bonaparte, 1855","Ave","Exôtica","Parque Nacional Dos Campos Amazônicos","Brasil",
"Hemidactylus mabouia","169156","Hemidactylus mabouia","Gekkonidae",,"Hemidactylus","mabouia","Moreau De Jonnès, 1818","Réptil","Exôtica","Parque Nacional Dos Campos Amazônicos","Brasil",
"Lepus europaeus","J262","Lepus europaeus Pallas, 1778","Leporidae",,"Lepus","europaeus","Pallas, 1778","Mamífero","Exôtica","Parque Nacional Dos Campos Gerais","Brasil",
"Mus musculus","7LDV","Mus musculus (Linnaeus, 1758)","Muridae",,"Mus","musculus","Linnaeus, 1758","Mamífero","Exôtica","Parque Nacional Dos Campos Gerais","Brasil",
"Sus scrofa","7GXB","Sus scrofa Linnaeus, 1758","Suidae",,"Sus","scrofa","Linnaeus, 1758","Mamífero","Exôtica","Parque Nacional Dos Campos Gerais","Brasil",
"Apis mellifera","CLCS","Apis mellifera Linnaeus, 1758","Apidae",,"Apis","mellifera","Linnaeus, 1758","Invertebrado","Exôtica","Parque Nacional Dos Lençóis Maranhenses","Brasil",
"Cichla kelberi","GQKB","Cichla kelberi Kullander & Ferreira, 2006","Cichlidae",,"Cichla","kelberi","Kullander & Ferreira, 2006","Peixe","Exôtica","Parque Nacional Dos Lençóis Maranhenses","Brasil",
"Oreochromis niloticus","SJM","Oreochromis niloticus (Linnaeus, 1758)","Cichlidae",,"Oreochromis","niloticus","Linnaeus, 1758","Peixe","Exôtica","Parque Nacional Dos Lençóis Maranhenses","Brasil",
"Coptodon rendalli","8N4N","Coptodon rendalli (Boulenger, 1897)","Cichlidae",,"Coptodon","rendalli","Boulenger, 1897","Peixe","Exôtica","Parque Nacional Dos Lençóis Maranhenses","Brasil",
"Lissachatina fulica","CWMT","Lissachatina fulica (Férussac, 1821)","Achatinidae",,"Lissachatina","fulica","Bowdich, 1822","Invertebrado","Exôtica","Parque Nacional Dos Lençóis Maranhenses","Brasil",
"Passer domesticus","67TW","Passer domesticus (Linnaeus, 1758)","Passeridae",,"Passer","domesticus","Linnaeus, 1758","Ave","Exôtica","Parque Nacional Dos Lençóis Maranhenses","Brasil",
"Sus scrofa","7GXB","Sus scrofa Linnaeus, 1758","Suidae",,"Sus","scrofa","Linnaeus, 1758","Mamífero","Exôtica","Parque Nacional Dos Lençóis Maranhenses","Brasil",
"Apis mellifera","CLCS","Apis mellifera Linnaeus, 1758","Apidae",,"Apis","mellifera","Linnaeus, 1758","Invertebrado","Exôtica","Parque Nacional Mapinguari","Brasil",
"Columba livia","H7T8","Columba livia Gmelin, 1789","Columbidae",,"Columba","livia","Gmelin, 1789","Ave","Exôtica","Parque Nacional Mapinguari","Brasil",
"Apis mellifera","CLCS","Apis mellifera Linnaeus, 1758","Apidae",,"Apis","mellifera","Linnaeus, 1758","Invertebrado","Exôtica","Parque Nacional Marinho De Fernando De Noronha","Brasil",
"Bubulcus ibis","FSLC","Bubulcus ibis (Linnaeus, 1758)","Ardeidae",,"Bubulcus","ibis","Bonaparte, 1855","Ave","Exôtica","Parque Nacional Marinho De Fernando De Noronha","Brasil",
"Capra hircus","8S7N","Capra hircus Linnaeus, 1758","Bovidae",,"Capra","hircus","Linnaeus, 1758","Mamífero","Exôtica","Parque Nacional Marinho De Fernando De Noronha","Brasil",
"Columba livia","H7T8","Columba livia Gmelin, 1789","Columbidae",,"Columba","livia","Gmelin, 1789","Ave","Exôtica","Parque Nacional Marinho De Fernando De Noronha","Brasil",
"Felis catus","3TCH","Felis catus Linnaeus, 1758","Felidae",,"Felis","catus","Linnaeus, 1758","Mamífero","Exôtica","Parque Nacional Marinho De Fernando De Noronha","Brasil",
"Hemidactylus mabouia","169156","Hemidactylus mabouia","Gekkonidae",,"Hemidactylus","mabouia","Moreau De Jonnès, 1818","Réptil","Exôtica","Parque Nacional Marinho De Fernando De Noronha","Brasil",
"Mus musculus","7LDV","Mus musculus (Linnaeus, 1758)","Muridae",,"Mus","musculus","Linnaeus, 1758","Mamífero","Exôtica","Parque Nacional Marinho De Fernando De Noronha","Brasil",
"Oreochromis niloticus","SJM","Oreochromis niloticus (Linnaeus, 1758)","Cichlidae",,"Oreochromis","niloticus","Linnaeus, 1758","Peixe","Exôtica","Parque Nacional Marinho De Fernando De Noronha","Brasil",
"Parachromis managuensis","5QFS","Parachromis managuensis (Günther, 1867)","Cichlidae",,"Parachromis","managuensis","Günther, 1867","Peixe","Exôtica","Parque Nacional Marinho De Fernando De Noronha","Brasil",
"Passer domesticus","67TW","Passer domesticus (Linnaeus, 1758)","Passeridae",,"Passer","domesticus","Linnaeus, 1758","Ave","Exôtica","Parque Nacional Marinho De Fernando De Noronha","Brasil",
"Pheidole megacephala","J3FF","Pheidole megacephala (Fabricius, 1793)","Formicidae",,"Pheidole","megacephala","Fabricius, 1793","Invertebrado","Exôtica","Parque Nacional Marinho De Fernando De Noronha","Brasil",
"Pterois volitans","928L","Pterois volitans (Linnaeus, 1758)","Scorpaenidae",,"Pterois","volitans","Linnaeus, 1758","Peixe","Exôtica","Parque Nacional Marinho De Fernando De Noronha","Brasil",
"Rattus norvegicus","9VMW","Rattus norvegicus (Berkenhout, 1769)","Muridae",,"Rattus","norvegicus","Berkenhout, 1769","Mamífero","Exôtica","Parque Nacional Marinho De Fernando De Noronha","Brasil",
"Rattus rattus","PLW","Rattus rattus (Linnaeus, 1758)","Muridae",,"Rattus","rattus","Linnaeus, 1758","Mamífero","Exôtica","Parque Nacional Marinho De Fernando De Noronha","Brasil",
"Rhinella diptycha","5Q2N","Rhinella diptycha (Cope, 1862)","Bufonidae",,"Rhinella","diptycha","Cope, 1862","Anfíbio","Exôtica","Parque Nacional Marinho De Fernando De Noronha","Brasil",
"Salvator merianae","7PQD","Salvator merianae (Duméril & Bibron, 1839)","Teiidae",,"Salvator","merianae","Duméril & Bibron, 1839","Réptil","Exôtica","Parque Nacional Marinho De Fernando De Noronha","Brasil",
"Scinax x-signatus","GLYR","Scinax x-signatus (Spix, 1824)","Hylidae",,"Scinax","x-signatus","Spix, 1824","Anfíbio","Exôtica","Parque Nacional Marinho De Fernando De Noronha","Brasil",
"Wasmannia auropunctata","CGR5","Wasmannia auropunctata (Roger, 1863)","Formicidae",,"Wasmannia","auropunctata","Roger, 1863","Invertebrado","Exôtica","Parque Nacional Marinho De Fernando De Noronha","Brasil",
"Tubastraea coccinea","8RWW","Tubastraea coccinea Lesson, 1829","Dendrophylliidae",,"Tubastraea","coccinea","Lesson, 1829","Invertebrado","Exôtica","Parque Nacional Marinho Das Ilhas Dos Currais","Brasil",
"Tubastraea tagusensis","5CZQ","Tubastraea tagusensis (Wells, 1982)","Dendrophylliidae",,"Tubastraea","tagusensis","Wells, 1982","Invertebrado","Exôtica","Parque Nacional Marinho Das Ilhas Dos Currais","Brasil",
"Hemidactylus mabouia","169156","Hemidactylus mabouia","Gekkonidae",,"Hemidactylus","mabouia","Moreau De Jonnès, 1818","Réptil","Exôtica","Parque Nacional Marinho Dos Abrolhos","Brasil",
"Passer domesticus","67TW","Passer domesticus (Linnaeus, 1758)","Passeridae",,"Passer","domesticus","Linnaeus, 1758","Ave","Exôtica","Parque Nacional Marinho Dos Abrolhos","Brasil",
"Rattus norvegicus","9VMW","Rattus norvegicus (Berkenhout, 1769)","Muridae",,"Rattus","norvegicus","Berkenhout, 1769","Mamífero","Exôtica","Parque Nacional Marinho Dos Abrolhos","Brasil",
"Rattus rattus","PLW","Rattus rattus (Linnaeus, 1758)","Muridae",,"Rattus","rattus","Linnaeus, 1758","Mamífero","Exôtica","Parque Nacional Marinho Dos Abrolhos","Brasil",
"Mus musculus","7LDV","Mus musculus (Linnaeus, 1758)","Muridae",,"Mus","musculus","Linnaeus, 1758","Mamífero","Exôtica","Parque Nacional Montanhas Do Tumucumaque","Brasil",
"Rattus norvegicus","9VMW","Rattus norvegicus (Berkenhout, 1769)","Muridae",,"Rattus","norvegicus","Berkenhout, 1769","Mamífero","Exôtica","Parque Nacional Montanhas Do Tumucumaque","Brasil",
"Rattus rattus","PLW","Rattus rattus (Linnaeus, 1758)","Muridae",,"Rattus","rattus","Linnaeus, 1758","Mamífero","Exôtica","Parque Nacional Montanhas Do Tumucumaque","Brasil",
"Hemidactylus mabouia","169156","Hemidactylus mabouia","Gekkonidae",,"Hemidactylus","mabouia","Moreau De Jonnès, 1818","Réptil","Exôtica","Parque Nacional Nascentes Do Lago Jari","Brasil",
"Apis mellifera","CLCS","Apis mellifera Linnaeus, 1758","Apidae",,"Apis","mellifera","Linnaeus, 1758","Invertebrado","Exôtica","Parque Nacional Do Pau Brasil","Brasil",
"Bradybaena similaris","3ZQZ","Bradybaena similaris (Férussac, 1821)","Camaenidae",,"Bradybaena","similaris","Férussac, 1821","Invertebrado","Exôtica","Parque Nacional Do Pau Brasil","Brasil",
"Bubulcus ibis","FSLC","Bubulcus ibis (Linnaeus, 1758)","Ardeidae",,"Bubulcus","ibis","Bonaparte, 1855","Ave","Exôtica","Parque Nacional Do Pau Brasil","Brasil",
"Canis familiaris","64X","Canis lupus Linnaeus, 1758","Canidae",,"Canis","familiaris","Linnaeus, 1758","Mamífero","Exôtica","Parque Nacional Do Pau Brasil","Brasil",
"Estrilda astrild","BBX","Estrilda astrild (Linnaeus, 1758)","Estrildidae",,"Estrilda","astrild","Linnaeus, 1758","Ave","Exôtica","Parque Nacional Do Pau Brasil","Brasil",
"Hemidactylus mabouia","169156","Hemidactylus mabouia","Gekkonidae",,"Hemidactylus","mabouia","Moreau De Jonnès, 1818","Réptil","Exôtica","Parque Nacional Do Pau Brasil","Brasil",
"Mus musculus","7LDV","Mus musculus (Linnaeus, 1758)","Muridae",,"Mus","musculus","Linnaeus, 1758","Mamífero","Exôtica","Parque Nacional Do Pau Brasil","Brasil",
"Passer domesticus","67TW","Passer domesticus (Linnaeus, 1758)","Passeridae",,"Passer","domesticus","Linnaeus, 1758","Ave","Exôtica","Parque Nacional Do Pau Brasil","Brasil",
"Rattus rattus","PLW","Rattus rattus (Linnaeus, 1758)","Muridae",,"Rattus","rattus","Linnaeus, 1758","Mamífero","Exôtica","Parque Nacional Do Pau Brasil","Brasil",
"Bubulcus ibis","FSLC","Bubulcus ibis (Linnaeus, 1758)","Ardeidae",,"Bubulcus","ibis","Bonaparte, 1855","Ave","Exôtica","Parque Nacional Restinga De Jurubatiba","Brasil",
"Callithrix jacchus","F69M","Callithrix jacchus (Linnaeus, 1758)","Cebidae",,"Callithrix","jacchus","Linnaeus, 1758","Mamífero","Exôtica","Parque Nacional Restinga De Jurubatiba","Brasil",
"Columba livia","H7T8","Columba livia Gmelin, 1789","Columbidae",,"Columba","livia","Gmelin, 1789","Ave","Exôtica","Parque Nacional Restinga De Jurubatiba","Brasil",
"Coptodon rendalli","8N4N","Coptodon rendalli (Boulenger, 1897)","Cichlidae",,"Coptodon","rendalli","Boulenger, 1897","Peixe","Exôtica","Parque Nacional Restinga De Jurubatiba","Brasil",
"Estrilda astrild","BBX","Estrilda astrild (Linnaeus, 1758)","Estrildidae",,"Estrilda","astrild","Linnaeus, 1758","Ave","Exôtica","Parque Nacional Restinga De Jurubatiba","Brasil",
"Hemidactylus mabouia","169156","Hemidactylus mabouia","Gekkonidae",,"Hemidactylus","mabouia","Moreau De Jonnès, 1818","Réptil","Exôtica","Parque Nacional Restinga De Jurubatiba","Brasil",
"Metynnis lippincottianus","3956","Metynnis lippincottianus (Cope, 1870)","Serrasalmidae",,"Metynnis","lippincottianus","Cope, 1870","Peixe","Exôtica","Parque Nacional Restinga De Jurubatiba","Brasil",
"Mus musculus","7LDV","Mus musculus (Linnaeus, 1758)","Muridae",,"Mus","musculus","Linnaeus, 1758","Mamífero","Exôtica","Parque Nacional Restinga De Jurubatiba","Brasil",
"Passer domesticus","67TW","Passer domesticus (Linnaeus, 1758)","Passeridae",,"Passer","domesticus","Linnaeus, 1758","Ave","Exôtica","Parque Nacional Restinga De Jurubatiba","Brasil",
"Rattus rattus","PLW","Rattus rattus (Linnaeus, 1758)","Muridae",,"Rattus","rattus","Linnaeus, 1758","Mamífero","Exôtica","Parque Nacional Restinga De Jurubatiba","Brasil",
"Sus scrofa","7GXB","Sus scrofa Linnaeus, 1758","Suidae",,"Sus","scrofa","Linnaeus, 1758","Mamífero","Exôtica","Parque Nacional Restinga De Jurubatiba","Brasil",
"Apis mellifera","CLCS","Apis mellifera Linnaeus, 1758","Apidae",,"Apis","mellifera","Linnaeus, 1758","Invertebrado","Exôtica","Parque Nacional Da Serra Das Confusões","Brasil",
"Passer domesticus","67TW","Passer domesticus (Linnaeus, 1758)","Passeridae",,"Passer","domesticus","Linnaeus, 1758","Ave","Exôtica","Parque Nacional Da Serra Das Confusões","Brasil",
"Sus scrofa","7GXB","Sus scrofa Linnaeus, 1758","Suidae",,"Sus","scrofa","Linnaeus, 1758","Mamífero","Exôtica","Parque Nacional Da Serra Das Confusões","Brasil",
"Apis mellifera","CLCS","Apis mellifera Linnaeus, 1758","Apidae",,"Apis","mellifera","Linnaeus, 1758","Invertebrado","Exôtica","Refúgio Da Vida Silvestre Da Ararinha Azul","Brasil",
"Equus asinus","8Q4B","Equus asinus Linnaeus, 1758","Equidae",,"Equus","asinus","Linnaeus, 1758","Mamífero","Exôtica","Refúgio Da Vida Silvestre Da Ararinha Azul","Brasil",
"Mus musculus","7LDV","Mus musculus (Linnaeus, 1758)","Muridae",,"Mus","musculus","Linnaeus, 1758","Mamífero","Exôtica","Refúgio De Vida Silvestre De Santa Cruz","Brasil",
"Rattus rattus","PLW","Rattus rattus (Linnaeus, 1758)","Muridae",,"Rattus","rattus","Linnaeus, 1758","Mamífero","Exôtica","Refúgio De Vida Silvestre De Santa Cruz","Brasil",
"Ciona intestinalis","120745","Ciona intestinalis","Cionidae",,"Ciona","intestinalis","Linnaeus, 1767","Invertebrado","Exôtica","Refúgio De Vida Silvestre Do Arquipélago De Alcatrazes","Brasil",
"Isognomon bicolor","CGPC","Isognomon bicolor (Adams, 1845)","Isognomonidae",,"Isognomon","bicolor","C. B. Adams, 1845","Invertebrado","Exôtica","Refúgio De Vida Silvestre Do Arquipélago De Alcatrazes","Brasil",
"Leiosolenus aristatus","HGC6","Leiosolenus aristatus (Dillwyn, 1817)","Mytilidae",,"Leiosolenus","aristatus","Dillwyn, 1817","Invertebrado","Exôtica","Refúgio De Vida Silvestre Do Arquipélago De Alcatrazes","Brasil",
"Schizoporella errata","ZFY","Schizoporella errata (Waters, 1878)","Schizoporellidae",,"Schizoporella","errata","Waters, 1878","Invertebrado","Exôtica","Refúgio De Vida Silvestre Do Arquipélago De Alcatrazes","Brasil",
"Styela plicata","DXBL","Styela plicata (Lesueur, 1823)","Styelidae",,"Styela","plicata","Lesueur, 1823","Invertebrado","Exôtica","Refúgio De Vida Silvestre Do Arquipélago De Alcatrazes","Brasil",
"Tubastraea coccinea","8RWW","Tubastraea coccinea Lesson, 1829","Dendrophylliidae",,"Tubastraea","coccinea","Lesson, 1829","Invertebrado","Exôtica","Refúgio De Vida Silvestre Do Arquipélago De Alcatrazes","Brasil",
"Tubastraea tagusensis","5CZQ","Tubastraea tagusensis (Wells, 1982)","Dendrophylliidae",,"Tubastraea","tagusensis","Wells, 1982","Invertebrado","Exôtica","Refúgio De Vida Silvestre Do Arquipélago De Alcatrazes","Brasil",
"Bubulcus ibis","FSLC","Bubulcus ibis (Linnaeus, 1758)","Ardeidae",,"Bubulcus","ibis","Bonaparte, 1855","Ave","Exôtica","Refúgio De Vida Silvestre Dos Campos De Palmas","Brasil",
"Lepus europaeus","J262","Lepus europaeus Pallas, 1778","Leporidae",,"Lepus","europaeus","Pallas, 1778","Mamífero","Exôtica","Refúgio De Vida Silvestre Dos Campos De Palmas","Brasil",
"Aquarana catesbeiana","GBSR","Aquarana catesbeiana (Shaw, 1802)","Ranidae",,"Aquarana","catesbeiana","Shaw, 1802","Anfíbio","Exôtica","Refúgio De Vida Silvestre Dos Campos De Palmas","Brasil",
"Mus musculus","7LDV","Mus musculus (Linnaeus, 1758)","Muridae",,"Mus","musculus","Linnaeus, 1758","Mamífero","Exôtica","Refúgio De Vida Silvestre Dos Campos De Palmas","Brasil",
"Rattus norvegicus","9VMW","Rattus norvegicus (Berkenhout, 1769)","Muridae",,"Rattus","norvegicus","Berkenhout, 1769","Mamífero","Exôtica","Refúgio De Vida Silvestre Dos Campos De Palmas","Brasil",
"Rattus rattus","PLW","Rattus rattus (Linnaeus, 1758)","Muridae",,"Rattus","rattus","Linnaeus, 1758","Mamífero","Exôtica","Refúgio De Vida Silvestre Dos Campos De Palmas","Brasil",
"Sus scrofa","7GXB","Sus scrofa Linnaeus, 1758","Suidae",,"Sus","scrofa","Linnaeus, 1758","Mamífero","Exôtica","Refúgio De Vida Silvestre Dos Campos De Palmas","Brasil",
"Hemidactylus mabouia","169156","Hemidactylus mabouia","Gekkonidae",,"Hemidactylus","mabouia","Moreau De Jonnès, 1818","Réptil","Exôtica","Reserva Biológica Do Atol Das Rocas","Brasil",
"Isognomon bicolor","CGPC","Isognomon bicolor (Adams, 1845)","Isognomonidae",,"Isognomon","bicolor","C. B. Adams, 1845","Invertebrado","Exôtica","Reserva Biológica Do Atol Das Rocas","Brasil",
"Mus musculus","7LDV","Mus musculus (Linnaeus, 1758)","Muridae",,"Mus","musculus","Linnaeus, 1758","Mamífero","Exôtica","Reserva Biológica Do Atol Das Rocas","Brasil",
"Passer domesticus","67TW","Passer domesticus (Linnaeus, 1758)","Passeridae",,"Passer","domesticus","Linnaeus, 1758","Ave","Exôtica","Reserva Biológica Do Atol Das Rocas","Brasil",
"Pterois volitans","928L","Pterois volitans (Linnaeus, 1758)","Scorpaenidae",,"Pterois","volitans","Linnaeus, 1758","Peixe","Exôtica","Reserva Biológica Do Atol Das Rocas","Brasil",
"Apis mellifera","CLCS","Apis mellifera Linnaeus, 1758","Apidae",,"Apis","mellifera","Linnaeus, 1758","Invertebrado","Exôtica","Reserva Biológica Augusto Ruschi","Brasil",
"Callithrix penicillata","J7TH","Callithrix penicillata (Geoffroy, 1812)","Cebidae",,"Callithrix","penicillata","Geoffroy, 1812","Mamífero","Exôtica","Reserva Biológica Augusto Ruschi","Brasil",
"Clarias gariepinus","C9HL","Clarias gariepinus (Burchell, 1822)","Clariidae",,"Clarias","gariepinus","Burchell, 1822","Peixe","Exôtica","Reserva Biológica Augusto Ruschi","Brasil",
"Hemidactylus mabouia","169156","Hemidactylus mabouia","Gekkonidae",,"Hemidactylus","mabouia","Moreau De Jonnès, 1818","Réptil","Exôtica","Reserva Biológica Augusto Ruschi","Brasil",
"Mus musculus","7LDV","Mus musculus (Linnaeus, 1758)","Muridae",,"Mus","musculus","Linnaeus, 1758","Mamífero","Exôtica","Reserva Biológica Augusto Ruschi","Brasil",
"Oreochromis niloticus","SJM","Oreochromis niloticus (Linnaeus, 1758)","Cichlidae",,"Oreochromis","niloticus","Linnaeus, 1758","Peixe","Exôtica","Reserva Biológica Augusto Ruschi","Brasil",
"Poecilia reticulata","5MWZ","Poecilia reticulata (Peters, 1859)","Poeciliidae",,"Poecilia","reticulata","Peters, 1859","Peixe","Exôtica","Reserva Biológica Augusto Ruschi","Brasil",
"Rattus norvegicus","9VMW","Rattus norvegicus (Berkenhout, 1769)","Muridae",,"Rattus","norvegicus","Berkenhout, 1769","Mamífero","Exôtica","Reserva Biológica Augusto Ruschi","Brasil",
"Sus scrofa","7GXB","Sus scrofa Linnaeus, 1758","Suidae",,"Sus","scrofa","Linnaeus, 1758","Mamífero","Exôtica","Reserva Biológica Bom Jesus","Brasil",
"Apis mellifera","CLCS","Apis mellifera Linnaeus, 1758","Apidae",,"Apis","mellifera","Linnaeus, 1758","Invertebrado","Exôtica","Reserva Biológica Da Contagem","Brasil",
"Columba livia","H7T8","Columba livia Gmelin, 1789","Columbidae",,"Columba","livia","Gmelin, 1789","Ave","Exôtica","Reserva Biológica Da Contagem","Brasil",
"Mus musculus","7LDV","Mus musculus (Linnaeus, 1758)","Muridae",,"Mus","musculus","Linnaeus, 1758","Mamífero","Exôtica","Reserva Biológica Da Contagem","Brasil",
"Passer domesticus","67TW","Passer domesticus (Linnaeus, 1758)","Passeridae",,"Passer","domesticus","Linnaeus, 1758","Ave","Exôtica","Reserva Biológica Da Contagem","Brasil",
"Rattus norvegicus","9VMW","Rattus norvegicus (Berkenhout, 1769)","Muridae",,"Rattus","norvegicus","Berkenhout, 1769","Mamífero","Exôtica","Reserva Biológica Da Contagem","Brasil",
"Rattus rattus","PLW","Rattus rattus (Linnaeus, 1758)","Muridae",,"Rattus","rattus","Linnaeus, 1758","Mamífero","Exôtica","Reserva Biológica Da Contagem","Brasil",
"Clarias gariepinus","C9HL","Clarias gariepinus (Burchell, 1822)","Clariidae",,"Clarias","gariepinus","Burchell, 1822","Peixe","Exôtica","Reserva Biológica Das Araucárias","Brasil",
"Coptodon rendalli","8N4N","Coptodon rendalli (Boulenger, 1897)","Cichlidae",,"Coptodon","rendalli","Boulenger, 1897","Peixe","Exôtica","Reserva Biológica Das Araucárias","Brasil",
"Cyprinus carpio","4XPM","Cyprinus carpio Linnaeus, 1758","Cyprinidae",,"Cyprinus","carpio","Linnaeus, 1758","Peixe","Exôtica","Reserva Biológica Das Araucárias","Brasil",
"Lepus europaeus","J262","Lepus europaeus Pallas, 1778","Leporidae",,"Lepus","europaeus","Pallas, 1778","Mamífero","Exôtica","Reserva Biológica Das Araucárias","Brasil",
"Mus musculus","7LDV","Mus musculus (Linnaeus, 1758)","Muridae",,"Mus","musculus","Linnaeus, 1758","Mamífero","Exôtica","Reserva Biológica Das Araucárias","Brasil",
"Oreochromis niloticus","SJM","Oreochromis niloticus (Linnaeus, 1758)","Cichlidae",,"Oreochromis","niloticus","Linnaeus, 1758","Peixe","Exôtica","Reserva Biológica Das Araucárias","Brasil",
"Sus scrofa","7GXB","Sus scrofa Linnaeus, 1758","Suidae",,"Sus","scrofa","Linnaeus, 1758","Mamífero","Exôtica","Reserva Biológica Das Araucárias","Brasil",
"Apis mellifera","CLCS","Apis mellifera Linnaeus, 1758","Apidae",,"Apis","mellifera","Linnaeus, 1758","Invertebrado","Exôtica","Reserva Biológica Das Perobas","Brasil",
"Lepus europaeus","J262","Lepus europaeus Pallas, 1778","Leporidae",,"Lepus","europaeus","Pallas, 1778","Mamífero","Exôtica","Reserva Biológica Das Perobas","Brasil",
"Aquarana catesbeiana","GBSR","Aquarana catesbeiana (Shaw, 1802)","Ranidae",,"Aquarana","catesbeiana","Shaw, 1802","Anfíbio","Exôtica","Reserva Biológica Das Perobas","Brasil",
"Oreochromis niloticus","SJM","Oreochromis niloticus (Linnaeus, 1758)","Cichlidae",,"Oreochromis","niloticus","Linnaeus, 1758","Peixe","Exôtica","Reserva Biológica Das Perobas","Brasil",
"Poecilia reticulata","5MWZ","Poecilia reticulata (Peters, 1859)","Poeciliidae",,"Poecilia","reticulata","Peters, 1859","Peixe","Exôtica","Reserva Biológica Das Perobas","Brasil",
"Sus scrofa","7GXB","Sus scrofa Linnaeus, 1758","Suidae",,"Sus","scrofa","Linnaeus, 1758","Mamífero","Exôtica","Reserva Biológica Das Perobas","Brasil",
"Zaprionus indianus","945L","Zaprionus indianus Gupta, 1970","Drosophilidae",,"Zaprionus","indianus","Gupta, 1970","Invertebrado","Exôtica","Reserva Biológica Das Perobas","Brasil",
"Bubulcus ibis","FSLC","Bubulcus ibis (Linnaeus, 1758)","Ardeidae",,"Bubulcus","ibis","Bonaparte, 1855","Ave","Exôtica","Reserva Biológica De Comboios","Brasil",
"Lissachatina fulica","CWMT","Lissachatina fulica (Férussac, 1821)","Achatinidae",,"Lissachatina","fulica","Bowdich, 1822","Invertebrado","Exôtica","Reserva Biológica De Comboios","Brasil",
"Passer domesticus","67TW","Passer domesticus (Linnaeus, 1758)","Passeridae",,"Passer","domesticus","Linnaeus, 1758","Ave","Exôtica","Reserva Biológica De Comboios","Brasil",
"Hemidactylus mabouia","169156","Hemidactylus mabouia","Gekkonidae",,"Hemidactylus","mabouia","Moreau De Jonnès, 1818","Réptil","Exôtica","Reserva Biológica De Pedra Talhada","Brasil",
"Bubulcus ibis","FSLC","Bubulcus ibis (Linnaeus, 1758)","Ardeidae",,"Bubulcus","ibis","Bonaparte, 1855","Ave","Exôtica","Reserva Biológica De Poço Das Antas","Brasil",
"Callithrix jacchus","F69M","Callithrix jacchus (Linnaeus, 1758)","Cebidae",,"Callithrix","jacchus","Linnaeus, 1758","Mamífero","Exôtica","Reserva Biológica De Poço Das Antas","Brasil",
"Callithrix penicillata","J7TH","Callithrix penicillata (Geoffroy, 1812)","Cebidae",,"Callithrix","penicillata","Geoffroy, 1812","Mamífero","Exôtica","Reserva Biológica De Poço Das Antas","Brasil",
"Clarias gariepinus","C9HL","Clarias gariepinus (Burchell, 1822)","Clariidae",,"Clarias","gariepinus","Burchell, 1822","Peixe","Exôtica","Reserva Biológica De Poço Das Antas","Brasil",
"Columba livia","H7T8","Columba livia Gmelin, 1789","Columbidae",,"Columba","livia","Gmelin, 1789","Ave","Exôtica","Reserva Biológica De Poço Das Antas","Brasil",
"Estrilda astrild","BBX","Estrilda astrild (Linnaeus, 1758)","Estrildidae",,"Estrilda","astrild","Linnaeus, 1758","Ave","Exôtica","Reserva Biológica De Poço Das Antas","Brasil",
"Lissachatina fulica","CWMT","Lissachatina fulica (Férussac, 1821)","Achatinidae",,"Lissachatina","fulica","Bowdich, 1822","Invertebrado","Exôtica","Reserva Biológica De Poço Das Antas","Brasil",
"Mus musculus","7LDV","Mus musculus (Linnaeus, 1758)","Muridae",,"Mus","musculus","Linnaeus, 1758","Mamífero","Exôtica","Reserva Biológica De Poço Das Antas","Brasil",
"Oreochromis niloticus","SJM","Oreochromis niloticus (Linnaeus, 1758)","Cichlidae",,"Oreochromis","niloticus","Linnaeus, 1758","Peixe","Exôtica","Reserva Biológica De Poço Das Antas","Brasil",
"Passer domesticus","67TW","Passer domesticus (Linnaeus, 1758)","Passeridae",,"Passer","domesticus","Linnaeus, 1758","Ave","Exôtica","Reserva Biológica De Poço Das Antas","Brasil",
"Rattus norvegicus","9VMW","Rattus norvegicus (Berkenhout, 1769)","Muridae",,"Rattus","norvegicus","Berkenhout, 1769","Mamífero","Exôtica","Reserva Biológica De Poço Das Antas","Brasil",
"Rattus rattus","PLW","Rattus rattus (Linnaeus, 1758)","Muridae",,"Rattus","rattus","Linnaeus, 1758","Mamífero","Exôtica","Reserva Biológica De Poço Das Antas","Brasil",
"Hemidactylus mabouia","169156","Hemidactylus mabouia","Gekkonidae",,"Hemidactylus","mabouia","Moreau De Jonnès, 1818","Réptil","Exôtica","Reserva Biológica De Saltinho","Brasil",
"Rattus norvegicus","9VMW","Rattus norvegicus (Berkenhout, 1769)","Muridae",,"Rattus","norvegicus","Berkenhout, 1769","Mamífero","Exôtica","Reserva Biológica De Saltinho","Brasil",
"Saimiri sp",,,,,"Saimiri","sp","NA","Mamífero","Exôtica","Reserva Biológica De Saltinho","Brasil",
"Apis mellifera","CLCS","Apis mellifera Linnaeus, 1758","Apidae",,"Apis","mellifera","Linnaeus, 1758","Invertebrado","Exôtica","Reserva Biológica De Santa Isabel","Brasil",
"Columba livia","H7T8","Columba livia Gmelin, 1789","Columbidae",,"Columba","livia","Gmelin, 1789","Ave","Exôtica","Reserva Biológica De Santa Isabel","Brasil",
"Hemidactylus mabouia","169156","Hemidactylus mabouia","Gekkonidae",,"Hemidactylus","mabouia","Moreau De Jonnès, 1818","Réptil","Exôtica","Reserva Biológica De Santa Isabel","Brasil",
"Mus musculus","7LDV","Mus musculus (Linnaeus, 1758)","Muridae",,"Mus","musculus","Linnaeus, 1758","Mamífero","Exôtica","Reserva Biológica De Santa Isabel","Brasil",
"Rattus norvegicus","9VMW","Rattus norvegicus (Berkenhout, 1769)","Muridae",,"Rattus","norvegicus","Berkenhout, 1769","Mamífero","Exôtica","Reserva Biológica De Santa Isabel","Brasil",
"Rattus rattus","PLW","Rattus rattus (Linnaeus, 1758)","Muridae",,"Rattus","rattus","Linnaeus, 1758","Mamífero","Exôtica","Reserva Biológica De Santa Isabel","Brasil",
"Apis mellifera","CLCS","Apis mellifera Linnaeus, 1758","Apidae",,"Apis","mellifera","Linnaeus, 1758","Invertebrado","Exôtica","Reserva Biológica De Sooretama","Brasil",
"Callithrix jacchus","F69M","Callithrix jacchus (Linnaeus, 1758)","Cebidae",,"Callithrix","jacchus","Linnaeus, 1758","Mamífero","Exôtica","Reserva Biológica De Sooretama","Brasil",
"Cichla kelberi","GQKB","Cichla kelberi Kullander & Ferreira, 2006","Cichlidae",,"Cichla","kelberi","Kullander & Ferreira, 2006","Peixe","Exôtica","Reserva Biológica De Sooretama","Brasil",
"Cichla monoculus","5V8Z","Cichla monoculus Spix & Agassiz, 1831","Cichlidae",,"Cichla","monoculus","Spix and Agassiz, 1831","Peixe","Exôtica","Reserva Biológica De Sooretama","Brasil",
"Clarias gariepinus","C9HL","Clarias gariepinus (Burchell, 1822)","Clariidae",,"Clarias","gariepinus","Burchell, 1822","Peixe","Exôtica","Reserva Biológica De Sooretama","Brasil",
"Coptodon rendalli","8N4N","Coptodon rendalli (Boulenger, 1897)","Cichlidae",,"Coptodon","rendalli","Boulenger, 1897","Peixe","Exôtica","Reserva Biológica De Sooretama","Brasil",
"Hemidactylus mabouia","169156","Hemidactylus mabouia","Gekkonidae",,"Hemidactylus","mabouia","Moreau De Jonnès, 1818","Réptil","Exôtica","Reserva Biológica De Sooretama","Brasil",
"Aquarana catesbeiana","GBSR","Aquarana catesbeiana (Shaw, 1802)","Ranidae",,"Aquarana","catesbeiana","Shaw, 1802","Anfíbio","Exôtica","Reserva Biológica De Sooretama","Brasil",
"Passer domesticus","67TW","Passer domesticus (Linnaeus, 1758)","Passeridae",,"Passer","domesticus","Linnaeus, 1758","Ave","Exôtica","Reserva Biológica De Sooretama","Brasil",
"Poecilia reticulata","5MWZ","Poecilia reticulata (Peters, 1859)","Poeciliidae",,"Poecilia","reticulata","Peters, 1859","Peixe","Exôtica","Reserva Biológica De Sooretama","Brasil",
"Pygocentrus nattereri","CFQB","Pygocentrus nattereri Kner, 1858","Serrasalmidae",,"Pygocentrus","nattereri","Kner, 1858","Peixe","Exôtica","Reserva Biológica De Sooretama","Brasil",
"Apis mellifera","CLCS","Apis mellifera Linnaeus, 1758","Apidae",,"Apis","mellifera","Linnaeus, 1758","Invertebrado","Exôtica","Reserva Biológica De Una","Brasil",
"Callithrix penicillata","J7TH","Callithrix penicillata (Geoffroy, 1812)","Cebidae",,"Callithrix","penicillata","Geoffroy, 1812","Mamífero","Exôtica","Reserva Biológica De Una","Brasil",
"Cichla monoculus","5V8Z","Cichla monoculus Spix & Agassiz, 1831","Cichlidae",,"Cichla","monoculus","Spix and Agassiz, 1831","Peixe","Exôtica","Reserva Biológica De Una","Brasil",
"Cichla temensis","YLT","Cichla temensis Humboldt, 1821","Cichlidae",,"Cichla","temensis","Humboldt, 1821","Peixe","Exôtica","Reserva Biológica De Una","Brasil",
"Coptodon rendalli","8N4N","Coptodon rendalli (Boulenger, 1897)","Cichlidae",,"Coptodon","rendalli","Boulenger, 1897","Peixe","Exôtica","Reserva Biológica De Una","Brasil",
"Mus musculus","7LDV","Mus musculus (Linnaeus, 1758)","Muridae",,"Mus","musculus","Linnaeus, 1758","Mamífero","Exôtica","Reserva Biológica De Una","Brasil",
"Poecilia reticulata","5MWZ","Poecilia reticulata (Peters, 1859)","Poeciliidae",,"Poecilia","reticulata","Peters, 1859","Peixe","Exôtica","Reserva Biológica De Una","Brasil",
"Rattus rattus","PLW","Rattus rattus (Linnaeus, 1758)","Muridae",,"Rattus","rattus","Linnaeus, 1758","Mamífero","Exôtica","Reserva Biológica De Una","Brasil",
"Bubulcus ibis","FSLC","Bubulcus ibis (Linnaeus, 1758)","Ardeidae",,"Bubulcus","ibis","Bonaparte, 1855","Ave","Exôtica","Reserva Biológica Do Abufari","Brasil",
"Hemidactylus mabouia","169156","Hemidactylus mabouia","Gekkonidae",,"Hemidactylus","mabouia","Moreau De Jonnès, 1818","Réptil","Exôtica","Reserva Biológica Do Abufari","Brasil",
"Apis mellifera","CLCS","Apis mellifera Linnaeus, 1758","Apidae",,"Apis","mellifera","Linnaeus, 1758","Invertebrado","Exôtica","Reserva Biológica Do Córrego Do Veado","Brasil",
"Hemidactylus mabouia","169156","Hemidactylus mabouia","Gekkonidae",,"Hemidactylus","mabouia","Moreau De Jonnès, 1818","Réptil","Exôtica","Reserva Biológica Do Córrego Do Veado","Brasil",
"Arapaima gigas","260084","Arapaima gigas","Arapaimidae",,"Arapaima","gigas","Schinz, 1822","Peixe","Exôtica","Reserva Biológica Do Guaporé","Brasil",
"Bubalus bubalis","7N9G","Bubalus bubalis Linnaeus, 1758","Bovidae",,"Bubalus","bubalis","Linnaeus, 1758","Mamífero","Exôtica","Reserva Biológica Do Guaporé","Brasil",
"Bubulcus ibis","FSLC","Bubulcus ibis (Linnaeus, 1758)","Ardeidae",,"Bubulcus","ibis","Bonaparte, 1855","Ave","Exôtica","Reserva Biológica Do Guaporé","Brasil",
"Passer domesticus","67TW","Passer domesticus (Linnaeus, 1758)","Passeridae",,"Passer","domesticus","Linnaeus, 1758","Ave","Exôtica","Reserva Biológica Do Gurupi","Brasil",
"Acestrorhynchus pantaneiro ","4VWB","Acestrorhynchus pantaneiro Menezes, 1992","Acestrorhynchidae",,"Acestrorhynchus","pantaneiro","Menezes, 1992","Peixe","Exôtica","Reserva Biológica Do Jaru","Brasil",
"Bubalus bubalis","7N9G","Bubalus bubalis Linnaeus, 1758","Bovidae",,"Bubalus","bubalis","Linnaeus, 1758","Mamífero","Exôtica","Reserva Biológica Do Lago Piratuba","Brasil",
"Bubulcus ibis","FSLC","Bubulcus ibis (Linnaeus, 1758)","Ardeidae",,"Bubulcus","ibis","Bonaparte, 1855","Ave","Exôtica","Reserva Biológica Do Lago Piratuba","Brasil",
"Hemidactylus mabouia","169156","Hemidactylus mabouia","Gekkonidae",,"Hemidactylus","mabouia","Moreau De Jonnès, 1818","Réptil","Exôtica","Reserva Biológica Do Rio Trombetas","Brasil",
"Rattus rattus","PLW","Rattus rattus (Linnaeus, 1758)","Muridae",,"Rattus","rattus","Linnaeus, 1758","Mamífero","Exôtica","Reserva Biológica Do Rio Trombetas","Brasil",
"Callithrix jacchus","F69M","Callithrix jacchus (Linnaeus, 1758)","Cebidae",,"Callithrix","jacchus","Linnaeus, 1758","Mamífero","Exôtica","Reserva Biológica Do Tinguá","Brasil",
"Callithrix penicillata","J7TH","Callithrix penicillata (Geoffroy, 1812)","Cebidae",,"Callithrix","penicillata","Geoffroy, 1812","Mamífero","Exôtica","Reserva Biológica Do Tinguá","Brasil",
"Callithrix sp",,,,,"Callithrix","sp","NA","Mamífero","Exôtica","Reserva Biológica Do Tinguá","Brasil",
"Cichla kelberi","GQKB","Cichla kelberi Kullander & Ferreira, 2006","Cichlidae",,"Cichla","kelberi","Kullander & Ferreira, 2006","Peixe","Exôtica","Reserva Biológica Do Tinguá","Brasil",
"Cichla ocellaris","8PT4","Cichla ocellaris Bloch & Schneider, 1801","Cichlidae",,"Cichla","ocellaris","Bloch & Schneider, 1801","Peixe","Exôtica","Reserva Biológica Do Tinguá","Brasil",
"Coptodon rendalli","8N4N","Coptodon rendalli (Boulenger, 1897)","Cichlidae",,"Coptodon","rendalli","Boulenger, 1897","Peixe","Exôtica","Reserva Biológica Do Tinguá","Brasil",
"Estrilda astrild","BBX","Estrilda astrild (Linnaeus, 1758)","Estrildidae",,"Estrilda","astrild","Linnaeus, 1758","Ave","Exôtica","Reserva Biológica Do Tinguá","Brasil",
"Felis catus","3TCH","Felis catus Linnaeus, 1758","Felidae",,"Felis","catus","Linnaeus, 1758","Mamífero","Exôtica","Reserva Biológica Do Tinguá","Brasil",
"Hemidactylus mabouia","169156","Hemidactylus mabouia","Gekkonidae",,"Hemidactylus","mabouia","Moreau De Jonnès, 1818","Réptil","Exôtica","Reserva Biológica Do Tinguá","Brasil",
"Passer domesticus","67TW","Passer domesticus (Linnaeus, 1758)","Passeridae",,"Passer","domesticus","Linnaeus, 1758","Ave","Exôtica","Reserva Biológica Do Tinguá","Brasil",
"Phalloceros caudimaculatus reticulatus",,,,,"Phalloceros","caudimaculatus","Hensel, 1868","Peixe","Exôtica","Reserva Biológica Do Tinguá","Brasil","reticulatus"
"Poecilia reticulata","5MWZ","Poecilia reticulata (Peters, 1859)","Poeciliidae",,"Poecilia","reticulata","Peters, 1859","Peixe","Exôtica","Reserva Biológica Do Tinguá","Brasil",
"Rattus norvegicus","9VMW","Rattus norvegicus (Berkenhout, 1769)","Muridae",,"Rattus","norvegicus","Berkenhout, 1769","Mamífero","Exôtica","Reserva Biológica Do Tinguá","Brasil",
"Rattus rattus","PLW","Rattus rattus (Linnaeus, 1758)","Muridae",,"Rattus","rattus","Linnaeus, 1758","Mamífero","Exôtica","Reserva Biológica Do Tinguá","Brasil",
"Xiphophorus maculatus","B2G6","Xiphophorus maculatus (Günther, 1866)","Poeciliidae",,"Xiphophorus","maculatus","Günther, 1866","Peixe","Exôtica","Reserva Biológica Do Tinguá","Brasil",
"Hemidactylus mabouia","169156","Hemidactylus mabouia","Gekkonidae",,"Hemidactylus","mabouia","Moreau De Jonnès, 1818","Réptil","Exôtica","Reserva Biológica Guaribas","Brasil",
"Mus musculus","7LDV","Mus musculus (Linnaeus, 1758)","Muridae",,"Mus","musculus","Linnaeus, 1758","Mamífero","Exôtica","Reserva Biológica Guaribas","Brasil",
"Passer domesticus","67TW","Passer domesticus (Linnaeus, 1758)","Passeridae",,"Passer","domesticus","Linnaeus, 1758","Ave","Exôtica","Reserva Biológica Guaribas","Brasil",
"Rattus norvegicus","9VMW","Rattus norvegicus (Berkenhout, 1769)","Muridae",,"Rattus","norvegicus","Berkenhout, 1769","Mamífero","Exôtica","Reserva Biológica Guaribas","Brasil",
"Rattus rattus","PLW","Rattus rattus (Linnaeus, 1758)","Muridae",,"Rattus","rattus","Linnaeus, 1758","Mamífero","Exôtica","Reserva Biológica Guaribas","Brasil",
"Charybdis hellerii","BR3D","Charybdis helerii A. Milne-Edwards, 1867","Portunidae",,"Charybdis","hellerii","Milne Edwards, 1867","Invertebrado","Exôtica","Reserva Biológica Marinha Do Arvoredo","Brasil",
"Hemidactylus mabouia","169156","Hemidactylus mabouia","Gekkonidae",,"Hemidactylus","mabouia","Moreau De Jonnès, 1818","Réptil","Exôtica","Reserva Biológica Marinha Do Arvoredo","Brasil",
"Isognomon bicolor","CGPC","Isognomon bicolor (Adams, 1845)","Isognomonidae",,"Isognomon","bicolor","C. B. Adams, 1845","Invertebrado","Exôtica","Reserva Biológica Marinha Do Arvoredo","Brasil",
"Schizoporella errata","ZFY","Schizoporella errata (Waters, 1878)","Schizoporellidae",,"Schizoporella","errata","Waters, 1878","Invertebrado","Exôtica","Reserva Biológica Marinha Do Arvoredo","Brasil",
"Tubastraea coccinea","8RWW","Tubastraea coccinea Lesson, 1829","Dendrophylliidae",,"Tubastraea","coccinea","Lesson, 1829","Invertebrado","Exôtica","Reserva Biológica Marinha Do Arvoredo","Brasil",
"Mus musculus","7LDV","Mus musculus (Linnaeus, 1758)","Muridae",,"Mus","musculus","Linnaeus, 1758","Mamífero","Exôtica","Reserva Biológica Nascentes Serra Do Cachimbo","Brasil",
"Rattus rattus","PLW","Rattus rattus (Linnaeus, 1758)","Muridae",,"Rattus","rattus","Linnaeus, 1758","Mamífero","Exôtica","Reserva Biológica Nascentes Serra Do Cachimbo","Brasil",
"Callithrix jacchus","F69M","Callithrix jacchus (Linnaeus, 1758)","Cebidae",,"Callithrix","jacchus","Linnaeus, 1758","Mamífero","Exôtica","Reserva Biológica União","Brasil",
"Callithrix penicillata","J7TH","Callithrix penicillata (Geoffroy, 1812)","Cebidae",,"Callithrix","penicillata","Geoffroy, 1812","Mamífero","Exôtica","Reserva Biológica União","Brasil",
"Hemidactylus mabouia","169156","Hemidactylus mabouia","Gekkonidae",,"Hemidactylus","mabouia","Moreau De Jonnès, 1818","Réptil","Exôtica","Reserva Biológica União","Brasil",
"Lissachatina fulica","CWMT","Lissachatina fulica (Férussac, 1821)","Achatinidae",,"Lissachatina","fulica","Bowdich, 1822","Invertebrado","Exôtica","Reserva Biológica União","Brasil",
"Mus musculus","7LDV","Mus musculus (Linnaeus, 1758)","Muridae",,"Mus","musculus","Linnaeus, 1758","Mamífero","Exôtica","Reserva Biológica União","Brasil",
"Passer domesticus","67TW","Passer domesticus (Linnaeus, 1758)","Passeridae",,"Passer","domesticus","Linnaeus, 1758","Ave","Exôtica","Reserva Biológica União","Brasil",
"Rattus rattus","PLW","Rattus rattus (Linnaeus, 1758)","Muridae",,"Rattus","rattus","Linnaeus, 1758","Mamífero","Exôtica","Reserva Biológica União","Brasil",
"Apis mellifera","CLCS","Apis mellifera Linnaeus, 1758","Apidae",,"Apis","mellifera","Linnaeus, 1758","Invertebrado","Exôtica","Reserva Extrativista Acaú-Goiana","Brasil",
"Bradybaena similaris","3ZQZ","Bradybaena similaris (Férussac, 1821)","Camaenidae",,"Bradybaena","similaris","Férussac, 1821","Invertebrado","Exôtica","Reserva Extrativista Acaú-Goiana","Brasil",
"Clarias gariepinus","C9HL","Clarias gariepinus (Burchell, 1822)","Clariidae",,"Clarias","gariepinus","Burchell, 1822","Peixe","Exôtica","Reserva Extrativista Acaú-Goiana","Brasil",
"Columba livia","H7T8","Columba livia Gmelin, 1789","Columbidae",,"Columba","livia","Gmelin, 1789","Ave","Exôtica","Reserva Extrativista Acaú-Goiana","Brasil",
"Coptodon rendalli","8N4N","Coptodon rendalli (Boulenger, 1897)","Cichlidae",,"Coptodon","rendalli","Boulenger, 1897","Peixe","Exôtica","Reserva Extrativista Acaú-Goiana","Brasil",
"Estrilda astrild","BBX","Estrilda astrild (Linnaeus, 1758)","Estrildidae",,"Estrilda","astrild","Linnaeus, 1758","Ave","Exôtica","Reserva Extrativista Acaú-Goiana","Brasil",
"Lissachatina fulica","CWMT","Lissachatina fulica (Férussac, 1821)","Achatinidae",,"Lissachatina","fulica","Bowdich, 1822","Invertebrado","Exôtica","Reserva Extrativista Acaú-Goiana","Brasil",
"Mus musculus","7LDV","Mus musculus (Linnaeus, 1758)","Muridae",,"Mus","musculus","Linnaeus, 1758","Mamífero","Exôtica","Reserva Extrativista Acaú-Goiana","Brasil",
"Passer domesticus","67TW","Passer domesticus (Linnaeus, 1758)","Passeridae",,"Passer","domesticus","Linnaeus, 1758","Ave","Exôtica","Reserva Extrativista Acaú-Goiana","Brasil",
"Penaeus monodon","3NVC","Penaeus monodon Fabricius, 1798","Penaeidae",,"Penaeus","monodon","Fabricius, 1798","Invertebrado","Exôtica","Reserva Extrativista Arapiranga-Tromaí","Brasil",
"Bubulcus ibis","FSLC","Bubulcus ibis (Linnaeus, 1758)","Ardeidae",,"Bubulcus","ibis","Bonaparte, 1855","Ave","Exôtica","Reserva Extrativista Do Baixo Juruá","Brasil",
"Hemidactylus mabouia","169156","Hemidactylus mabouia","Gekkonidae",,"Hemidactylus","mabouia","Moreau De Jonnès, 1818","Réptil","Exôtica","Reserva Extrativista Do Baixo Juruá","Brasil",
"Apis mellifera","CLCS","Apis mellifera Linnaeus, 1758","Apidae",,"Apis","mellifera","Linnaeus, 1758","Invertebrado","Exôtica","Reserva Extrativista Chapada Limpa","Brasil",
"Coptodon rendalli","8N4N","Coptodon rendalli (Boulenger, 1897)","Cichlidae",,"Coptodon","rendalli","Boulenger, 1897","Peixe","Exôtica","Reserva Extrativista Chapada Limpa","Brasil",
"Passer domesticus","67TW","Passer domesticus (Linnaeus, 1758)","Passeridae",,"Passer","domesticus","Linnaeus, 1758","Ave","Exôtica","Reserva Extrativista Chapada Limpa","Brasil",
"Coptodon rendalli","8N4N","Coptodon rendalli (Boulenger, 1897)","Cichlidae",,"Coptodon","rendalli","Boulenger, 1897","Peixe","Exôtica","Reserva Extrativista Marinha Do Corumbau","Brasil",
"Penaeus monodon","3NVC","Penaeus monodon Fabricius, 1798","Penaeidae",,"Penaeus","monodon","Fabricius, 1798","Invertebrado","Exôtica","Reserva Extrativista Da Baía Do Tubarão","Brasil",
"Apis mellifera","CLCS","Apis mellifera Linnaeus, 1758","Apidae",,"Apis","mellifera","Linnaeus, 1758","Invertebrado","Exôtica","Reserva Extrativista De Canavieiras","Brasil",
"Bradybaena similaris","3ZQZ","Bradybaena similaris (Férussac, 1821)","Camaenidae",,"Bradybaena","similaris","Férussac, 1821","Invertebrado","Exôtica","Reserva Extrativista De Canavieiras","Brasil",
"Charybdis hellerii","BR3D","Charybdis helerii A. Milne-Edwards, 1867","Portunidae",,"Charybdis","hellerii","Milne Edwards, 1867","Invertebrado","Exôtica","Reserva Extrativista De Canavieiras","Brasil",
"Columba livia","H7T8","Columba livia Gmelin, 1789","Columbidae",,"Columba","livia","Gmelin, 1789","Ave","Exôtica","Reserva Extrativista De Canavieiras","Brasil",
"Coptodon rendalli","8N4N","Coptodon rendalli (Boulenger, 1897)","Cichlidae",,"Coptodon","rendalli","Boulenger, 1897","Peixe","Exôtica","Reserva Extrativista De Canavieiras","Brasil",
"Lissachatina fulica","CWMT","Lissachatina fulica (Férussac, 1821)","Achatinidae",,"Lissachatina","fulica","Bowdich, 1822","Invertebrado","Exôtica","Reserva Extrativista De Canavieiras","Brasil",
"Penaeus vannamei","GT8Z","Penaeus vannamei Boone, 1931","Penaeidae",,"Penaeus","vannamei","Boone, 1931","Invertebrado","Exôtica","Reserva Extrativista De Canavieiras","Brasil",
"Mus musculus","7LDV","Mus musculus (Linnaeus, 1758)","Muridae",,"Mus","musculus","Linnaeus, 1758","Mamífero","Exôtica","Reserva Extrativista De Canavieiras","Brasil",
"Oreochromis niloticus","SJM","Oreochromis niloticus (Linnaeus, 1758)","Cichlidae",,"Oreochromis","niloticus","Linnaeus, 1758","Peixe","Exôtica","Reserva Extrativista De Canavieiras","Brasil",
"Oryctolagus cuniculus","J48L","Oryctolagus cuniculus (Linnaeus, 1758)","Leporidae",,"Oryctolagus","cuniculus","Linnaeus, 1758","Mamífero","Exôtica","Reserva Extrativista De Canavieiras","Brasil",
"Passer domesticus","67TW","Passer domesticus (Linnaeus, 1758)","Passeridae",,"Passer","domesticus","Linnaeus, 1758","Ave","Exôtica","Reserva Extrativista De Canavieiras","Brasil",
"Rattus norvegicus","9VMW","Rattus norvegicus (Berkenhout, 1769)","Muridae",,"Rattus","norvegicus","Berkenhout, 1769","Mamífero","Exôtica","Reserva Extrativista De Canavieiras","Brasil",
"Penaeus monodon","3NVC","Penaeus monodon Fabricius, 1798","Penaeidae",,"Penaeus","monodon","Fabricius, 1798","Invertebrado","Exôtica","Reserva Extrativista De Cururupu","Brasil",
"Apis mellifera","CLCS","Apis mellifera Linnaeus, 1758","Apidae",,"Apis","mellifera","Linnaeus, 1758","Invertebrado","Exôtica","Reserva Extrativista Do Alto Tarauacá","Brasil",
"Bubulcus ibis","FSLC","Bubulcus ibis (Linnaeus, 1758)","Ardeidae",,"Bubulcus","ibis","Bonaparte, 1855","Ave","Exôtica","Reserva Extrativista Do Alto Tarauacá","Brasil",
"Hemidactylus mabouia","169156","Hemidactylus mabouia","Gekkonidae",,"Hemidactylus","mabouia","Moreau De Jonnès, 1818","Réptil","Exôtica","Reserva Extrativista Do Alto Tarauacá","Brasil",
"Rattus rattus","PLW","Rattus rattus (Linnaeus, 1758)","Muridae",,"Rattus","rattus","Linnaeus, 1758","Mamífero","Exôtica","Reserva Extrativista Do Alto Tarauacá","Brasil",
"Clarias gariepinus","C9HL","Clarias gariepinus (Burchell, 1822)","Clariidae",,"Clarias","gariepinus","Burchell, 1822","Peixe","Exôtica","Reserva Extrativista Do Batoque","Brasil",
"Oreochromis niloticus","SJM","Oreochromis niloticus (Linnaeus, 1758)","Cichlidae",,"Oreochromis","niloticus","Linnaeus, 1758","Peixe","Exôtica","Reserva Extrativista Do Batoque","Brasil",
"Columba livia","H7T8","Columba livia Gmelin, 1789","Columbidae",,"Columba","livia","Gmelin, 1789","Ave","Exôtica","Reserva Extrativista Do Cazumbá-Iracema","Brasil",
"Apis mellifera","CLCS","Apis mellifera Linnaeus, 1758","Apidae",,"Apis","mellifera","Linnaeus, 1758","Invertebrado","Exôtica","Reserva Extrativista Do Ciriáco","Brasil",
"Columba livia","H7T8","Columba livia Gmelin, 1789","Columbidae",,"Columba","livia","Gmelin, 1789","Ave","Exôtica","Reserva Extrativista Do Ciriáco","Brasil",
"Passer domesticus","67TW","Passer domesticus (Linnaeus, 1758)","Passeridae",,"Passer","domesticus","Linnaeus, 1758","Ave","Exôtica","Reserva Extrativista Do Ciriáco","Brasil",
"Rattus norvegicus","9VMW","Rattus norvegicus (Berkenhout, 1769)","Muridae",,"Rattus","norvegicus","Berkenhout, 1769","Mamífero","Exôtica","Reserva Extrativista Do Ciriáco","Brasil",
"Arapaima gigas","260084","Arapaima gigas","Arapaimidae",,"Arapaima","gigas","Schinz, 1822","Peixe","Exôtica","Reserva Extrativista Do Rio Cautário","Brasil",
"Apis mellifera","CLCS","Apis mellifera Linnaeus, 1758","Apidae",,"Apis","mellifera","Linnaeus, 1758","Invertebrado","Exôtica","Reserva Extrativista Extremo Norte Do Tocantins","Brasil",
"Columba livia","H7T8","Columba livia Gmelin, 1789","Columbidae",,"Columba","livia","Gmelin, 1789","Ave","Exôtica","Reserva Extrativista Extremo Norte Do Tocantins","Brasil",
"Coptodon rendalli","8N4N","Coptodon rendalli (Boulenger, 1897)","Cichlidae",,"Coptodon","rendalli","Boulenger, 1897","Peixe","Exôtica","Reserva Extrativista Extremo Norte Do Tocantins","Brasil",
"Lissachatina fulica","CWMT","Lissachatina fulica (Férussac, 1821)","Achatinidae",,"Lissachatina","fulica","Bowdich, 1822","Invertebrado","Exôtica","Reserva Extrativista Extremo Norte Do Tocantins","Brasil",
"Passer domesticus","67TW","Passer domesticus (Linnaeus, 1758)","Passeridae",,"Passer","domesticus","Linnaeus, 1758","Ave","Exôtica","Reserva Extrativista Extremo Norte Do Tocantins","Brasil",
"Penaeus monodon","3NVC","Penaeus monodon Fabricius, 1798","Penaeidae",,"Penaeus","monodon","Fabricius, 1798","Invertebrado","Exôtica","Reserva Extrativista Itapetininga","Brasil",
"Hemidactylus mabouia","169156","Hemidactylus mabouia","Gekkonidae",,"Hemidactylus","mabouia","Moreau De Jonnès, 1818","Réptil","Exôtica","Reserva Extrativista Ituxí","Brasil",
"Cichla ocellaris","8PT4","Cichla ocellaris Bloch & Schneider, 1801","Cichlidae",,"Cichla","ocellaris","Bloch & Schneider, 1801","Peixe","Exôtica","Reserva Extrativista Lago Do Cedro","Brasil",
"Columba livia","H7T8","Columba livia Gmelin, 1789","Columbidae",,"Columba","livia","Gmelin, 1789","Ave","Exôtica","Reserva Extrativista Lago Do Cedro","Brasil",
"Passer domesticus","67TW","Passer domesticus (Linnaeus, 1758)","Passeridae",,"Passer","domesticus","Linnaeus, 1758","Ave","Exôtica","Reserva Extrativista Lago Do Cedro","Brasil",
"Bubulcus ibis","FSLC","Bubulcus ibis (Linnaeus, 1758)","Ardeidae",,"Bubulcus","ibis","Bonaparte, 1855","Ave","Exôtica","Reserva Extrativista Lago Do Cuniã","Brasil",
"Saccostrea cucullata","7CQ5","Saccostrea cuccullata (Born, 1778)","Ostreidae",,"Saccostrea","cucullata","Born, 1778","Invertebrado","Exôtica","Reserva Extrativista Mandira","Brasil",
"Penaeus monodon","3NVC","Penaeus monodon Fabricius, 1798","Penaeidae",,"Penaeus","monodon","Fabricius, 1798","Invertebrado","Exôtica","Reserva Extrativista Maracanã","Brasil",
"Charybdis hellerii","BR3D","Charybdis helerii A. Milne-Edwards, 1867","Portunidae",,"Charybdis","hellerii","Milne Edwards, 1867","Invertebrado","Exôtica","Reserva Extrativista Marinha Caetétaperaçu","Brasil",
"Macrobrachium rosenbergii","7X47","Macrobrachium rosenbergii (De Man, 1879)","Palaemonidae",,"Macrobrachium","rosenbergii","De Man, 1879","Invertebrado","Exôtica","Reserva Extrativista Marinha Caetétaperaçu","Brasil",
"Penaeus monodon","3NVC","Penaeus monodon Fabricius, 1798","Penaeidae",,"Penaeus","monodon","Fabricius, 1798","Invertebrado","Exôtica","Reserva Extrativista Marinha Caetétaperaçu","Brasil",
"Charybdis hellerii","BR3D","Charybdis helerii A. Milne-Edwards, 1867","Portunidae",,"Charybdis","hellerii","Milne Edwards, 1867","Invertebrado","Exôtica","Reserva Extrativista Marinha Da Baia De Iguapé","Brasil",
"Triphyllozoon arcuatum","B2GL","Triphyllozoon arcuatum (MacGillivray, 1889)","Phidoloporidae",,"Triphyllozoon","arcuatum","MacGillivray, 1889","Invertebrado","Exôtica","Reserva Extrativista Marinha Da Baia De Iguapé","Brasil",
"Tubastraea coccinea","8RWW","Tubastraea coccinea Lesson, 1829","Dendrophylliidae",,"Tubastraea","coccinea","Lesson, 1829","Invertebrado","Exôtica","Reserva Extrativista Marinha Da Baia De Iguapé","Brasil",
"Tubastraea tagusensis","5CZQ","Tubastraea tagusensis (Wells, 1982)","Dendrophylliidae",,"Tubastraea","tagusensis","Wells, 1982","Invertebrado","Exôtica","Reserva Extrativista Marinha Da Baia De Iguapé","Brasil",
"Cichla sp",,,,,"Cichla","sp","NA","Peixe","Exôtica","Reserva Extrativista Marinha Da Lagoa Do Jequiá","Brasil",
"Corbicula fluminea","58R7","Corbicula fluminea (Müller, 1774)","Cyrenidae",,"Corbicula","fluminea","Muller, 1774","Invertebrado","Exôtica","Reserva Extrativista Marinha Da Lagoa Do Jequiá","Brasil",
"Mus musculus","7LDV","Mus musculus (Linnaeus, 1758)","Muridae",,"Mus","musculus","Linnaeus, 1758","Mamífero","Exôtica","Reserva Extrativista Marinha Da Lagoa Do Jequiá","Brasil",
"Oreochromis niloticus","SJM","Oreochromis niloticus (Linnaeus, 1758)","Cichlidae",,"Oreochromis","niloticus","Linnaeus, 1758","Peixe","Exôtica","Reserva Extrativista Marinha Da Lagoa Do Jequiá","Brasil",
"Apis mellifera","CLCS","Apis mellifera Linnaeus, 1758","Apidae",,"Apis","mellifera","Linnaeus, 1758","Invertebrado","Exôtica","Reserva Extrativista Marinha De Soure","Brasil",
"Bubalus bubalis","7N9G","Bubalus bubalis Linnaeus, 1758","Bovidae",,"Bubalus","bubalis","Linnaeus, 1758","Mamífero","Exôtica","Reserva Extrativista Marinha De Soure","Brasil",
"Columba livia","H7T8","Columba livia Gmelin, 1789","Columbidae",,"Columba","livia","Gmelin, 1789","Ave","Exôtica","Reserva Extrativista Marinha De Soure","Brasil",
"Coptodon rendalli","8N4N","Coptodon rendalli (Boulenger, 1897)","Cichlidae",,"Coptodon","rendalli","Boulenger, 1897","Peixe","Exôtica","Reserva Extrativista Marinha De Soure","Brasil",
"Hemidactylus mabouia","169156","Hemidactylus mabouia","Gekkonidae",,"Hemidactylus","mabouia","Moreau De Jonnès, 1818","Réptil","Exôtica","Reserva Extrativista Marinha De Soure","Brasil",
"Macrobrachium rosenbergii","7X47","Macrobrachium rosenbergii (De Man, 1879)","Palaemonidae",,"Macrobrachium","rosenbergii","De Man, 1879","Invertebrado","Exôtica","Reserva Extrativista Marinha De Soure","Brasil",
"Mus musculus","7LDV","Mus musculus (Linnaeus, 1758)","Muridae",,"Mus","musculus","Linnaeus, 1758","Mamífero","Exôtica","Reserva Extrativista Marinha De Soure","Brasil",
"Oreochromis niloticus","SJM","Oreochromis niloticus (Linnaeus, 1758)","Cichlidae",,"Oreochromis","niloticus","Linnaeus, 1758","Peixe","Exôtica","Reserva Extrativista Marinha De Soure","Brasil",
"Passer domesticus","67TW","Passer domesticus (Linnaeus, 1758)","Passeridae",,"Passer","domesticus","Linnaeus, 1758","Ave","Exôtica","Reserva Extrativista Marinha De Soure","Brasil",
"Rattus norvegicus","9VMW","Rattus norvegicus (Berkenhout, 1769)","Muridae",,"Rattus","norvegicus","Berkenhout, 1769","Mamífero","Exôtica","Reserva Extrativista Marinha De Soure","Brasil",
"Rattus rattus","PLW","Rattus rattus (Linnaeus, 1758)","Muridae",,"Rattus","rattus","Linnaeus, 1758","Mamífero","Exôtica","Reserva Extrativista Marinha De Soure","Brasil",
"Ciona intestinalis","120745","Ciona intestinalis","Cionidae",,"Ciona","intestinalis","Linnaeus, 1767","Invertebrado","Exôtica","Reserva Extrativista Marinha Do Arraial Do Cabo","Brasil",
"Crassostrea gigas","4DYJ","Crassostrea gigas (Thunberg, 1793)","Ostreidae",,"Crassostrea","gigas","Thunberg, 1795","Invertebrado","Exôtica","Reserva Extrativista Marinha Do Arraial Do Cabo","Brasil",
"Eualetes tulipa",,,,,"Eualetes","tulipa","Rousseau in Chenu, 1843","Invertebrado","Exôtica","Reserva Extrativista Marinha Do Arraial Do Cabo","Brasil",
"Isognomon bicolor","CGPC","Isognomon bicolor (Adams, 1845)","Isognomonidae",,"Isognomon","bicolor","C. B. Adams, 1845","Invertebrado","Exôtica","Reserva Extrativista Marinha Do Arraial Do Cabo","Brasil",
"Ophiothela mirabilis","72FV","Ophiothela mirabilis Verrill, 1867","Ophiotrichidae",,"Ophiothela","mirabilis","Verrill, 1867","Invertebrado","Exôtica","Reserva Extrativista Marinha Do Arraial Do Cabo","Brasil",
"Perna viridis","BCMV","Perna viridis (Linnaeus, 1758)","Mytilidae",,"Perna","viridis","Linnaeus, 1758","Invertebrado","Exôtica","Reserva Extrativista Marinha Do Arraial Do Cabo","Brasil",
"Pterois volitans","928L","Pterois volitans (Linnaeus, 1758)","Scorpaenidae",,"Pterois","volitans","Linnaeus, 1758","Peixe","Exôtica","Reserva Extrativista Marinha Do Arraial Do Cabo","Brasil",
"Schizoporella errata","ZFY","Schizoporella errata (Waters, 1878)","Schizoporellidae",,"Schizoporella","errata","Waters, 1878","Invertebrado","Exôtica","Reserva Extrativista Marinha Do Arraial Do Cabo","Brasil",
"Styela plicata","DXBL","Styela plicata (Lesueur, 1823)","Styelidae",,"Styela","plicata","Lesueur, 1823","Invertebrado","Exôtica","Reserva Extrativista Marinha Do Arraial Do Cabo","Brasil",
"Tubastraea coccinea","8RWW","Tubastraea coccinea Lesson, 1829","Dendrophylliidae",,"Tubastraea","coccinea","Lesson, 1829","Invertebrado","Exôtica","Reserva Extrativista Marinha Do Arraial Do Cabo","Brasil",
"Tubastraea tagusensis","5CZQ","Tubastraea tagusensis (Wells, 1982)","Dendrophylliidae",,"Tubastraea","tagusensis","Wells, 1982","Invertebrado","Exôtica","Reserva Extrativista Marinha Do Arraial Do Cabo","Brasil",
"Omobranchus punctatus","47MV","Omobranchus punctatus (Valenciennes, 1836)","Blenniidae",,"Omobranchus","punctatus","Valenciennes, 1836","Peixe","Exôtica","Reserva Extrativista Marinha Do Delta Do Parnaiba","Brasil",
"Pterois volitans","928L","Pterois volitans (Linnaeus, 1758)","Scorpaenidae",,"Pterois","volitans","Linnaeus, 1758","Peixe","Exôtica","Reserva Extrativista Marinha Do Delta Do Parnaiba","Brasil",
"Penaeus monodon","3NVC","Penaeus monodon Fabricius, 1798","Penaeidae",,"Penaeus","monodon","Fabricius, 1798","Invertebrado","Exôtica","Reserva Extrativista Marinha Mestre Lucindo","Brasil",
"Penaeus monodon","3NVC","Penaeus monodon Fabricius, 1798","Penaeidae",,"Penaeus","monodon","Fabricius, 1798","Invertebrado","Exôtica","Reserva Extrativista Marinha Mocapajuba","Brasil",
"Callithrix penicillata","J7TH","Callithrix penicillata (Geoffroy, 1812)","Cebidae",,"Callithrix","penicillata","Geoffroy, 1812","Mamífero","Exôtica","Reserva Extrativista Marinha Pirajubaé","Brasil",
"Columba livia","H7T8","Columba livia Gmelin, 1789","Columbidae",,"Columba","livia","Gmelin, 1789","Ave","Exôtica","Reserva Extrativista Marinha Pirajubaé","Brasil",
"Estrilda astrild","BBX","Estrilda astrild (Linnaeus, 1758)","Estrildidae",,"Estrilda","astrild","Linnaeus, 1758","Ave","Exôtica","Reserva Extrativista Marinha Pirajubaé","Brasil",
"Mus musculus","7LDV","Mus musculus (Linnaeus, 1758)","Muridae",,"Mus","musculus","Linnaeus, 1758","Mamífero","Exôtica","Reserva Extrativista Marinha Pirajubaé","Brasil",
"Passer domesticus","67TW","Passer domesticus (Linnaeus, 1758)","Passeridae",,"Passer","domesticus","Linnaeus, 1758","Ave","Exôtica","Reserva Extrativista Marinha Pirajubaé","Brasil",
"Rattus norvegicus","9VMW","Rattus norvegicus (Berkenhout, 1769)","Muridae",,"Rattus","norvegicus","Berkenhout, 1769","Mamífero","Exôtica","Reserva Extrativista Marinha Pirajubaé","Brasil",
"Rattus rattus","PLW","Rattus rattus (Linnaeus, 1758)","Muridae",,"Rattus","rattus","Linnaeus, 1758","Mamífero","Exôtica","Reserva Extrativista Marinha Pirajubaé","Brasil",
"Apis mellifera","CLCS","Apis mellifera Linnaeus, 1758","Apidae",,"Apis","mellifera","Linnaeus, 1758","Invertebrado","Exôtica","Reserva Extrativista Marinha Tracuateua","Brasil",
"Apis mellifera","CLCS","Apis mellifera Linnaeus, 1758","Apidae",,"Apis","mellifera","Linnaeus, 1758","Invertebrado","Exôtica","Reserva Extrativista Mata Grande","Brasil",
"Columba livia","H7T8","Columba livia Gmelin, 1789","Columbidae",,"Columba","livia","Gmelin, 1789","Ave","Exôtica","Reserva Extrativista Mata Grande","Brasil",
"Passer domesticus","67TW","Passer domesticus (Linnaeus, 1758)","Passeridae",,"Passer","domesticus","Linnaeus, 1758","Ave","Exôtica","Reserva Extrativista Mata Grande","Brasil",
"Bubulcus ibis","FSLC","Bubulcus ibis (Linnaeus, 1758)","Ardeidae",,"Bubulcus","ibis","Bonaparte, 1855","Ave","Exôtica","Reserva Extrativista Rio Iriri","Brasil",
"Hemidactylus mabouia","169156","Hemidactylus mabouia","Gekkonidae",,"Hemidactylus","mabouia","Moreau De Jonnès, 1818","Réptil","Exôtica","Reserva Extrativista Rio Iriri","Brasil",
"Bubulcus ibis","FSLC","Bubulcus ibis (Linnaeus, 1758)","Ardeidae",,"Bubulcus","ibis","Bonaparte, 1855","Ave","Exôtica","Reserva Extrativista Rio Xingu","Brasil",
"Hemidactylus mabouia","169156","Hemidactylus mabouia","Gekkonidae",,"Hemidactylus","mabouia","Moreau De Jonnès, 1818","Réptil","Exôtica","Reserva Extrativista Rio Xingu","Brasil",
"Apis mellifera","CLCS","Apis mellifera Linnaeus, 1758","Apidae",,"Apis","mellifera","Linnaeus, 1758","Invertebrado","Exôtica","Reserva Extrativista Riozinho Do Anfrísio","Brasil",
"Hemidactylus mabouia","169156","Hemidactylus mabouia","Gekkonidae",,"Hemidactylus","mabouia","Moreau De Jonnès, 1818","Réptil","Exôtica","Reserva Extrativista Riozinho Do Anfrísio","Brasil",
"Oreochromis niloticus","SJM","Oreochromis niloticus (Linnaeus, 1758)","Cichlidae",,"Oreochromis","niloticus","Linnaeus, 1758","Peixe","Exôtica","Reserva Extrativista Riozinho Do Anfrísio","Brasil",
"Rattus norvegicus","9VMW","Rattus norvegicus (Berkenhout, 1769)","Muridae",,"Rattus","norvegicus","Berkenhout, 1769","Mamífero","Exôtica","Reserva Extrativista Riozinho Do Anfrísio","Brasil",
"Macrobrachium rosenbergii","7X47","Macrobrachium rosenbergii (De Man, 1879)","Palaemonidae",,"Macrobrachium","rosenbergii","De Man, 1879","Invertebrado","Exôtica","Reserva Extrativista São João Da Ponta","Brasil",
