"Supplied Name","guid","scientificName","family","kingdom","ScientificNameAuthorship","VernacularName","Kingdom","Phylum","Class","Order","Family","Genus","Motivo da introdução no Brasil"
"Nome Científico",,,,,"Autor","Nome Comum","kingdom","phyllum","class","order","family","genus","Motivo da introdução no Brasil"
"Abramites hypselonotus","CPNT","Abramites hypselonotus (Günther, 1868)","Anostomidae",,"(Günther, 1868)","piau-pedra, piau-tambaqui, marbled headstander","Animalia","Chordata","Actinopterygii","Characiformes","Anostomidae","Abramites","Peixes de aquário"
"Acacia angustissima","45DW","Acacia angustissima (Mill.) Kuntze","Fabaceae",,"(Mill.) Kuntze","acácia, prairie acacia","Plantae","Magnoliophyta","Magnoliopsida","Fabales","Fabaceae","Acacia","Plantas forrageiras"
"Acacia auriculiformis","85CB","Acacia auriculiformis A.Cunn. ex Benth.","Fabaceae",,"A. Cunn. ex Benth.",,"Plantae","Magnoliophyta","Magnoliopsida","Fabales","Fabaceae","Acacia","Plantas ornamentais"
"Acacia holosericea",,,,,"A. Cunn. ex G. Don, 1832","acácia, candelabra wattle, wah roon, woolly wattle","Plantae","Magnoliophyta","Magnoliopsida","Fabales","Fabaceae","Acacia","Uso florestal"
"Acacia longifolia","275379","Acacia longifolia","Fabaceae",,"(Andr.) Willd.","acácia-marítima, acácia-trinervis, salgueiro-amarelo, coast wattle, sallow wattle","Plantae","Magnoliophyta","Magnoliopsida","Fabales","Fabaceae","Acacia",
"Acacia mangium","7J6D","Acacia mangium Willd.","Fabaceae",,"Willd.","acácia-australiana, forest mangrove, mangium wattle","Plantae","Magnoliophyta","Magnoliopsida","Fabales","Fabaceae","Acacia","Uso florestal"
"Acacia mearnsii","J3WF","Acacia mearnsii De Wild.","Fabaceae",,"De Willd.","black wattle, acácia-negra, mimosa","Plantae","Magnoliophyta","Magnoliopsida","Fabales","Fabaceae","Acacia","Uso florestal"
"Acacia podalyriifolia","273719","Acacia podalyriifolia","Fabaceae",,"A. Cunningham ex G. Don","acácia-mimosa, mount morgan wattle, pearl acacia, pearl wattle, queensland silver wattle","Plantae","Magnoliophyta","Magnoliopsida","Fabales","Fabaceae","Acacia","Plantas ornamentais"
"Acestrorhynchus pantaneiro","4VWB","Acestrorhynchus pantaneiro Menezes, 1992","Acestrorhynchidae",,"Menezes, 1992","dourado-cachorro, peixe-cachorro","Animalia","Chordata","Actinopterygii","Characiformes","Acestrorhynchidae","Acestrorhynchus","Pesca desportiva"
"Adenanthera pavonina","268412","Adenanthera pavonina","Fabaceae",,"Linnaeus","carolina, olho-de-pavão, tento-vermelho, red-bead tree","Plantae","Magnoliophyta","Magnoliopsida","Fabales","Fabaceae","Adenanthera","Plantas ornamentais"
"Aedes aegypti","4CTQ","Aedes (Stegomyia) aegypti (Linnaeus, 1762)","Culicidae",,"(Linnaeus, 1762)","mosquito, mosquito-da-dengue, dengue mosquito, yellow fever mosquito","Animalia","Arthropoda","Insecta","Diptera","Culicidae","Aedes",
"Aedes albopictus","CLJW","Aedes (Stegomyia) albopictus (Skuse, 1894)","Culicidae",,"(Skuse, 1895)","mosquito-da-dengue, forest day mosquito","Animalia","Arthropoda","Insecta","Diptera","Culicidae","Aedes",
"Agave americana","GLPG","Agave americana L.","Asparagaceae",,"L.","agave, sisal, american aloe, century plant, maguey, sentry plant","Plantae","Magnoliophyta","Liliopsida","Asparagales","Agavaceae","Agave","Plantas forrageiras; Plantas ornamentais"
"Agave sisalana","HXVJ","Agave sisalana Perrine ex Engelm.","Asparagaceae",,"Perr.","agave, sisal, sisal hemp","Plantae","Magnoliophyta","Liliopsida","Asparagales","Agavaceae","Agave",
"Ageneiosus inermis","5HDG","Ageneiosus inermis (Linnaeus, 1766)","Auchenipteridae",,"(Linnaeus, 1766)","boca-larga, fidalgo, mandubé, manduba","Animalia","Chordata","Actinopterygii","Siluriformes","Auchenipteridae","Ageneiosus","Pesca desportiva"
"Albizia lebbeck","275172","Albizia lebbeck","Fabaceae",,"(L.) Benth.","carvoeiro, Indian siris","Plantae","Magnoliophyta","Magnoliopsida","Fabales","Fabaceae","Albizia","Plantas ornamentais"
"Alexandrium tamarense","F3LR","Alexandrium catenella (Whedon & Kofoid) Balech",,,"(Lebour) Balech 1992","dinoflagelado, dinoflagellate","Protista","Dinoflagellata","Dinophyceae","Gonyaulacales","Goniodomaceae","Alexandrium","Espécies marinhas"
"Amazona aestiva","J9HW","Amazona aestiva (Linnaeus, 1758)","Psittacidae",,"(Linnaeus, 1758)","acamatanga, amazona-de-fronte-azul, papagaio-verdadeiro, turquoise fronted amazon","Animalia","Chordata","Aves","Psittaciformes","Psittacidae","Amazona","Pets"
"Ammi majus","BN8D","Ammi majus L.","Apiaceae",,"L.","amio-maior, ammi, bisnaguinha-do-campo, cicuta-negra","Plantae","Magnoliophyta","Magnoliopsida","Apiales","Apiaceae","Ammi","Plantas ornamentais"
"Amphibalanus amphitrite","BCRH","Amphibalanus amphitrite (Darwin, 1854)","Balanidae",,"(Darwin, 1854)","craca, purple acorn barnacle, striped barnacle","Animalia","Arthropoda","Maxillopoda","Sessilia","Balanidae","Amphibalanus","Espécies marinhas"
"Amphibalanus reticulatus","GL49","Amphibalanus reticulatus (Utinomi, 1967)","Balanidae",,"(Utinomi, 1967)","craca, craca japonesa, barnacle","Animalia","Arthropoda","Maxillopoda","Sessilia","Balanidae","Amphibalanus","Espécies marinhas"
"Andropogon gayanus","FSPV","Andropogon gayanus Kunth","Poaceae",,"Kunth","capim-andropogon, bluestem, gamba grass","Plantae","Magnoliophyta","Liliopsida","Poales","Poaceae","Andropogon","Plantas forrageiras"
"Anolis porcatus","5TMY","Anolis porcatus Gray, 1840","Dactyloidae",,"Gray, 1840","lagartixa, cuban green anole","Animalia","Chordata","Reptilia","Squamata","Iguanidae","Anolis",
"Anolis sagrei",,,,,"Cocteau in A. M. C. Duméril and Bibron, 1837","anole-marrom, anolis café, bahamas anole, brown anole, cuban brown anole","Animalia","Chordata","Reptilia","Squamata","Iguanidae","Anolis",
"Anthidium manicatum","68GD","Anthidium (Anthidium) manicatum (Linnaeus, 1758)","Megachilidae",,"(Linnaeus, 1758)","wool carder bee","Animalia","Arthropoda","Insecta","Hymenoptera","Megachilidae","Anthidium",
"Aphyocharax anisitsi","9JY9","Aphyocharax anisitsi Eigenmann & Kennedy, 1903","Characidae",,"Eigenmann & Kennedy, 1903","enfermeirinha, piqui, piquira, bloodfin","Animalia","Chordata","Actinopterygii","Characiformes","Characidae","Aphyocharax","Peixes de aquário"
"Aphyocharax dentatus","6MVJ","Aphyocharax dentatus Eigenmann & Kennedy, 1903","Characidae",,"(Eigenmann & Kennedy, 1903)","douradinho","Animalia","Chordata","Actinopterygii","Characiformes","Characidae","Aphyocharax","Peixes de aquário"
"Apis mellifera","CLCS","Apis mellifera Linnaeus, 1758","Apidae",,"Linnaeus, 1758","abelha, abelha-africana, africanizada, oropa, abeille domestique, honey bee","Animalia","Arthropoda","Insecta","Hymenoptera","Apidae","Apis",
"Apistogramma commbrae","4KT5","Apistogramma commbrae (Regan, 1906)","Cichlidae",,"(Regan, 1906)","corumba, corumba dwarf cichlid","Animalia","Chordata","Actinopterygii","Cichliformes","Cichlidae","Apistogramma","Peixes de aquário"
"Apteronotus albifrons","5663","Apteronotus albifrons (Linnaeus, 1766)","Apteronotidae",,"(Linnaeus, 1766)","ituí-cavalo, apteronotid eel, black ghost","Animalia","Chordata","Actinopterygii","Gymnotiformes","Aptenorotidae","Apteronotus","Peixes de aquário"
"Aquarana catesbeiana","GBSR","Aquarana catesbeiana (Shaw, 1802)","Ranidae",,"Dubois, 1992","rã-touro, american bullfrog, bullfrog","Animalia","Chordata","Amphibia","Anura","Ranidae","Lithobates","Pets"
"Arapaima gigas","260084","Arapaima gigas","Arapaimidae",,"(Schinz, 1822)","pirarucu","Animalia","Chordata","Actinopterygii","Osteoglossiformes","Osteoglossidae","Arapaima","Peixes de aquário; Peixes de aquicultura; Pesca desportiva"
"Archontophoenix cunninghamiana","645F","Archontophoenix cunninghamiana (H.Wendl.) H.Wendl. & Drude","Arecaceae",,"H. Wendl. & Drude","palmeira-australiana, palmeira-real-da-austrália, bangalow palm","Plantae","Magnoliophyta","Liliopsida","Arecales","Arecaceae","Archontophoenix",
"Ardisia crenata","9J5J","Ardisia crenata Sims","Primulaceae",,"Sims.","ardisia, australian holly, christmas berry, coral ardisia, coral bush, coralberry, coralberry tree, spiceberry","Plantae","Magnoliophyta","Magnoliopsida","Ericales","Primulaceae","Ardisia","Plantas ornamentais"
"Aristida adscensionis","35Z","Aristida adscensionis L.","Poaceae",,"L.","capim-panasco, prairie three-awn, six-weeks three-awn","Plantae","Magnoliophyta","Liliopsida","Poales","Poaceae","Aristida","Plantas forrageiras"
"Artocarpus altilis","77HZ","Artocarpus altilis (Parkinson) Fosberg","Moraceae",,"(Parkinson) Fosberg","fruta-pão, breadfruit, fruta de pan","Plantae","Magnoliophyta","Magnoliopsida","Urticales","Moraceae","Artocarpus","Plantas ornamentais"
"Artocarpus heterophyllus","DTMK","Artocarpus heterophyllus Lam.","Moraceae",,"Lam.","jaca, jaqueira, jackfruit","Plantae","Magnoliophyta","Magnoliopsida","Urticales","Moraceae","Artocarpus",
"Arundo donax","4RN4","Arundo donax L.","Poaceae",,"L.","cana-brava, cana-do-reino, taquara-do-reino, giant reed","Plantae","Magnoliophyta","Liliopsida","Poales","Poaceae","Arundo",
"Ascidia sydneiensis","4SR4","Ascidia sydneiensis Stimpson, 1855","Ascidiidae",,"(Stimpson, 1855)","ascidia","Animalia","Chordata","Ascidiacea","Enterogona","Ascidiidae","Ascidia","Espécies marinhas"
"Asparagus setaceus","G7MR","Asparagus setaceus (Kunth) Jessop","Asparagaceae",,"(Kunth) Jessop","aspargo-plumoso, aspargo-samambaia, asparguinho-de-jardim, plumosa, asparagus","Plantae","Magnoliophyta","Liliopsida","Asparagales","Asparagaceae","Asparagus",
"Asparagus sprengeri","F3TM","Asparagus densiflorus (Kunth) Jessop","Asparagaceae",,"Regel","alfinete, aspargo-ornamental, asparagus fern, basket asparagus, espárrago espinoso","Plantae","Magnoliophyta","Liliopsida","Asparagales","Asparagaceae","Asparagus","Plantas ornamentais"
"Astronotus crassipinnis","F4QD","Astronotus crassipinnis (Heckel, 1840)","Cichlidae",,"(Heckel, 1840)","acará-açu, apaiari","Animalia","Chordata","Actinopterygii","Cichliformes","Cichlidae","Astronotus","Peixes de aquário"
"Astronotus ocellatus","74LY","Astronotus ocellatus (Agassiz, 1831)","Cichlidae",,"(Agassiz, 1831)","acaraçu, apaiari, oscar","Animalia","Chordata","Actinopterygii","Cichliformes","Cichlidae","Astronotus","Peixes de aquário; Peixes de aquicultura; Pesca desportiva"
"Astyanax lacustris","8P5Q","Astyanax lacustris (Lütken, 1875)","Acestrorhamphidae",,"(Lütken, 1865)","lambari, lambari-do-rabo-amarelo, tambiú","Animalia","Chordata","Actinopterygii","Characiformes","Characidae","Astyanax","Pesca desportiva"
"Asystasia gangetica","FV4G","Asystasia gangetica (L.) T.Anderson","Acanthaceae",,"(L.) T. Anderson","asistásia, coromandel, chinese violet, creeping foxglove","Plantae","Magnoliophyta","Magnoliopsida","Scrophulariales","Acanthaceae","Asystasia","Plantas ornamentais"
"Auchenipterus osteomystax","F26K","Auchenipterus osteomystax (Miranda-Ribeiro, 1918)","Auchenipteridae",,"(Miranda-Ribeiro, 1918)","carati, mandi-peruano, olho-de-gato, palmito, surumanha","Animalia","Chordata","Actinopterygii","Siluriformes","Auchenipteridae","Auchenipterus","Pesca desportiva"
"Axis axis","F3","Axis axis (Erxleben, 1777)","Cervidae",,"Erxleben, 1777","veado, axis deer, chital","Animalia","Chordata","Mammalia","Artiodactyla","Cervidae","Axis",
"Azadirachta indica","F9XF","Azadirachta indica A.Juss.","Meliaceae",,"A. Juss.","margosa, nim, margosier, neem","Plantae","Magnoliophyta","Magnoliopsida","Sapindales","Meliaceae","Azadirachta",
"Balanus trigonus","DKTZ","Balanus trigonus Darwin, 1854","Balanidae",,"Darwin, 1854","craca","Animalia","Arthropoda","Maxillopoda","Sessilia","Balanidae","Balanus","Espécies marinhas"
"Bambusa sp.",,,,,"Schreb.","bambu, bamboo, bambou","Plantae","Magnoliophyta","Liliopsida","Poales","Poaceae","Bambusa",
"Bambusa textilis","GSGN","Bambusa textilis McClure","Poaceae",,"McClure","bambu-de-jardim, weavers bamboo","Plantae","Magnoliophyta","Liliopsida","Poales","Poaceae","Bambusa",
"Bambusa vulgaris","B444","Bambusa vulgaris Schrad. ex J.C.Wendl.","Poaceae",,"Schrad. ex J.C. Wendl.","bambu, common bamboo, tiger bamboo","Plantae","Magnoliophyta","Liliopsida","Poales","Poaceae","Bambusa",
"Betta splendens","G2DT","Betta splendens Regan, 1910","Osphronemidae van-der",,"(Regan, 1910)","beta, siamese fighting fish","Animalia","Chordata","Actinopterygii","Perciformes","Osphronemidae","Betta","Peixes de aquicultura"
"Bidens tinctoria","CYQN","Coreopsis tinctoria Nutt.","Asteraceae",,"Baill.","margaridinha-escura","Plantae","Magnoliophyta","Magnoliopsida","Asterales","Asteraceae","Bidens","Plantas ornamentais"
"Blackfordia virginica","78CG","Blackfordia virginica Mayer, 1910","Blackfordiidae",,"Mayer, 1910","água-viva, medusa, black sea jellyfish","Animalia","Cnidaria","Hydrozoa","Leptothecatae","Blackfordiidae","Blackfordia","Espécies marinhas"
"Boccardiella bihamata","H3F","Boccardiella bihamata Blake & Kudenov, 1978","Spionidae",,"Blake & Kudenov, 1978",,"Animalia","Annelida","Polychaeta","Spionida","Spionidae","Boccardiella","Espécies marinhas"
"Bostrichobranchus digonas","5W4D","Bostricobranchus digonas Abbot, 1951","Molgulidae",,"(Abbott, 1951)","ascídia","Animalia","Chordata","Ascidiacea","Pleurogona","Molgulidae","Bostricobranchus","Espécies marinhas"
"Brachylaena discolor","9C6Y","Brachylaena discolor DC.","Asteraceae",,"DC.","coastal silver oak","Plantae","Magnoliophyta","Magnoliopsida","Asterales","Asteraceae","Brachylaena",
"Branchiomma luctuosum","9X4H","Branchiomma luctuosum (Grube, 1870)","Sabellidae",,"(Grube, 1869)","poliqueta","Animalia","Annelida","Polychaeta","Sabellida","Sabellinae","Branchiomma","Espécies marinhas"
"Briareum hamrum",,,,,"(Gohar, 1948)","coral","Animalia","Cnidaria","Anthozoa","Alcyonacea","Briareidae","Briareum","Espécies marinhas"
"Brillantaisia lamium","3BF","Brillantaisia lamium (Nees) Benth.","Acanthaceae",,"(Nees) Benth.","erva-de-bicho, brillantaisia, tropical giant salvia","Plantae","Magnoliophyta","Magnoliopsida","Scrophulariales","Acanthaceae","Brillantaisia","Plantas ornamentais"
"Brotogeris chiriri","6CTW","Brotogeris chiriri (Vieillot, 1818)","Psittacidae",,"(Vieillot, 1818)","periquito-de-encontro-amarelo, tuim-de-asa-amarela, yellow-chevroned parakeet","Animalia","Chordata","Aves","Psittaciformes","Psittacidae","Brotogeris","Pets"
"Brotogeris tirica","BGJ4","Brotogeris tirica (Gmelin, 1788)","Psittacidae",,"(Gmelin, 1788)","periquito-rico, plain parakeet","Animalia","Chordata","Aves","Psittaciformes","Psittacidae","Brotogeris","Pets"
"Brycon hilarii","J7VX","Brycon hilarii (Valenciennes, 1850)","Bryconidae",,"(Valenciennes,1850)","piracanjuva, piraputanga","Animalia","Chordata","Actinopterygii","Characiformes","Characidae","Brycon","Peixes de aquicultura; Pesca desportiva"
"Bryconamericus exodon","DBBQ","Bryconamericus exodon Eigenmann, 1907","Stevardiidae",,"(Eigenmann, 1907)","lambari","Animalia","Chordata","Actinopterygii","Characiformes","Characidae","Bryconamericus","Peixes de aquário"
"Bubalus bubalis","7N9G","Bubalus bubalis Linnaeus, 1758","Bovidae",,"(Linnaeus, 1758)","búfalo, búfalo d'água, water buffalo","Animalia","Chordata","Mammalia","Artiodactyla","Bovidae","Bubalus",
"Bubulcus ibis","FSLC","Bubulcus ibis (Linnaeus, 1758)","Ardeidae",,"(Linnaeus, 1758)","garça-boieira, garça-vaqueira, cattle egret, garza ganadera, héron garde-boeufs","Animalia","Chordata","Aves","Ciconiiformes","Ardeidae","Bubulcus",
"Butis koilomatodon","BRBZ","Butis koilomatodon (Bleeker, 1849)","Eleotridae",,"(Bleeker, 1849)","barrigudo, dorminhoco, durmiente, mud sleeper","Animalia","Chordata","Actinopterygii","Perciformes","Eleotridae","Butis","Espécies marinhas; Peixes de aquário"
"Cakile maritima","5F43","Cakile maritima Scop.","Brassicaceae",,"Scopoli","American Searocket, European Searocket, Oruga Maritima, Sea Rocket, Zeeraket","Plantae","Magnoliophyta","Magnoliopsida","Capparales","Brassicaceae","Cakile",
"Callithrix geoffroyi","3JN7","Callithrix geoffroyi (Humboldt, 1812)","Cebidae",,"(Humboldt, 1812)","sagui-de-cara-branca, geoffroy's marmoset, white-headed marmoset","Animalia","Chordata","Mammalia","Primates","Callithrichidae","Callithrix","Pets"
"Callithrix geoffroyi x C. penicillata",,,,,,"formas híbridas de sagui, hybrid marmoset","Animalia","Chordata","Mammalia","Primates","Callithrichidae","Callithrix",
"Callithrix jacchus","F69M","Callithrix jacchus (Linnaeus, 1758)","Cebidae",,"(Linnaeus, 1758)","mico-comum, sagui-de-tufo-branco, sagui-do-nordeste, white-tufted-ear marmoset","Animalia","Chordata","Mammalia","Primates","Callithrichidae","Callithrix","Pets"
"Callithrix jacchus x C. penicillata x C. aurita",,,,,,"formas híbridas de sagui, hybrid marmoset","Animalia","Chordata","Mammalia","Primates","Callithrichidae","Callithrix",
"Callithrix jacchus x Callithrix penicillata",,,,,,"formas híbridas de sagui, hybrid marmoset","Animalia","Chordata","Mammalia","Primates","Callithrichidae","Callithrix",
"Callithrix penicillata","J7TH","Callithrix penicillata (Geoffroy, 1812)","Cebidae",,"É. Geoffroy, 1812","mico-estrela, sagui-de-tufo-preto, sagüi-do-cerrado, black-ear-tufted-marmoset","Animalia","Chordata","Mammalia","Primates","Callithrichidae","Callithrix","Pets"
"Callithrix penicillata x Callithrix aurita",,,,,,"formas híbridas de sagui","Animalia","Chordata","Mammalia","Primates","Callithrichidae","Callithrix",
"Calotropis gigantea","B46N","Calotropis gigantea (L.) W.T.Aiton","Apocynaceae",,"(L.) R. Br.","algodão-de-seda, calotrope, crown flower, madar, mercure végétal, milkweed, mudar","Plantae","Magnoliophyta","Magnoliopsida","Gentianales","Asclepiadaceae","Calotropis","Plantas ornamentais"
"Calotropis procera","3Q8J","Calotropis procera (Aiton) W.T.Aiton","Apocynaceae",,"(Ait.) R.Br.","algodão-de-seda, ciúme, flor-de-seda, janaúba, leiteiro, paininha-de-seda, queimadeira","Plantae","Magnoliophyta","Magnoliopsida","Gentianales","Asclepiadaceae","Calotropis","Plantas ornamentais"
"Cancer pagurus",,,,,"Linnaeus, 1758","caranguejola, sapateira, brown crab, common crab, edible crab, great crab, guernsey crab, stool crab","Animalia","Arthropoda","Malacostraca","Decapoda","Cancridae","Cancer","Espécies marinhas"
"Canis familiaris","64X","Canis lupus Linnaeus, 1758","Canidae",,"Linnaeus, 1758","cachorro, cão, domestic dog, haushund, perro","Animalia","Chordata","Mammalia","Carnivora","Canidae","Canis","Pets"
"Capra hircus","8S7N","Capra hircus Linnaeus, 1758","Bovidae",,"Linnaeus, 1758","cabra, goat, hausziege","Animalia","Chordata","Mammalia","Artiodactyla","Bovidae","Capra",
"Carassius auratus","5C9F","Carassius auratus (Linnaeus, 1758)","Cyprinidae",,"(Linnaeus, 1758)","kinguio, peixinho-dourado, goldfish","Animalia","Chordata","Actinopterygii","Cypriniformes","Cyprinidae","Carassius","Peixes de aquário"
"Carijoa riisei","FMWS","Carijoa riisei (Duchassaing & Michelotti, 1860)","Clavulariidae",,"(Duchassaing & Michelotti, 1860)","octocoral, branched pipe coral, snowflake coral","Animalia","Cnidaria","Anthozoa","Alcyonacea","Clavulariidae","Carijoa","Espécies marinhas"
"Carpobrotus acinaciformis","656X","Carpobrotus acinaciformis (L.) L.Bolus","Aizoaceae",,"(L.) L.Bolus","chorão-das-praias, hottentot fig, ice plant, pigface, sour fig","Plantae","Magnoliophyta","Magnoliopsida","Caryophyllales","Aizoaceae","Carpobrotus","Plantas ornamentais"
"Carpobrotus edulis","DVDL","Carpobrotus edulis (L) N.E.Br.","Aizoaceae",,"(L.) N.E.Br.","chorão-das-praias, highway ice plant, ice plant, pigface, sour fig","Plantae","Magnoliophyta","Magnoliopsida","Caryophyllales","Aizoaceae","Carpobrotus","Plantas ornamentais"
"Caryota urens","3V9F","Caryota urens L.","Arecaceae",,"L.","cariota, palmeira-cariota, palmeira-rabo-de-peixe, palmeira-toddy, fishtail palm, indian sago palm, toddy palm, wine palm","Plantae","Magnoliophyta","Liliopsida","Arecales","Arecaceae","Caryota","Plantas ornamentais"
"Cassiopea andromeda","7JX5","Cassiopea andromeda (Forskål, 1775)","Cassiopeidae",,"(Forskål, 1775)","água-viva, upside-down jellyfish","Animalia","Cnidaria","Scyphozoa","Rhizostomeae","Cassiopeidae","Cassiopea","Espécies marinhas"
"Cassytha filiformis","6MR5","Cassytha filiformis L.","Lauraceae",,"L.","cipó-de-chumbo, erva-de-chumbo, devil's gut, love vine","Plantae","Magnoliophyta","Magnoliopsida","Laurales","Lauraceae","Cassytha",
"Casuarina equisetifolia","GN3L","Casuarina equisetifolia L.","Casuarinaceae",,"L.","casuarina, pinheiro-da-austrália, australian beefwood, australian pine, bois de fer, cassowary tree, eisenholz, horse tail tree, whistling pine","Plantae","Magnoliophyta","Magnoliopsida","Casuarinales","Casuarinaceae","Casuarina",
"Catathyridium jenynsii","GBJP","Catathyridium jenynsii (Günther, 1862)","Achiridae",,"(Günther, 1852)","linguado, solha","Animalia","Chordata","Actinopterygii","Pleuronectiformes","Achiridae","Catathyridium","Pesca desportiva"
"Catharanthus roseus","5J26","Catharanthus roseus (L.) G.Don","Apocynaceae",,"(L.) G. Don","vinca-de-madagáscar, boa-noite, maria-sem-vergonha, vinca, vinca-de-gato, periwinkle, pink periwinkle","Plantae","Magnoliophyta","Magnoliopsida","Gentianales","Apocynaceae","Catharanthus","Plantas ornamentais"
"Caulerpa scalpelliformis","96GH","Caulerpa scalpelliformis (R.Brown ex Turner) C.Agardh",,,"(R. Br. Ex Turner)","caulerpa","Plantae","Chlorophyta","Ulvophyceae","Bryopsidales","Caulerpaceae","Caulerpa","Espécies marinhas; Plantas ornamentais"
"Cebus robustus x C. libidinosus x C. nigritus",,,,,,"forma híbrida de macaco-prego","Animalia","Chordata","Mammalia","Primates","Cebidae","Cebus",
"Cenchrus ciliaris","76","Cenchrus ciliaris L.","Poaceae",,"L.","americano, biloela, capim-búfalo, gayndah, molopo, numbank, buffel grass","Plantae","Magnoliophyta","Liliopsida","Poales","Poaceae","Cenchrus","Plantas forrageiras"
"Cenchrus clandestinus","Z64","Cenchrus clandestinus (Hochst. ex Chiov.) Morrone","Poaceae",,"(Hochst. ex Chiov.) Morrone","capim-quicuio, kikuyo, kikuyu grass, pasto africano","Plantae","Magnoliophyta","Liliopsida","Poales","Poaceae","Cenchrus","Plantas forrageiras"
"Cenchrus echinatus","68HJ","Cenchrus echinatus L.","Poaceae",,"L.","capim-carrapicho, hedgehog grass, southern sandbur","Plantae","Magnoliophyta","Liliopsida","Poales","Poaceae","Cenchrus",
"Cenchrus purpureus","CLW9","Cenchrus purpureus (Schumach.) Morrone","Poaceae",,"(Schumach.) Morrone","capim-cameron, capim-elefante, capim-napier, elephant-grass, herbe éléphant, napier grass, pasto elefante","Plantae","Magnoliophyta","Liliopsida","Poales","Poaceae","Pennisetum","Plantas forrageiras"
"Centella asiatica","GCB5","Centella asiatica (L.) Urb.","Apiaceae",,"(L.) Urb.","cairuçu-asiático, centela, centelha, corcel, dinheiro-em-penca, pata-de-burro, pata-de-cavalo, pata-de-mula, pé-de-cavalo","Plantae","Magnoliophyta","Magnoliopsida","Apiales","Apiaceae","Centella","Plantas ornamentais"
"Ceratium furcoides","D6KZ","Ceratium furcoides (Levander) Langhans",,,"(Levander) Langhans","dinoflagelado","Protista","Dinoflagellata","Dinophyceae","Peridiniales","Ceratiaceae","Ceratium",
"Charax stenopterus","7GSZ","Charax stenopterus (Cope, 1894)","Characidae",,"(Cope, 1894)","dentudo, lambari-transparente, glass headstander","Animalia","Chordata","Actinopterygii","Characiformes","Characidae","Charax",
"Charybdis hellerii","BR3D","Charybdis helerii A. Milne-Edwards, 1867","Portunidae",,"(Milne Edwards, 1867)","siri, siri-bidu, siri-candeia, siri-capeta, siri-de-espinho","Animalia","Arthropoda","Malacostraca","Decapoda","Portunidae","Charybdis","Espécies marinhas"
"Christella dentata","7CS2","Christella dentata (Forssk.) Brownsey & Jermy","Thelypteridaceae",,"(Forssk.) Brownsey & Jermy","samambaia, downy maiden fern, downy shield fern","Plantae","Pteridophyta","Filicopsida","Polypodiales","Thelypteridaceae","Christella","Plantas ornamentais"
"Chromonephthea braziliensis",,,,,"van Ofwegen, 2005","coral-mole, soft coral","Animalia","Cnidaria","Anthozoa","Alcyonacea","Nephtheidae","Chromonephthea","Espécies marinhas"
"Chrysanthemum myconis","4F6D","Coleostephus myconis (L.) Cass.","Asteraceae",,"L.","cravo-de defunto, mal-me-quer, mal-me-quer-amarelo","Plantae","Magnoliophyta","Magnoliopsida","Asterales","Asteraceae","Chrysanthemum","Plantas ornamentais"
"Cichla kelberi","GQKB","Cichla kelberi Kullander & Ferreira, 2006","Cichlidae",,"(Kullander & Ferreira, 2006)","tucunaré, tucunaré-amarelo","Animalia","Chordata","Actinopterygii","Cichliformes","Cichlidae","Cichla","Peixes de aquicultura; Pesca desportiva"
"Cichla monoculus","5V8Z","Cichla monoculus Spix & Agassiz, 1831","Cichlidae",,"(Spix and Agassiz, 1831)","tucunaré","Animalia","Chordata","Actinopterygii","Cichliformes","Cichlidae","Cichla","Peixes de aquicultura; Pesca desportiva"
"Cichla monoculus x C. kelberi",,,,,,,"Animalia","Chordata","Actinopterygii","Cichliformes","Cichlidae","Cichla","Peixes de aquicultura"
"Cichla pinima","4MNX","Cichla pinima Kullander & Ferreira, 2006","Cichlidae",,"Kullander & Ferreira, 2006","tucunaré-pinima","Animalia","Chordata","Actinopterygii","Cichliformes","Cichlidae","Cichla","Pesca desportiva"
"Cichla piquiti","6KY8","Cichla piquiti Kullander & Ferreira, 2006","Cichlidae",,"Kullander & Ferreira, 2006","tucunaré, tucunaré-azul, blue peacock bass","Animalia","Chordata","Actinopterygii","Cichliformes","Cichlidae","Cichla","Peixes de aquicultura; Pesca desportiva"
"Cichlasoma dimerus","FLWG","Cichlasoma dimerus (Heckel, 1840)","Cichlidae",,"(Heckel, 1840)","cará, chanchita","Animalia","Chordata","Actinopterygii","Cichliformes","Cichlidae","Cichlasoma",
"Cinnamomum burmanni","FD68","Cinnamomum burmannii (Nees & T.Nees) Blume","Lauraceae",,"(Nees & T. Nees) Blume","canela-da-indonésia, canela-de-java, falsa canela, cannelier d indonésie, cannelier de malaisie, indonesian cassia, padang cassia, petite cannelle","Plantae","Magnoliophyta","Magnoliopsida","Laurales","Lauraceae","Cinnamomum",
"Cinnamomum verum","DX2R","Cinnamomum verum J.Presl","Lauraceae",,"J. Persl","canela, cinnamon","Plantae","Magnoliophyta","Magnoliopsida","Laurales","Lauraceae","Cinnamomum",
"Ciona robusta","6LPM","Ciona robusta Hoshino & Tokioka, 1967","Cionidae",,"Hoshino & Tokioka, 1967","ascídia-solitária","Animalia","Chordata","Ascidiacea","Enterogona","Cionidae","Ciona","Espécies marinhas"
"Cirsium vulgare","3KDS","Cirsium vulgare (Savi) Ten.","Asteraceae",,"(Savi) Ten.","cardo, cardo-de-costela, cardo-negro, bull thistle","Plantae","Magnoliophyta","Magnoliopsida","Asterales","Asteraceae","Cirsium",
"Citrus x limonia","6CK7","Citrus × limon (L.) Osbeck","Rutaceae",,"Osbeck","limão, limão-cravo, limão-vermelho, limoeiro","Plantae","Magnoliophyta","Magnoliopsida","Sapindales","Rutaceae","Citrus",
"Clarias gariepinus","C9HL","Clarias gariepinus (Burchell, 1822)","Clariidae",,"(Burchell, 1822)","bagre-africano, african catfish, catfish, walking fish","Animalia","Chordata","Actinopterygii","Siluriformes","Clariidae","Clarias","Peixes de aquicultura; Pesca desportiva"
"Clavularia viridis",,,,,"(Quoy & Gaimard, 1833)","green star polyp, palm tree polyp","Animalia","Cnidaria","Anthozoa","Alcyonacea","Clavulariidae","Clavularia","Espécies marinhas"
"Clitoria fairchildiana","8Z6B","Clitoria fairchildiana R.A.Howard","Fabaceae",,"(R. A. Howard, 1967)","palheteira, sombreiro, butterfly Pea Tree","Plantae","Magnoliophyta","Magnoliopsida","Fabales","Fabaceae","Clitoria",
"Coix lacryma-jobi","H5JC","Coix lacryma-jobi L.","Poaceae",,"Linnaeus","capim-de-contas, capim-miçanga, capim-rosário, lágrimas-de-cristo, lágrimas-de-jó, lágrimas-de-nossa-senhora, lágrimas-de-são-pedro, camándula, jobs tears, larmes de job","Plantae","Magnoliophyta","Liliopsida","Poales","Poaceae","Coix",
"Colocasia esculenta","3P7F","Colocasia esculenta (L.) Schott","Araceae",,"(L.) Schott","inhame, taro, coco yam, wild taro","Plantae","Magnoliophyta","Liliopsida","Alismatales","Araceae","Colocasia",
"Colossoma macropomum","975C","Colossoma macropomum (Cuvier, 1818)","Serrasalmidae",,"(Cuvier, 1818)","tambaqui, black-finned colossoma, black-finned pacu, cachama, cachama negra, gamitana, pacu","Animalia","Chordata","Actinopterygii","Characiformes","Characidae","Colossoma","Peixes de aquário"
"Columba livia","H7T8","Columba livia Gmelin, 1789","Columbidae",,"(J. F. Gmelin, 1789)","pombo-doméstico, rock pigeon","Animalia","Chordata","Aves","Columbiformes","Columbidae","Columba",
"Coptodon rendalli","8N4N","Coptodon rendalli (Boulenger, 1897)","Cichlidae",,"(Boulenger, 1897)","tilápia, redbreast tilapia, tilapia herbívora","Animalia","Chordata","Actinopterygii","Cichliformes","Cichlidae","Tilapia","Peixes de aquário"
"Corbicula fluminea","58R7","Corbicula fluminea (Müller, 1774)","Cyrenidae",,"(Muller, 1774)","berbigão","Animalia","Mollusca","Bivalvia","Veneroida","Corbiculidae","Corbicula",
"Corbicula largillierti","FBNZ","Corbicula largillierti (Philippi, 1844)","Cyrenidae",,"(Philippi, 1844)","berbigão","Animalia","Mollusca","Bivalvia","Veneroida","Corbiculidae","Corbicula",
"Cordyline fruticosa","DGQ6","Cordyline fruticosa (L.) A.Chev.","Asparagaceae",,"(L.) A.Chev.","coqueiro-de-vênus, crote-de-defunto, lírio-de-palma, palmeira-de-repolho, planta-de-boa-sorte, bongbush, cabbage-palm, cordyline-a-fleurs-terminales, dragonnier-de-Chine, vara-de-San-José","Plantae","Magnoliophyta","Liliopsida","Asparagales","Asparagaceae","Cordyline","Plantas ornamentais"
"Cordylophora caspia","9QCV","Cordylophora caspia (Pallas, 1771)","Cordylophoridae",,"(Pallas, 1771)","hidróide","Animalia","Cnidaria","Hydrozoa","Filifera","Clavidae","Cordylophora",
"Cortaderia selloana","8KGR","Cortaderia selloana (Schult. & Schult.f.) Asch. & Graebn.","Poaceae",,"(Schult.) Asch.","bandeira, cana-dos-pampas, capim-dos-pampas, cortadeira, paina, penacho, pluma, pampas grass, tussock grass","Plantae","Magnoliophyta","Liliopsida","Poales","Poaceae","Cortaderia","Plantas ornamentais"
"Corvus albus","97KZ","Corvus albus Statius Muller, 1776","Corvidae",,"(Muller, 1776)","corvo-africano, corvo-bicolor, corvo-de-barriga-branca, pied crow","Animalia","Chordata","Aves","Passeriformes","Corvidae","Corvus",
"Corymbia torelliana","66VW","Corymbia torelliana (F.Muell.) K.D.Hill & L.A.S.Johnson","Myrtaceae",,"(F.Muell.) K.D.Hill & L.A.S.Johnson","eucalipto","Plantae","Magnoliophyta","Magnoliopsida","Myrtales","Myrtaceae","Corymbia","Plantas ornamentais"
"Coscinodiscus wailesii","8N5Q","Coscinodiscus wailesii Gran & Angst",,,"TSN 2571","diatomácea, diatomácea - cêntrica, centric - diatom, diatom","Protista","Bacillariophyta","Coscinodiscophyceae","Coscinodiscales","Coscinodiscaceae","Coscinodiscus","Espécies marinhas"
"Cotoneaster franchetii","4WC","Cotoneaster franchetii Bois","Rosaceae",,"Bois","cotoneaster","Plantae","Magnoliophyta","Magnoliopsida","Rosales","Rosaceae","Cotoneaster","Plantas ornamentais"
"Crocosmia x crocosmiiflora","J9XP","Crocosmia × crocosmiiflora (Lemoine) N.E.Br.","Iridaceae",,"(W. A. Nicholson) N.E.Br.","estrela-de-fogo, montbrácia, tritônia","Plantae","Magnoliophyta","Liliopsida","Asparagales","Iridaceae","Crocosmia","Plantas ornamentais"
"Crotalaria juncea","HR62","Crotalaria juncea L.","Fabaceae",,"L.","cânhamo-da-india, crotalária, sunn hemp","Plantae","Magnoliophyta","Magnoliopsida","Fabales","Fabaceae","Crotalaria",
"Crotalaria spectabilis","BYQY","Crotalaria spectabilis Röth","Fabaceae",,"Roth","chocalho, guizo-de-cascavel, Ansehliche Klapperhuelse, crotalaire remarquable, showy crotalaria, showy rattlepod","Plantae","Magnoliophyta","Magnoliopsida","Fabales","Fabaceae","Crotalaria",
"Cryptostegia grandiflora","4F2D","Cryptostegia grandiflora R.Br.","Apocynaceae",,"(Roxb. ex R. Br.) R. Br.","alamanda-roxa, boca-de-leão, criptostégia, leite-de-bom-jesus, margarida, unha-de-moça, viúva, liane de gatope, Palay rubbervine, vid de goma","Plantae","Magnoliophyta","Magnoliopsida","Gentianales","Asclepiadaceae","Cryptostegia",
"Cryptostegia madagascariensis","DXZK","Cryptostegia madagascariensis Bojer ex Decne.","Apocynaceae",,"Bojer ex Decne.","trepadeira, unha-de-bruxa, viuvinha-alegre, devils claw, madagascar rubbervine, palay rubbervine, purple allamanda, rubber vine, vid de caucho","Plantae","Magnoliophyta","Magnoliopsida","Gentianales","Asclepiadaceae","Cryptostegia","Plantas ornamentais"
"Ctenopharyngodon idella","H98G","Ctenopharyngodon idella (Valenciennes, 1844)","Cyprinidae",,"(Valenciennes, 1844)","carpa-capim, grass carp, silver orfe","Animalia","Chordata","Actinopterygii","Cypriniformes","Cyprinidae","Ctenopharyngodon","Peixes de aquário; Peixes de aquicultura"
"Cupressus lusitanica","54XB","Cupressus lusitanica Mill.","Cupressaceae",,"Mill.","cedro-de-portugal, cedro-do-buçaço, ciprés de portugal, ciprés mejicano, mexican cypress","Plantae","Coniferophyta","Pinopsida","Pinales","Cupressaceae","Cupressus",
"Cynodon dactylon","DJM7","Cynodon dactylon (L.) Pers.","Poaceae",,"(L.) Pers.","capim-coastcross, capim-da-bermuda, capim-de-burro, grama-bermuda, grama-seda, mate-me-embora, chiendent pied-de-poule, common bermudagrass, devilgrass","Plantae","Magnoliophyta","Liliopsida","Poales","Poaceae","Cynodon","Plantas forrageiras"
"Cynodon plectostachyus","4444","Cynodon plectostachyus (K.Schum.) Pilg","Poaceae",,"(K.Schum.) Pilg","capim-estrela, capim-estrela-da-áfrica, estrela-africana, bermuda grass, feathery couch, giant quickgrass, giant stargrass, stargrass","Plantae","Magnoliophyta","Liliopsida","Poales","Poaceae","Cynodon","Plantas forrageiras"
"Cynopotamus kincaidi","FQXC","Cynopotamus kincaidi (Schultz, 1950)","Characidae",,"(Schultz, 1950)","saicanga, dentudo, dientudo","Animalia","Chordata","Actinopterygii","Characiformes","Characidae","Cynopotamus","Peixes de aquário"
"Cyperus rotundus","HQRF","Cyperus rotundus L.","Cyperaceae",,"L.","alho, alho-bravo, capim-alho, capim-dandá, junça, junça-aromática, tiririca, tiririca-comum, tiririca-vermelha, três-quinas","Plantae","Magnoliophyta","Liliopsida","Poales","Cyperaceae","Cyperus",
"Cyprinus carpio","4XPM","Cyprinus carpio Linnaeus, 1758","Cyprinidae",,"(Linnaeus, 1758)","carpa-comum, carp","Animalia","Chordata","Actinopterygii","Cypriniformes","Cyprinidae","Cyprinus","Peixes de aquário; Peixes de aquicultura; Pesca desportiva"
"Cytisus scoparius","8CLD","Cytisus scoparius (L.) Link","Fabaceae",,"(L.) Link","giesta, giesteira das vassouras, broom, retama, scots broom, common broom, english broom, escoba negra, genêt à balai, Irish broom, retama de escobas, retama negra, scotch broom, scottish broom","Plantae","Magnoliophyta","Magnoliopsida","Fabales","Fabaceae","Cytisus","Plantas forrageiras; Plantas ornamentais"
"Daphnia lumholtzi","5MTW","Daphnia lumholtzi G. O. Sars, 1885","Daphniidae",,"G. O. Sars, 1885","dáfnia, water flea","Animalia","Arthropoda","Branchiopoda","Diplostraca","Daphniidae","Daphnia",
"Deparia petersenii","BWNK","Deparia petersenii (Kunze) M.Kato","Athyriaceae",,"(Kunze) M. Kato","black lady fern, japanese lady fern","Plantae","Tracheophyta","Pteridopsida","Athyriales","Woodsiaceae","Deparia","Plantas ornamentais"
"Diadumene lineata","9GXL","Diadumene lineata (Verrill, 1869)","Diadumenidae",,"(Verrill, 1870)",,"Animalia","Cnidaria","Anthozoa","Actiniaria","Diadumenidae","Diadumene","Espécies marinhas"
"Didemnum perlucidum","7F7Y","Didemnum perlucidum Monniot, 1983","Didemnidae",,"Monniot F., 1983","white crust tunicate","Animalia","Chordata","Ascidiacea","Aplousobranchia","Didemnidae","Didemnum","Espécies marinhas"
"Dieffenbachia amoena","F65W","Dieffenbachia seguine (Jacq.) Schott","Araceae",,"Bull.","comigo-ninguém-pode, giant dumbcane, malanga","Plantae","Magnoliophyta","Liliopsida","Alismatales","Araceae","Dieffenbachia","Plantas ornamentais"
"Dieffenbachia seguine","F65W","Dieffenbachia seguine (Jacq.) Schott","Araceae",,"(Jacq.) Schott","comigo-ninguém-pode, dumb cane","Plantae","Magnoliophyta","Liliopsida","Alismatales","Araceae","Dieffenbachia","Plantas ornamentais"
"Digitaria eriantha","9MT8","Digitaria eriantha Steud.","Poaceae",,"Steud.","capim-pangola, pangola, pangola-grass","Plantae","Magnoliophyta","Liliopsida","Poales","Poaceae","Digitaria","Plantas forrageiras"
"Digitonthophagus gazella","3PDM","Digitonthophagus gazella (Fabricius, 1787)","Scarabaeidae",,"(Fabr.) 1787","besouro-africano, cagueiro, rola-bosta, rola-bosta-africano","Animalia","Arthropoda","Insecta","Coleoptera","Scarabaeidae","Digitonthophagus",
"Dilocarcinus pagei","562S","Dilocarcinus pagei Stimpson, 1861","Trichodactylidae",,"Stimpson, 1861","caranguejo-de-água-doce, cangrejo de río, freshwater crab","Animalia","Arthropoda","Malacostraca","Decapoda","Trichodactylidae","Dilocarcinus",
"Dracaena angolensis","BDF8","Dracaena angolensis (Welw. ex Carrière) Byng & Christenh.","Asparagaceae",,"(Welw. ex Carrière) Byng & Christenh.","cauda-de-lúcio, lança-de-são-jorge","Plantae","Magnoliophyta","Liliopsida","Asparagales","Asparagaceae","Dracaena","Plantas ornamentais"
"Dracaena fragrans","DTF","Dracaena fragrans (L.) Ker Gawl.","Asparagaceae",,"(L.) Ker-Gawl.","coqueiro-de-vênus, dracena, pau-d'água, dragon flower, fragrant dracaena, palmillo, pleomele","Plantae","Magnoliophyta","Liliopsida","Asparagales","Asparagaceae","Dracaena","Plantas ornamentais"
"Duchesnea indica","286107","Duchesnea indica","Rosaceae",,"(Andr.) Focke","morango-silvestre, fraise de l eau, indian mockstrawberry, indian strawberry","Plantae","Magnoliophyta","Magnoliopsida","Rosales","Rosaceae","Duchesnea",
"Echinochloa crus-galli","8HWQ","Echinochloa crus-galli (L.) P. Beauv.","Poaceae",,"(L.) Beauv.","canarana, capim-andrequicé, capim-capivara, capim-quicé, barnyard grass, cockspur, crête de coq, japanese millet","Plantae","Magnoliophyta","Liliopsida","Poales","Poaceae","Echinochloa",
"Eisenia fetida","BFMX","Eisenia fetida (Savigny, 1826)","Lumbricidae",,"(Savigny, 1826)","minhoca-europeia-de-esterco, vermelha-da-califórnia, compost worm, earthworm, manure worm, red worms","Animalia","Annelida","Clitellata","Haplotaxida","Lumbricidae","Eisenia",
"Elaeis guineensis","3PPV","Elaeis guineensis Jacq.","Arecaceae",,"Jacq.","coqueiro-de-dendê, dendê, dendem, palma-de-guiné, palmeira-dendem, african oil palm, palma africana, palmier à huile","Plantae","Magnoliophyta","Liliopsida","Arecales","Arecaceae","Elaeis",
"Eleutherodactylus johnstonei","H56N","Eleutherodactylus johnstonei Barbour, 1914","Eleutherodactylidae",,"Barbour, 1914","perereca assobiadora, caribbean frog, johnstone's rain frog, lesser antillean whistling frog","Animalia","Chordata","Amphibia","Anura","Eleutherodactylidae","Eleutherodactylus",
"Epipremnum aureum","7SGP","Epipremnum aureum (Linden & André) G.S.Bunting","Araceae",,"(Linden & André) G.S.Bunting","hera-do-diabo, jiboia, jiboia-verde, golden pothos","Plantae","Magnoliophyta","Liliopsida","Alismatales","Araceae","Epipremnum","Plantas ornamentais"
"Equus caballus",,,,,"(Linnaeus, 1758)","cavalo-lavradeiro","Animalia","Chordata","Mammalia","Perissodactyla","Equidae","Equus",
"Eragrostis plana","6VFM","Eragrostis plana Nees","Poaceae",,"Nees","annoni, capim-annoni-2, capim-chorão, capim-teff, love grass","Plantae","Magnoliophyta","Liliopsida","Poales","Poaceae","Eragrostis","Plantas forrageiras"
"Erythrinus erythrinus","ZNX","Erythrinus erythrinus (Bloch & Schneider, 1801)","Erythrinidae",,"(Bloch & Schneider, 1801)","jeju, moroba, common pandora","Animalia","Chordata","Actinopterygii","Characiformes","Erythrinidae","Erythrinus","Peixes de aquário; Peixes de aquicultura"
"Erythropodium caribaeorum",,,,,"(Duchassaing and Michelotti, 1860)","coral","Animalia","Cnidaria","Anthozoa","Alcyonacea","Anthothelidae","Erythropodium","Espécies marinhas"
"Estrilda astrild","BBX","Estrilda astrild (Linnaeus, 1758)","Estrildidae",,"Linnaeus","bico-de-lacre, bico-de-lacre-comum, common-waxbill","Animalia","Chordata","Aves","Passeriformes","Estrildidae","Estrilda","Pets"
"Eualetes tulipa",,,,,"(Rousseau in Chenu, 1843)","caracol, sea snail","Animalia","Mollusca","Gastropoda","Littorinimorpha","Vermetidae","Eualetes","Espécies marinhas"
"Eucalyptus robusta","BLCV","Eucalyptus robusta Sm.","Myrtaceae",,"Sm.","eucalipto, eucalipto-do-brejo, robust eucalyptus, swamp-mahogany","Plantae","Magnoliophyta","Magnoliopsida","Myrtales","Myrtaceae","Eucalyptus","Uso florestal"
"Eucalyptus sp.",,,,,"L'Hér.","eucalipto, gum tree","Plantae","Magnoliophyta","Magnoliopsida","Myrtales","Myrtaceae","Eucalyptus","Uso florestal"
"Euphorbia tirucalli","H9NR","Euphorbia tirucalli L.","Euphorbiaceae",,"(L.. 1753)","almeidinha, avelós, consuelda, indiantree spurge","Plantae","Magnoliophyta","Magnoliopsida","Malpighiales","Euphorbiaceae","Euphorbia","Plantas ornamentais"
"Euterpe oleracea","63Y7","Euterpe oleracea Mart.","Arecaceae",,"Mart.","açaí, açaizeiro, asai, assai, cabbage palm, pina palm","Plantae","Magnoliophyta","Liliopsida","Arecales","Arecaceae","Euterpe","Plantas ornamentais"
"Falcataria falcata","7FNZ","Falcataria falcata (L.) Greuter & R.Rankin","Fabaceae",,"(L.) Greuter & R.Rankin","albizia, indonesia albizia, molucca albizia, white albizia","Plantae","Magnoliophyta","Magnoliopsida","Fabales","Fabaceae","Falcataria","Plantas ornamentais; Uso florestal"
"Felis catus","3TCH","Felis catus Linnaeus, 1758","Felidae",,"Linnaeus, 1775","gato, gato-doméstico, domestic cat, house cat, wild cat","Animalia","Chordata","Mammalia","Carnivora","Felidae","Felis","Pets"
"Ficus microcarpa","5HSW","Ficus microcarpa L.f.","Moraceae",,"L.f.","figueira, laurel-da-índia, chinese banyan, curtain fig, laurel fig","Plantae","Magnoliophyta","Magnoliopsida","Urticales","Moraceae","Ficus","Plantas ornamentais"
"Furcraea foetida","7PG6","Furcraea foetida (L.) Haw.","Asparagaceae",,"(L.) Haw.","pita, piteira, sisal, Mauritius hemp","Plantae","Magnoliophyta","Liliopsida","Asparagales","Agavaceae","Furcraea","Plantas ornamentais"
"Furcraea selloa","D4M","Furcraea selloa K.Koch","Asparagaceae",,"Koch","falso-agave, wild sisal","Plantae","Magnoliophyta","Liliopsida","Asparagales","Agavaceae","Furcraea","Plantas ornamentais"
"Gaillardia pulchella","3Y69","Gaillardia pulchella Foug.","Asteraceae",,"Foug.","gailárdia, laço-espanhol-dobrado, blanket flower, indian blanket","Plantae","Magnoliophyta","Magnoliopsida","Asterales","Asteraceae","Gaillardia","Plantas ornamentais"
"Geophagus sveni","3727","Geophagus sveni Lucinda, Lucena & Assis, 2010","Cichlidae",,"Lucinda, Lucena & Assis, 2010","cará","Animalia","Chordata","Actinopterygii","Cichliformes","Cichlidae","Geophagus","Pesca desportiva"
"Grevillea banksii","6Z6T","Grevillea banksii R.Br.","Proteaceae",,"R. Br.","grevílea, grevílea-anã, grevílea-vermelha, kahili flower, red silky-oak","Plantae","Magnoliophyta","Magnoliopsida","Protelaes","Proteaceae","Grevillea","Plantas ornamentais"
"Grevillea robusta","HZ4S","Grevillea robusta A.Cunn. ex R.Br.","Proteaceae",,"A. Cunn. ex R. Br.","carvalho-sedoso, grevílea-gigante, grevilha, grevilha-robusta, silk oak","Plantae","Magnoliophyta","Magnoliopsida","Protelaes","Proteaceae","Grevillea","Uso florestal"
"Gymnodinium catenatum","4C5K","Gymnodinium catenatum H.W.Graham",,,"Graham, 1943","dinoflagelado, dinoflagellate","Protista","Dinoflagellata","Dinophyceae","Gymnodiniales","Gymnodiniaceae","Gymnodinium","Espécies marinhas"
"Gymnorhamphichthys hypostomus","7SYK","Gymnorhamphichthys hypostomus Ellis, 1912","Rhamphichthyidae",,"(Ellis, 1912)","peixe-faca-de-areia, anguila, cuchillo","Animalia","Chordata","Actinopterygii","Gymnotiformes","Rhamphichthyidae","Gymnorhamphichthys",
"Gymnotus inaequilabiatus","3NCY","Gymnotus inaequilabiatus (Valenciennes, 1839)","Gymnotidae",,"(Valenciennes, 1842)","ituí-cavalo, tuvira","Animalia","Chordata","Actinopterygii","Gymnotiformes","Gymnotidae","Gymnotus","Pesca desportiva"
"Gymnotus pantanal","9W5L","Gymnotus pantanal Fernandes, Albert, Daniel-Silva, Lopes, Crampton & Almeida-Toledo, 2005","Gymnotidae",,"Fernandes, Albert, Daniel-Silva, Lopes, Crampton & Almeida-Toledo 2005","peixe-elétrico","Animalia","Chordata","Actinopterygii","Gymnotiformes","Gymnotidae","Gymnotus",
"Gymnotus paraguensis","D7BG","Gymnotus paraguensis Albert & Crampton, 2003","Gymnotidae",,"(Albert & Crampton, 2003)","peixe-elétrico, tuvira, morena","Animalia","Chordata","Actinopterygii","Gymnotiformes","Gymnotidae","Gymnotus","Pesca desportiva"
"Gymnotus sylvius","CXWN","Gymnotus sylvius Albert & Fernandes-Matiola, 1999","Gymnotidae",,"Albert & Fernandes-Matioli in Albert et al., 1999","morenita, tuvira","Animalia","Chordata","Actinopterygii","Gymnotiformes","Gymnotidae","Gymnotus",
"Harmonia axyridis","95Q9","Harmonia axyridis (Pallas, 1773)","Coccinellidae",,"(Pallas, 1773)","joaninha, asian lady beetle","Animalia","Arthropoda","Insecta","Coleoptera","Coccinellidae","Harmonia",
"Hedychium coccineum","HN84","Hedychium coccineum Buch.-Ham. ex Sm.","Zingiberaceae",,"Buch.-Ham., ex Sm.","gengibre-vermelho, jasmim-vermelho, gingembre-douleur, red ginger","Plantae","Magnoliophyta","Liliopsida","Zingiberales","Zingiberaceae","Hedychium","Plantas ornamentais"
"Hedychium coronarium","3D3Y","Hedychium coronarium J.Koenig","Zingiberaceae",,"J. König","açucena, borboleta, borboleta-amarela, cardamomo-do-mato, escalda-mão, flor-de-lis, jasmim, jasmim-borboleta, lágrima-de-moça, lágrima-de-napoleão, lágrima-de-vênus, lírio-branco, lírio-do-brejo, napoleão, narciso, olímpia, butterfly lilly, garland flower, white ginger","Plantae","Magnoliophyta","Liliopsida","Zingiberales","Zingiberaceae","Hedychium","Plantas ornamentais"
"Hedychium gardnerianum","H6NS","Hedychium gardnerianum Sheppard ex Ker Gawl.","Zingiberaceae",,"Sheppard ex Ker-Gawl.","gengibre-selvagem, jarroca, conteira, longose de Gardner, wild ginger","Plantae","Magnoliophyta","Liliopsida","Zingiberales","Zingiberaceae","Hedychium","Plantas ornamentais"
"Helostoma temminkii","9K69","Helostoma temminckii Cuvier, 1829","Helostomatidae",,"Cuvier, 1829","beijador, kisser fish, kissing gourami, pink kisser","Animalia","Chordata","Actinopterygii","Perciformes","Helostomatidae","Helostoma","Peixes de aquário"
"Hemidactylus mabouia","169156","Hemidactylus mabouia","Gekkonidae",,"Moreau de Jonnès, 1818","jacaré-de-parede, lagartixa, afro-american-house-gecko, gecko-casero-tropical","Animalia","Chordata","Reptilia","Squamata","Gekkonidae","Hemidactylus",
"Hemiodus orthonops","GS7M","Hemiodus orthonops Eigenmann & Kennedy, 1903","Hemiodontidae",,"(Eigenmann & Kennedy, 1903)","bananinha, piau-banana","Animalia","Chordata","Actinopterygii","Characiformes","Hemiodontidae","Hemiodus","Peixes de aquário"
"Heterotilapia buttikoferi","BVX5","Heterotilapia buttikoferi (Hubrecht, 1881)","Cichlidae",,"(Hubrecht, 1881)","zebra, zebrinha, zebra tilapia","Animalia","Chordata","Actinopterygii","Cichliformes","Cichlidae","Heterotilapia","Peixes de aquário"
"Hevea brasiliensis","C3HF","Hevea brasiliensis (Willd. ex A.Juss.) Müll.Arg.","Euphorbiaceae",,"(Willd. ex A.Juss.) Müll.Arg.","árvore-da-borracha, seringa, seringa-verdadeira, seringueira, caoutchouc, caucho, hevea, rubber tree, rubber-plant","Plantae","Magnoliophyta","Magnoliopsida","Malpighiales","Euphorbiaceae","Hevea","Uso florestal"
"Hippobroma longiflora","6B2Y","Hippobroma longiflora (L.) G.Don","Campanulaceae",,"(L.) G. Don","arrebenta-boi, cega-olho, jasmim-da-itália, etoile de Bethléem, lágrimas de San Diego, madamfate, star of Bethlehem","Plantae","Magnoliophyta","Magnoliopsida","Campanulales","Campanulaceae","Hippobroma","Plantas ornamentais"
"Hoplerythrinus unitaeniatus","CYH6","Hoplerythrinus unitaeniatus (Agassiz, 1829)","Erythrinidae",,"(Agassiz, 1829)","aimara, jejú","Animalia","Chordata","Actinopterygii","Characiformes","Erythrinidae","Hoplerythrinus","Peixes de aquicultura; Pesca desportiva"
"Hoplias intermedius","63LW","Hoplias intermedius (Günther, 1864)","Erythrinidae",,"(Günther, 1864)","trairão","Animalia","Chordata","Actinopterygii","Characiformes","Erythrinidae","Hoplias","Pesca desportiva"
"Hoplias lacerdae","7XDY","Hoplias lacerdae Ribeiro, 1908","Erythrinidae",,"(Miranda Ribeiro, 1908)","tariputanga, trairaçu, trairão, tararira","Animalia","Chordata","Actinopterygii","Characiformes","Erythrinidae","Hoplias","Peixes de aquicultura; Pesca desportiva"
"Hoplosternum littorale","67QL","Hoplosternum littorale (Hancock, 1828)","Callichthyidae",,"(Hancock, 1828)","camboatá, cascudo, tamoatá, hassar","Animalia","Chordata","Actinopterygii","Siluriformes","Callichthyidae","Hoplosternum","Peixes de aquicultura; Pesca desportiva"
"Hovenia dulcis","3N36","Hovenia dulcis Thunb.","Rhamnaceae",,"Thunb.","banana-do-japão, caju-do-japão, passa-japonesa, uva-do-japão, uva-japonesa, japanese cherry, japanese raisin tree, sarmiento japonés","Plantae","Magnoliophyta","Magnoliopsida","Rhamnales","Rhamnaceae","Hovenia","Plantas ornamentais; Uso florestal"
"Hura crepitans","CSF4","Hura crepitans L.","Euphorbiaceae",,"Linneaus","açacu, assacu, uassacu, catahua, ceiba amarilla, javillo, sandbox tree","Plantae","Magnoliophyta","Magnoliopsida","Malpighiales","Euphorbiaceae","Hura","Plantas ornamentais"
"Hyblaea puera","3D3M","Hyblaea puera (Cramer, 1777)","Hyblaeidae",,"Cramer","lagarta-da-teca, lagarta-desfolhadora, teak defoliator","Animalia","Arthropoda","Insecta","Lepidoptera","Hyblaeidae","Hyblaea","Uso florestal"
"Hydrilla verticillata","7SD6","Hydrilla verticillata (L.f.) Royle","Hydrocharitaceae",,"(L.f.) Royle","falsa-elodea, florida elodea, hydrilla, water thyme, waterweed","Plantae","Magnoliophyta","Liliopsida","Alismatales","Hydrocharitaceae","Hydrilla","Plantas ornamentais"
"Hydroides elegans","KYG","Hydroides elegans","Serpulidae",,"(Haswell, 1883)","poliqueta, tubeworm","Animalia","Annelida","Polychaeta","Sabellida","Serpulidae","Hydroides","Espécies marinhas"
"Hyparrhenia rufa","6SW2","Hyparrhenia rufa (Nees) Stapf","Poaceae",,"(Nees) Stapf","capim-jaraguá, capim-provisório, capim-vermelho, jaragua, jaraguagrass, thatching grass","Plantae","Magnoliophyta","Liliopsida","Poales","Poaceae","Hyparrhenia","Plantas forrageiras"
"Hyphessobrycon eques","GK2Z","Megalamphodus eques (Steindachner, 1882)","Acestrorhamphidae",,"(Steindachner, 1882)","mato-grosso, tetra-serpae, serpae tetra","Animalia","Chordata","Actinopterygii","Characiformes","Characidae","Hyphessobrycon","Peixes de aquário"
"Hypophthalmichthys molitrix","4KW7","Hypophthalmichthys molitrix (Valenciennes, 1844)","Cyprinidae",,"(Valenciennes, 1844)","carpa-prateada, silver-carp","Animalia","Chordata","Actinopterygii","Cypriniformes","Cyprinidae","Hypophthalmichthys","Peixes de aquicultura"
"Hypophthalmichthys nobilis","9NN2","Hypophthalmichthys nobilis (Richardson, 1845)","Cyprinidae",,"Richardson, 1845","carpa-de-cabeça-grande, amour à grosse tête, amour marbré, bighead carp, carpa cabeza grande, carpa cabezona, marmorkarpfen","Animalia","Chordata","Actinopterygii","Cypriniformes","Cyprinidae","Aristichthys","Peixes de aquicultura"
"Hypophthalmus edentatus","42MC","Hypophthalmus edentatus Agassiz, 1829","Pimelodidae",,"Spix and Agassiz, 1829","mapará, perna-de-moça, sardela, highwaterman catfish","Animalia","Chordata","Actinopterygii","Siluriformes","Hypophthalmidae","Hypophthalmus","Pesca desportiva"
"Hypsoblennius invemar","3FMP","Hypsoblennius invemar Smith-Vaniz & Acero, 1980","Blenniidae",,"Smith-Vaniz & Acero, 1980","blenio-vermelho, tessellated blenny","Animalia","Chordata","Actinopterygii","Perciformes","Bleniidae","Hypsoblennius","Espécies marinhas"
"Ictalurus punctatus","BTVD","Ictalurus punctatus (Rafinesque, 1818)","Ictaluridae",,"(Rafinesque, 1818)","bagre-do-canal, channel catfish","Animalia","Chordata","Actinopterygii","Siluriformes","Ictaluridae","Ictalurus","Peixes de aquicultura; Pesca desportiva"
"Impatiens walleriana","GZYB","Impatiens walleriana Hook.f.","Balsaminaceae",,"Hook. f.","balsamina, beijinho, beijo, beijo-de-frade, beijo-turco, ciúmes, maravilha, maria-sem-vergonha, melindre, não-me-toque, suspiro, impatiens","Plantae","Magnoliophyta","Magnoliopsida","Sapindales","Balsaminaceae","Impatiens","Plantas ornamentais"
"Iris domestica","BNH5","Iris domestica (L.) Goldblatt & Mabb.","Iridaceae",,"(L.) Goldblatt & Mabb.","flor-leopardo, blackberry lily, leopard flower, leopard lily","Plantae","Magnoliophyta","Liliopsida","Asparagales","Iridaceae","Iris","Plantas ornamentais"
"Isognomon bicolor","CGPC","Isognomon bicolor (Adams, 1845)","Isognomonidae",,"(C. B. Adams, 1845)","ostra, bicolor purse-oyster, bicolored purse-oyster","Animalia","Mollusca","Bivalvia","Pterioida","Isognomonidae","Isognomon","Espécies marinhas"
"Jatropha curcas","5QVG","Jatropha curcas L.","Euphorbiaceae",,"L.","pinhão-branco, pinhão-manso, physic nut","Plantae","Magnoliophyta","Magnoliopsida","Malpighiales","Euphorbiaceae","Jatropha",
"Kalanchoe delagoensis","G7L6","Kalanchoe delagoensis Eckl. & Zeyh.","Crassulaceae",,"Eckl. & Zeyh.","cacto-japonês, cacto-da-abissínia, flor-da-abissínia","Plantae","Magnoliophyta","Magnoliopsida","Saxifragales","Crassulaceae","Kalanchoe","Plantas ornamentais"
"Kalanchoe fedtschenkoi","G694","Kalanchoe fedtschenkoi Raym.-Hamet & H.Perrier","Crassulaceae",,"Raym.-Hamet & Perr.","calanchoe fantasma, lavender scallops","Plantae","Magnoliophyta","Magnoliopsida","Saxifragales","Crassulaceae","Kalanchoe","Plantas ornamentais"
"Kalanchoe pinnata","HYF8","Kalanchoe pinnata (Lam.) Pers.","Crassulaceae",,"(Lam.) Pers.","corama, folha-da-fortuna, air plant, cathedral bells, goethe plant, life plant, miracle leaf","Plantae","Magnoliophyta","Magnoliopsida","Saxifragales","Crassulaceae","Kalanchoe","Plantas ornamentais"
"Kappaphycus alvarezzi","7SXP","Kappaphycus alvarezii (Doty) Doty ex P.C.Silva",,,"(Doty) L.M.Liao 1996","alga","Plantae","Rhodophyta","Florideophyceae","Ceramiales","Soliericeae","Kappaphycus","Espécies marinhas"
"Kellicottia bostoniensis","BCW8","Kellicottia bostoniensis (Rousselet, 1908)","Brachionidae",,"(Rousselet, 1908)","Plâncton","Animalia","Rotifera","Eurotatoria","Ploima","Brachionidae","Kellicottia",
"Kerodon rupestris","GYJR","Kerodon rupestris (Wied-Neuwied, 1820)","Caviidae",,"(Wied-Neuwied, 1820)","mocó, roedor","Animalia","Chordata","Mammalia","Rodentia","Caviidae","Kerodon",
"Laetacara araguaiae","4G6Z","Laetacara araguaiae Ottoni & Costa, 2009","Cichlidae",,"Ottoni & Costa, 2009","carazinho","Animalia","Chordata","Actinopterygii","Cichliformes","Cichlidae","Laetacara","Peixes de aquário"
"Latissimia ningalooensis",,,,,"Ekins, Benayahu & McFadden",,"Animalia","Cnidaria","Anthozoa","Alcyonacea","Xeniidae","Latissimia","Espécies marinhas"
"Laurencia caduciramulosa","9P5R","Laurencia caduciramulosa Masuda & Kawag.",,,"Masuda & S.Kawaguchi 1997","alga, algae","Plantae","Rhodophyta","Florideophyceae","Ceramiales","Rhodomelaceae","Laurencia","Espécies marinhas"
"Leiosolenus aristatus","HGC6","Leiosolenus aristatus (Dillwyn, 1817)","Mytilidae",,"(Dillwyn, 1817)","mexilhão","Animalia","Mollusca","Bivalvia","Mytiloida","Mytilidae","Leiosolenus","Espécies marinhas"
"Leontopithecus chrysomelas","GTWT","Leontopithecus chrysomelas (Kuhl, 1820)","Cebidae",,"Kuhl, 1820","mico-leão-de-cara-dourada, golden headed lion tamarin","Animalia","Chordata","Mammalia","Primates","Callithrichidae","Leontopithecus","Pets"
"Lepomis gibbosus","93VS","Lepomis gibbosus (Linnaeus, 1768)","Centrarchidae",,"(Linnaeus, 1758)","perca-sol, pumpkinseed sunfish","Animalia","Chordata","Actinopterygii","Perciformes","Centrarchidae","Lepomis","Pesca desportiva"
"Leporinus friderici","C7ZH","Leporinus friderici (Bloch, 1794)","Anostomidae",,"(Bloch, 1794)","aracu, aracu-cabeça-gorda, aracu-comum, piau-três-pintas, piava","Animalia","Chordata","Actinopterygii","Characiformes","Anostomidae","Leporinus","Pesca desportiva"
"Leporinus octofasciatus","8J2H","Leporinus octofasciatus Steindachner, 1915","Anostomidae",,"Steindachner, 1915","ferreirinha, flamenguinho, piau","Animalia","Chordata","Actinopterygii","Characiformes","Anostomidae","Leporinus","Pesca desportiva"
"Lepthoplosternum pectorale","BVPP","Lepthoplosternum pectorale (Boulenger, 1895)","Callichthyidae",,"(Boulenger, 1895)","caborja, tamboatá","Animalia","Chordata","Actinopterygii","Siluriformes","Callichthyidae","Lepthoplosternum","Peixes de aquário"
"Leptodactylus labyrinthicus","CQ8D","Leptodactylus labyrinthicus (Spix, 1824)","Leptodactylidae",,"(Spix, 1824)","rã-pimenta, pepper frog","Animalia","Chordata","Amphibia","Anura","Leptodactylidae","Leptodactylus",
"Lepus europaeus","J262","Lepus europaeus Pallas, 1778","Leporidae",,"(Pallas, 1778)","lebrão, lebre, lebre-europeia, brown hare, cape hare, european hare","Animalia","Chordata","Mammalia","Lagomorfa","Leporidae","Lepus",
"Leucaena leucocephala","8BRC","Leucaena leucocephala (Lam.) de Wit","Fabaceae",,"(Lam.) de Wit","leucena, acacia-palida, faux-acacia, leucaena","Plantae","Magnoliophyta","Magnoliopsida","Fabales","Fabaceae","Leucaena","Plantas forrageiras"
"Licornia diadema","9M88","Licornia diadema (Busk, 1852)","Candidae",,"(Busk, 1852)",,"Animalia","Bryozoa","Gymnolaemata","Cheilostomata","Candidae","Licornia","Espécies marinhas"
"Licornia jolloisii","5CJK","Licornia jolloisii (Audouin, 1826)","Candidae",,"(Audouin, 1826)",,"Animalia","Bryozoa","Gymnolaemata","Cheilostomata","Candidae","Licornia","Espécies marinhas"
"Ligustrum japonicum","DX7T","Ligustrum japonicum Thunb.","Oleaceae",,"Thunb.","alfeneiro, ligustro, tree privet","Plantae","Magnoliophyta","Magnoliopsida","Scrophulariales","Oleaceae","Ligustrum","Plantas ornamentais"
"Ligustrum lucidum","7QPG","Ligustrum lucidum W.T.Aiton","Oleaceae",,"W.T. Aiton","alfeneiro, alfeneiro-do-japão, ligustro, tree privet","Plantae","Magnoliophyta","Magnoliopsida","Scrophulariales","Oleaceae","Ligustrum","Plantas ornamentais"
"Ligustrum sinense","47LN","Ligustrum sinense Lour.","Oleaceae",,"Lour","Alfeneiro, Ligustro, Chinese privet","Plantae","Magnoliophyta","Magnoliopsida","Scrophulariales","Oleaceae","Ligustrum","Plantas ornamentais"
"Ligustrum vulgare","794F","Ligustrum vulgare L.","Oleaceae",,"L.","alfeneiro, santantoninhas, common privet","Plantae","Magnoliophyta","Magnoliopsida","Scrophulariales","Oleaceae","Ligustrum","Plantas ornamentais"
"Limnoperna fortunei","84ZT","Limnoperna fortunei (Dunker, 1857)","Mytilidae",,"(Dunker, 1857)","mexilhão-dourado, golden mussel, mejillón dorado","Animalia","Mollusca","Bivalvia","Mytiloida","Mytilidae","Limnoperna",
"Liolaemus lutzae","CQVT","Liolaemus lutzae Mertens, 1938","Liolaemidae",,"(Mertens, 1938)","lagartixa-de-areia","Animalia","Chordata","Reptilia","Squamata","Tropiduridae","Liolaemus",
"Lissachatina fulica","CWMT","Lissachatina fulica (Férussac, 1821)","Achatinidae",,"(Bowdich, 1822)","achatina, caramujo-gigante-africano, giant african snail","Animalia","Mollusca","Gastropoda","Stylommatophora","Achatinidae","Lissachatina",
"Livistona chinensis","G4G7","Livistona chinensis (Jacq.) R.Br. ex Mart.","Arecaceae",,"(Jacq.) R. Br.","falsa-latânia, palmeira-leque-da-china, chinese fan palm, fountain palm, palmiér évantail de chine","Plantae","Magnoliophyta","Liliopsida","Arecales","Arecaceae","Livistona","Plantas ornamentais"
"Lonicera japonica","GZZ5","Lonicera japonica Thumb.","Caprifoliaceae",,"Thunb. ex Murray","madressilva, madressilva-da-china, madressilva-do-japão, madressilva-dos-jardins, clématite du japon, hall's honeysuckle, japanese honeysuckle, madreselva","Plantae","Magnoliophyta","Magnoliopsida","Dipsacales","Caprifoliaceae","Lonicera","Plantas forrageiras; Plantas ornamentais"
"Lophiosilurus alexandri","FFQP","Lophiosilurus alexandri Steindachner, 1876","Pseudopimelodidae",,"(Steindachner, 1876)","linguado-de-são-francisco, niquim, pacamã, pocomã","Animalia","Chordata","Actinopterygii","Siluriformes","Pseudopimelodidae","Lophiosilurus","Peixes de aquário; Pesca desportiva"
"Loricariichthys platymetopon","82T8","Loricariichthys platymetopon Isbrücker & Nijssen, 1979","Loricariidae",,"Isbrücker & Nijssen, 1979","cascudo-chinelo, rapa-canoa","Animalia","Chordata","Actinopterygii","Siluriformes","Loricariidae","Loricariichthys","Pesca desportiva"
"Loricariichthys rostratus","H7MY","Loricariichthys rostratus Reis & Pereira, 2000","Loricariidae",,"Reis & Pereira, 2000","cascudo-chinelo, rapa-canoa","Animalia","Chordata","Actinopterygii","Siluriformes","Loricariidae","Loricariichthys","Pesca desportiva"
"Macrobrachium rosenbergii","7X47","Macrobrachium rosenbergii (De Man, 1879)","Palaemonidae",,"(De Man, 1879)","azulão, camarão-gigante-da-malásia, gigante-da-malásia, Pitu, giant river prawn","Animalia","Arthropoda","Malacostraca","Decapoda","Palaemonidae","Macrobrachium",
"Macropodus opercularis","FXYG","Macropodus opercularis (Linnaeus, 1758)","Osphronemidae van-der",,"(Linnaeus, 1758)","peixe-do-paraíso, paradise fish","Animalia","Chordata","Actinopterygii","Perciformes","Osphronemidae","Macropodus","Peixes de aquário; Peixes de aquicultura"
"Macrothelypteris torresiana","9WRH","Macrothelypteris torresiana (Gaudich.) Ching","Thelypteridaceae",,"(Gaudich.) Ching.","samambaia, samambaia-da-pedra","Plantae","Pteridophyta","Filicopsida","Polypodiales","Thelypteridaceae","Macrothelypteris","Plantas ornamentais"
"Magallana gigas","CGJV","Magallana gigas ((Thunberg), 1793)","Ostreidae",,"(Thunberg, 1793)","ostra, ostra-do-pacífico, ostra del Pacífico, ostra japonesa, pacific giant oyster, pacific oyster","Animalia","Mollusca","Bivalvia","Ostreoida","Ostreidae","Magallana","Espécies marinhas"
"Magnolia champaca","BZWR","Magnolia champaca (L.) Baill. ex Pierre","Magnoliaceae",,"(L.) Baill. ex Pierre","magnolia-amarela, champac, champaca, michelie","Plantae","Magnoliophyta","Magnoliopsida","Magnoliales","Magnoliaceae","Magnolia","Plantas ornamentais"
"Mangifera indica","9YG6","Mangifera indica L.","Anacardiaceae",,"L.","mangueira, mango","Plantae","Magnoliophyta","Magnoliopsida","Sapindales","Anacardiaceae","Mangifera",
"Megabalanus coccopoma","8D9R","Megabalanus coccopoma (Darwin, 1854)","Balanidae",,"(Darwin, 1854)","craca, barnacle","Animalia","Arthropoda","Maxillopoda","Sessilia","Balanidae","Megabalanus","Espécies marinhas"
"Megaleporinus macrocephalus","HXXW","Megaleporinus macrocephalus Garavello & Britski, 1988","Anostomidae",,"(Garavello & Britski, 1988)","piavaçu, piavussu","Animalia","Chordata","Actinopterygii","Characiformes","Anostomidae","Megaleporinus","Peixes de aquicultura"
"Megaleporinus obtusidens","5QZC","Megaleporinus obtusidens Valenciennes, 1836","Anostomidae",,"(Valenciennes, 1836)","piapara, piau, piava","Animalia","Chordata","Actinopterygii","Characiformes","Anostomidae","Megaleporinus","Pesca desportiva"
"Megaleporinus piavussu","8Q4L","Megaleporinus piavussu Britski, Birindelli & Garavello, 2012","Anostomidae",,"(Britski, Birindelli & Garavello, 2012)","piau, piavuçu, piavussu","Animalia","Chordata","Actinopterygii","Characiformes","Anostomidae","Megaleporinus","Peixes de aquicultura; Pesca desportiva"
"Megathyrsus maximus","3ST","Megathyrsus maximus (Jacq.) B.K.Simon & S.W.L.Jacobs","Poaceae",,"(Jacq.) B.K. Simon & S.W.L. Jacobs","capim-colonião, capim-coloninho, capim-da-colônia, capim-de-cavalo, capim-de-corte, capim-de-mula, capim-de-planta, capim-gatton-panic, capim-green-panic, capim-guaçu, capim-guedes, capim-guiné, capim-makueni, capim-murubu, capim-murumbu, capim-navalha, capim-sempre-verde, capim-tanganica, capim-tanzânia, milhã, buffalo grass, hierba de india, privilegio, zacatón","Plantae","Magnoliophyta","Liliopsida","Poales","Poaceae","Megathyrsus","Plantas forrageiras"
"Melanoides tuberculata","H47N","Melanoides tuberculata (Müller, 1774)","Thiaridae",,"(Muller, 1774)","melanóide, red-rim-melania","Animalia","Mollusca","Gastropoda","Neotaenioglossa","Thiaridae","Melanoides","Espécies marinhas"
"Melia azedarach","5M6R","Melia azedarach L.","Meliaceae",,"L.","cinamomo, paraíso, santa-bárbara, china berry, syringa berrytree","Plantae","Magnoliophyta","Magnoliopsida","Sapindales","Meliaceae","Melia","Plantas ornamentais"
"Melinis minutiflora","5XV3","Melinis minutiflora P.Beauv.","Poaceae",,"P. Beauv.","capim-cabelo-de-negro, capim-catingueiro, capim-de-frei-luiz, capim-gordo, capim-gordura, capim-graxa, capim-melado, capim-meloso, catingueiro, melado, molasses grass","Plantae","Magnoliophyta","Liliopsida","Poales","Poaceae","Melinis","Plantas forrageiras"
"Melinis repens","HNF9","Melinis repens (Willd.) Zizka","Poaceae",,"(Willd.) Zizka","capim-bandeira, capim-favorito, capim-gafanhoto, capim-natal, natal grass, rose natal grass, zacate rosado","Plantae","Magnoliophyta","Liliopsida","Poales","Poaceae","Melinis","Plantas forrageiras"
"Membraniporopsis tubigera","46L","Membraniporopsis tubigera (Osburn, 1940)","Sinoflustridae",,"(Osburn, 1940)","briozoário, bryozoan","Animalia","Bryozoa","Gymnolaemata","Cheilostomata","Sinoflustridae","Membraniporopsis","Espécies marinhas"
"Mesocyclops ogunnus","94WJ","Mesocyclops ogunnus Onabamiro, 1957","Cyclopidae",,"Onabamiro, 1957","copépode","Animalia","Arthropoda","Maxillopoda","Cyclopoida","Cyclopidae","Mesocyclops",
"Metapenaeus monocerus","3M62","Metapenaeus monoceros (Fabricius, 1798)","Penaeidae",,"(Fabricius, 1798)","camarão-tigre, camarón moteado, crevette mouchetée, ginger prawn, speckled prawn, speckled shrimp","Animalia","Arthropoda","Malacostraca","Decapoda","Penaeidae","Metapenaeus","Espécies marinhas"
"Metynnis lippincottianus","3956","Metynnis lippincottianus (Cope, 1870)","Serrasalmidae",,"(Cope, 1870)","pacu, pacu-galo, pacu-marreca, pacu-redondo, spotted silver dollar","Animalia","Chordata","Actinopterygii","Characiformes","Characidae","Metynnis","Peixes de aquário"
"Metynnis maculatus","D5LC","Metynnis maculatus (Kner, 1858)","Serrasalmidae",,"(Kner, 1858)","peixe-CD, spotted metynnis","Animalia","Chordata","Actinopterygii","Characiformes","Characidae","Metynnis",
"Micropterus salmoides","G8ZP","Micropterus salmoides (Lacépède, 1802)","Centrarchidae",,"(Lacepède, 1802)","achigã, black bass, largemouth bass","Animalia","Chordata","Actinopterygii","Perciformes","Centrarchidae","Micropterus","Peixes de aquicultura; Pesca desportiva"
"Mikrogeophagus altispinosus","3RR9","Mikrogeophagus altispinosus (Haseman, 1911)","Cichlidae",,"Haseman, 1911","papilo-cromis, bolivian rans","Animalia","Chordata","Actinopterygii","Cichliformes","Cichlidae","Mikrogeophagus","Peixes de aquário"
"Mimosa caesalpiniifolia","9ST2","Mimosa caesalpiniifolia Benth.","Fabaceae",,"Benth.","cebiá, sabiá, sansão-do-campo, unha-de-gato","Plantae","Magnoliophyta","Magnoliopsida","Fabales","Fabaceae","Mimosa","Plantas forrageiras"
"Mimusops balata","321809","Mimusops balata","Sapotaceae",,"(Aubl.) C.F.Gaertn.","abricó-da-praia, pomme jacot, spanish cherry","Plantae","Magnoliophyta","Magnoliopsida","Ericales","Sapotaceae","Mimusops","Plantas ornamentais"
"Misgurnus anguillicaudatus","8B5G","Misgurnus anguillicaudatus Cantor, 1842","Cobitidae",,"(Cantor, 1842)","dojô, japanese weatherfish, oriental weatherfish","Animalia","Chordata","Actinopterygii","Cypriniformes","Cobitidae","Misgurnus","Peixes de aquário"
"Molineria capitulata","3CD4","Curculigo capitulata (Lour.) Kuntze","Hypoxidaceae",,"(Lour.) Herb.","capim-palmeira, curculigo, palm-grass","Plantae","Magnoliophyta","Liliopsida","Asparagales","Hypoxidaceae","Molineria","Plantas ornamentais"
"Momordica charantia","4VRJ","Momordica charantia L.","Cucurbitaceae",,"L.","melão-de-são-caetano, melãozinho, achoccha silvestre, balsam pear, bitter melon, concombre africain,","Plantae","Magnoliophyta","Magnoliopsida","Violales","Cucurbitaceae","Momordica","Plantas ornamentais"
"Monomorium floricola","3M9M","Monomorium floricola (Jerdon, 1851)","Formicidae",,"(Jerdon, 1851)","floral-ant, bicoloured-trailing-ant, brownish-red-flower-ant, flower-ant","Animalia","Arthropoda","Insecta","Hymenoptera","Formicidae","Monomorium",
"Morus alba","CDCP","Morus alba L.","Moraceae",,"L.","amora-branca, amoreira, white mulberry","Plantae","Magnoliophyta","Magnoliopsida","Urticales","Moraceae","Morus","Plantas ornamentais"
"Morus nigra","FLJ5","Morus nigra L.","Moraceae",,"L.","amora-preta, amoreira, black mulberry","Plantae","Magnoliophyta","Magnoliopsida","Urticales","Moraceae","Morus","Plantas ornamentais"
"Murraya paniculata","3ZPK","Murraya paniculata (L.) Jack","Rutaceae",,"(L.) Jack","murta, murta-dos-jardins, bois de Chine, flor de ramo, jasmine orange, mock orange","Plantae","Magnoliophyta","Magnoliopsida","Sapindales","Rutaceae","Murraya","Plantas ornamentais"
"Mus musculus","7LDV","Mus musculus (Linnaeus, 1758)","Muridae",,"(Linnaeus, 1758)","camundongo, house mouse, souris commune","Animalia","Chordata","Mammalia","Rodentia","Muridae","Mus","Pets"
"Musa balbisiana","DJ7B","Musa balbisiana Colla","Musaceae",,"Colla","banana-flor, flowering rose banana","Plantae","Magnoliophyta","Liliopsida","Zingiberales","Musaceae","Musa","Plantas ornamentais"
"Musa ornata","6T4Q","Musa ornata Roxb.","Musaceae",,"Roxb.","banana-flor, bananeira, french plantain","Plantae","Magnoliophyta","Liliopsida","Zingiberales","Musaceae","Musa","Plantas ornamentais"
"Musa ornata x Musa velutina",,,,,,"bananinha, royal","Plantae","Magnoliophyta","Liliopsida","Zingiberales","Musaceae","Musa","Plantas ornamentais"
"Myiopsitta monachus","BVCG","Myiopsitta monachus (Boddaert, 1783)","Psittacidae",,"(Boddaert, 1783)","caturrita, monk parakeet","Animalia","Chordata","Aves","Psittaciformes","Psittacidae","Myiopsitta","Pets"
"Myocastor coypus","DJ9Q","Myocastor coypus (Molina, 1782)","Echimyidae",,"(Molina, 1782)","coypu, nutria, ratão-do-banhado","Animalia","Chordata","Mammalia","Rodentia","Myocastoridae","Myocastor",
"Mytilopsis leucophaeata","9JRN","Mytilopsis leucophaeata (Conrad, 1831)","Dreissenidae",,"(Conrad, 1831)",,"Animalia","Mollusca","Bivalvia","Veneroida","Dreissenidae","Mytilopsis",
"Mytilopsis sallei","9PMD","Mytilopsis sallei (Récluz, 1849)","Dreissenidae",,"(Récluz, 1849)","sururu-branco, dark false mussel","Animalia","Mollusca","Bivalvia","Veneroida","Dreissenidae","Mytilopsis","Espécies marinhas"
"Mytilus galloprovincialis","CKCH","Mytilus galloprovincialis Lamarck, 1819","Mytilidae",,"Lamarck, 1819","Mexilhão-do-mediterrâneo, Mediterranean-mussel","Animalia","Mollusca","Bivalvia","Mytiloida","Mytilidae","Mytilus","Espécies marinhas"
"Nandayus nenday",,,,,"(Vieillot, 1823)","periquito-de-cabeça-preta, príncipe-negro, black-hooded parakeet, nanday parakeet","Animalia","Chordata","Aves","Psittaciformes","Psittacidae","Nandayus","Pets"
"Nannostomus beckfordi","FR9V","Nannostomus beckfordi Günther, 1872","Lebiasinidae",,"Günther, 1872","peixe-lápis dourado, torpedinho-dourado, golden pencil fish","Animalia","Chordata","Actinopterygii","Characiformes","Lebiasinidae","Nannostomus","Peixes de aquário"
"Nassarius foveolatus","58K","Nassarius foveolatus (Dunker,, 1847)","Nassariidae",,"Dunker",,"Animalia","Mollusca","Gastropoda","Neogastropoda","Nassariidae","Nassarius","Espécies marinhas"
"Nasua nasua","86Y3","Nasua nasua (Linnaeus, 1766)","Procyonidae",,"(Linnaeus, 1766)","coatí, quati","Animalia","Chordata","Mammalia","Carnivora","Procyonidae","Nasua",
"Nephrolepis cordifolia","9WND","Nephrolepis cordifolia (L.) C.Presl","Nephrolepidaceae",,"(L.) C. Presl.","samambaia, erect sword fern, ladder fern, tama-shida, tuber fern, tuberous sword fern","Plantae","Pteridophyta","Filicopsida","Polypodiales","Davalliaceae","Nephrolepis","Plantas ornamentais"
"Neustanthus phaseoloides","6YFT","Neustanthus phaseoloides (Roxb.) Benth.","Fabaceae",,"(Roxb.) Benth.","kudzu tropical, puerária","Plantae","Magnoliophyta","Magnoliopsida","Fabales","Fabaceae","Neustanthus","Plantas forrageiras"
"Nicotiana glauca","F6KC","Nicotiana glauca Graham","Solanaceae",,"Graham","charuteira, charuto-do-rei, tabaco-arbóreo, gandul, tabac canaque, tabaco moro, tree tabacco, wild tobacco","Plantae","Magnoliophyta","Magnoliopsida","Solanales","Solanaceae","Nicotiana","Plantas ornamentais"
"Nymphaea nouchali var. caerulea","3WXL","Nymphaea caerulea Savigny","Nymphaeaceae",,"(Savigny) Verdc.","lírio-d'água, lótus-azul, lótus-estrela, blue egyptian lotus, blue star water lily, blue water lily, manel flower","Plantae","Magnoliophyta","Magnoliopsida","Nympheales","Nymphaeaceae","Nymphaea","Plantas ornamentais"
"Nymphoides indica","6QQJ","Nymphoides indica (L.) Kuntze","Menyanthaceae",,"(L.) Kuntze","estrela-branca, banana-plant, water-snowflake","Plantae","Magnoliophyta","Magnoliopsida","Asterales","Menyanthaceae","Nymphoides","Plantas ornamentais"
"Odontesthes bonariensis","HPYY","Odontesthes bonariensis (Valenciennes, 1835)","Atherinopsidae",,"(Valenciennes, 1835)","peixe-rei, pejerrey","Animalia","Chordata","Actinopterygii","Atheriniformes","Atherinidae","Odontesthes","Espécies marinhas; Pesca desportiva"
"Oeceoclades maculata","7XD8","Oeceoclades maculata (Lindl.) Lindl.","Orchidaceae",,"(Lindl.) Lindl.","cantaria, ground orchid, monk orchid","Plantae","Magnoliophyta","Liliopsida","Asparagales","Orchidaceae","Oeceoclades","Plantas ornamentais"
"Omobranchus punctatus","47MV","Omobranchus punctatus (Valenciennes, 1836)","Blenniidae",,"(Valenciennes, 1836)","Muzzled blenny","Animalia","Chordata","Actinopterygii","Perciformes","Blenniidae","Omobranchus","Espécies marinhas"
"Oncorhynchus mykiss","H5DM","Oncorhynchus mykiss (Walbaum, 1792)","Salmonidae",,"(Walbaum, 1792)","truta-arco-íris, rainbow trout","Animalia","Chordata","Actinopterygii","Salmoniformes","Salmonidae","Oncorhynchus","Peixes de aquicultura"
"Ophiopogon japonicus","5TPF","Ophiopogon japonicus (L.f.) Ker Gawl.","Asparagaceae",,"(L.f.) Ker Gawl","grama-japonesa, grama-preta, lilyturf, mondo grass","Plantae","Magnoliophyta","Liliopsida","Asparagales","Asparagaceae","Ophiopogon","Plantas ornamentais"
"Ophiothela mirabilis","72FV","Ophiothela mirabilis Verrill, 1867","Ophiotrichidae",,"Verrill, 1867","ofiúro","Animalia","Echinodermata","Ophiuroidea","Ophiurida","Ophiothricidae","Ophiothela","Espécies marinhas"
"Opsanus beta","85NX","Opsanus beta (Goode & Bean, 1880)","Batrachoididae",,"(Goode & Bean, 1880)","peixe-sapo, gulf toadfish, sapo boquiblanca, sapo de boca blanca","Animalia","Chordata","Actinopterygii","Batrachoidiformes","Batrachoididae","Opsanus","Espécies marinhas; Peixes de aquário"
"Opuntia dillenii","DZ8T","Opuntia dillenii (Ker Gawl.) Haw.","Cactaceae",,"(Ker-Gawl.) Haw.","palma-de-espinho, palmatória","Plantae","Magnoliophyta","Magnoliopsida","Caryophyllales","Cactaceae","Opuntia","Plantas forrageiras; Plantas ornamentais"
"Opuntia ficus-indica","6YVV","Opuntia ficus-indica (L.) Mill.","Cactaceae",,"(L.) Mill.","palma-forrageira, chumba, indian fig, nopal de castilla","Plantae","Magnoliophyta","Magnoliopsida","Caryophyllales","Cactaceae","Opuntia","Plantas forrageiras"
"Oreochromis macrochir","BZRK","Oreochromis macrochir (Boulenger, 1912)","Cichlidae",,"Boulenger","tilápia, longfin tilapia","Animalia","Chordata","Actinopterygii","Cichliformes","Cichlidae","Oreochromis",
"Oreochromis mossambicus","5D3B","Oreochromis mossambicus (Peters, 1852)","Cichlidae",,"(Peters, 1852)","tilápia, mosambik-maulbrüter, mozambique-mouthbrooder, mozambique-tilapia, tilapia-del-mozambique","Animalia","Chordata","Actinopterygii","Cichliformes","Cichlidae","Oreochromis","Peixes de aquicultura"
"Oreochromis niloticus","SJM","Oreochromis niloticus (Linnaeus, 1758)","Cichlidae",,"(Linnaeus, 1758)","tilápia, tilápia-do-nilo, nile tilapia, nile-mouthbrooder","Animalia","Chordata","Actinopterygii","Cichliformes","Cichlidae","Oreochromis","Peixes de aquicultura"
"Oreochromis sp.",,,,,"(Günther, 1889)","tilápia","Animalia","Chordata","Actinopterygii","Cichliformes","Cichlidae","Oreochromis","Peixes de aquicultura"
"Ossancora eigenmanni","DHHF","Ossancora eigenmanni Boulenger, 1895","Doradidae",,"(Boulenger, 1895)","armadinho, armado, catfish","Animalia","Chordata","Actinopterygii","Siluriformes","Doradidae","Ossancora","Peixes de aquário"
"Pachira aquatica","DJD8","Pachira aquatica Aubl.","Malvaceae",,"Aubl.","árvore-do-dinheiro, castanha-do-brejo, castanha-do-maranhão, castanhola, mamorama, munguba, paineira-de-cuba, guianan chestnut, money tree, provision-tree, water-chestnut, wild cocoa","Plantae","Magnoliophyta","Magnoliopsida","Malvales","Malvaceae","Pachira","Plantas ornamentais; Uso florestal"
"Pachyurus bonariensis","9772","Pachyurus bonariensis Steindachner, 1879","Sciaenidae",,"(Steindachner, 1876)","maria-luiza, corvina, corvina de río, la plata croaker, roncador","Animalia","Chordata","Actinopterygii","Perciformes","Sciaenidae","Pachyurus","Peixes de aquicultura"
"Pangasianodon hypophthalmus","BSWK","Pangasianodon hypophthalmus (Sauvage, 1878)","Pangasiidae",,"(Sauvage, 1878)","panga, peixe-panga, catfish, iridescent shark","Animalia","Chordata","Actinopterygii","Siluriformes","Pangasiidae","Pangasianodon","Peixes de aquicultura"
"Parachromis managuensis","5QFS","Parachromis managuensis (Günther, 1867)","Cichlidae",,"(Günther, 1867)","acará-onça, peixe-jaguar, jaguar-guapote","Animalia","Chordata","Actinopterygii","Cichliformes","Cichlidae","Parachromis","Peixes de aquário; Peixes de aquicultura; Pesca desportiva"
"Paracyclopina longifurca","DTGZ","Paracyclopina longifurca (Sewell, 1924)","Cyclopettidae",,"(Smirnov, 1935)","copépode","Animalia","Arthropoda","Maxillopoda","Cyclopoida","Cyclopettidae","Paracyclopina","Espécies marinhas"
"Paralaoma servilis","CPHY","Paralaoma servilis (Shuttleworth, 1852)","Punctidae",,"(Shuttleworth, 1852)","caracol, land snail","Animalia","Mollusca","Gastropoda","Stylommatophora","Punctidae","Paralaoma",
"Parkinsonia aculeata","GVZY","Parkinsonia aculeata L.","Fabaceae",,"L.","espinho-de-jerusalém, palo-verde-mexicano, turco, barbados flower-fence, espanillo, espinillo, jerusalem thorn","Plantae","Magnoliophyta","Magnoliopsida","Fabales","Fabaceae","Parkinsonia","Plantas ornamentais"
"Parotocinclus maculicauda","V7Q","Parotocinclus maculicauda (Steindachner, 1877)","Loricariidae",,"(Steindachner, 1877)","limpa-vidro, dwarf suckermouth, red fin dwarf pleco","Animalia","Chordata","Actinopterygii","Siluriformes","Loricariidae","Parotocinclus","Peixes de aquário; Peixes de aquicultura"
"Passer domesticus","67TW","Passer domesticus (Linnaeus, 1758)","Passeridae",,"(Linnaeus, 1758)","pardal, house sparrow","Animalia","Chordata","Aves","Passeriformes","Passeridae","Passer",
"Pelvicachromis pulcher","74P6","Pelvicachromis pulcher (Boulenger, 1901)","Cichlidae",,"Boulenger, 1901","krib, kribensis, purple cichlid, rainbow krib","Animalia","Chordata","Actinopterygii","Cichliformes","Cichlidae","Pelvicachromis","Peixes de aquário"
"Penaeus monodon","3NVC","Penaeus monodon Fabricius, 1798","Penaeidae",,"(Fabricius, 1798)","camarão-tigre-gigante, tigre-asiatico, black-tiger shrimp, camarón tigre gigante, crevette géante tigrée, giant tiger prawn","Animalia","Arthropoda","Malacostraca","Decapoda","Penaeidae","Penaeus","Espécies marinhas"
"Penaeus vannamei","GT8Z","Penaeus vannamei Boone, 1931","Penaeidae",,"Boone, 1931","camarão-branco, camarão-branco-do-pacífico, camarão-cinza, camarón patiblanco, crevette pattes blanches, whiteleg shrimp","Animalia","Arthropoda","Malacostraca","Decapoda","Penaeidae","Litopenaeus","Espécies marinhas"
"Perna viridis","BCMV","Perna viridis (Linnaeus, 1758)","Mytilidae",,"(Linnaeus, 1758)",,"Animalia","Mollusca","Bivalvia","Mytiloida","Mytilidae","Perna","Espécies marinhas"
"Phalloceros caudimaculatus","CMP4","Phalloceros caudimaculatus Hensel, 1868","Poeciliidae",,"(Hensel, 1868)","peixe-barrigudinho, dusky millions fish, madrecita, spottail mosquitofish","Animalia","Chordata","Actinopterygii","Cyprinodontiformes","Poeciliidae","Phalloceros","Peixes de aquário"
"Phallotorynus victoriae","DS9N","Phallotorynus victoriae Oliveros, 1983","Poeciliidae",,"(Oliveros, 1983)","barrigudinho, guaru, madrecita, piky","Animalia","Chordata","Actinopterygii","Cyprinodontiformes","Poeciliidae","Phallotorynus","Peixes de aquário"
"Pheidole megacephala","J3FF","Pheidole megacephala (Fabricius, 1793)","Formicidae",,"(Fabricius, 1793)","formiga-cabeçuda-urbana, big-headed-ant, brown-house-ant, coastal-brown-ant, grosskopfameise, lion-ant","Animalia","Arthropoda","Insecta","Hymenoptera","Formicidae","Pheidole",
"Phoenix roebelenii","FN9N","Phoenix roebelenii O'Brien","Arecaceae",,"O Brien","tamareira-anã, tamareira-fênix, dwarf date palm, pygmy date palm","Plantae","Magnoliophyta","Liliopsida","Arecales","Arecaceae","Phoenix","Plantas ornamentais"
"Phyllodytes luteolus","6354","Phyllodytes luteolus Wied-Neuwied, 1824","Hylidae",,"(Wied-Neuwied, 1824)","perereca-das-bromélias, yellow heart-tongued frog","Animalia","Chordata","Amphibia","Anura","Hylidae","Phyllodytes",
"Phyllopodopsyllus setouchiensis","5ZKC","Phyllopodopsyllus setouchiensis Kitazima, 1981","Tetragonicipitidae",,"(Kitazima, 1981)","copépode","Animalia","Arthropoda","Maxillopoda","Harpacticoida","Tetragonicipitidae","Phyllopodopsyllus","Espécies marinhas"
"Phyllorhiza punctata","CT5T","Phyllorhiza punctata von Lendenfeld, 1884","Mastigiidae",,"(von Lendenfeld, 1882)","água-viva, white - spotted jellyfish","Animalia","Cnidaria","Scyphozoa","Rhizostomeae","Mastigiidae","Phyllorhiza","Espécies marinhas"
"Phyllostachys aurea","82K5","Phyllostachys aurea Carrière ex Rivière & C. Rivière","Poaceae",,"Carrière ex Rivière & C. Rivière","bambu-mirim, bambou jaune, bambú amarillo, fish-pole bamboo, golden bamboo, walking stick bamboo","Plantae","Magnoliophyta","Liliopsida","Poales","Poaceae","Phyllostachys","Plantas ornamentais"
"Physalis angulata","G5DL","Physalis angulata L.","Solanaceae",,"L.","balão-rajado, balãozinho, camapú, fisális, joá-de-capote, physalis, cutleaf groundcherry","Plantae","Magnoliophyta","Magnoliopsida","Solanales","Solanaceae","Physalis","Plantas ornamentais"
"Physella acuta","6TS4","Physella acuta (Draparnaud, 1805)","Physidae",,"(Draparnaud, 1805)","european physa","Animalia","Mollusca","Gastropoda","Basommatophora","Physidae","Physella",
"Piaractus mesopotamicus","DB77","Piaractus mesopotamicus (Holmberg, 1887)","Serrasalmidae",,"(Holmberg, 1887)","pacu, pacu-caranha","Animalia","Chordata","Actinopterygii","Characiformes","Characidae","Piaractus","Peixes de aquário; Peixes de aquicultura"
"Piaractus mesopotamicus x Colossoma macropomum",,,,,,"tambacu","Animalia","Chordata","Actinopterygii","Characiformes","Characidae","Piaractus","Peixes de aquicultura; Pesca desportiva"
"Pilea cadierei","GY49","Pilea cadierei Gagnep. & Guillaumin","Urticaceae",,"Gagnep. & Guillaumin","alumínio, pilea, aluminum plant, hoja de aluminio","Plantae","Magnoliophyta","Magnoliopsida","Rosales","Urticaceae","Pilea","Plantas ornamentais"
"Pilumnoides perlatus","869R","Pilumnoides perlatus (Poeppig, 1836)","Pilumnoididae",,"(Poepig, 1836)","caranguejo","Animalia","Arthropoda","Malacostraca","Decapoda","Xanthidae","Pilumnoides","Espécies marinhas"
"Pimelodus ornatus","85KB","Pimelodus ornatus Kner, 1858","Pimelodidae",,"Kner, 1858","cabeçudo, mandi-paraguaio, ornate pim","Animalia","Chordata","Actinopterygii","Siluriformes","Pimelodidae","Pimelodus","Peixes de aquário"
"Pinus caribaea","CXT7","Pinus caribaea Morelet","Pinaceae",,"Morelet","pinheiro-americano, pínus, bahamas pitch pine, caribbean pine, pins des caraibes","Plantae","Coniferophyta","Pinopsida","Pinales","Pinaceae","Pinus","Uso florestal"
"Pinus elliottii","BVG","Pinus elliottii Engelm.","Pinaceae",,"L.","pinheiro-americano, pínus, bastard pine, longleaf pitch pine, meadow pine, pino amarillo, pino amarillo de pantano, pino bastardo, pino cuchillo, she pine, slash pine","Plantae","Coniferophyta","Pinopsida","Pinales","Pinaceae","Pinus","Uso florestal"
"Pinus glabra","5QGG","Pinus glabra Walter","Pinaceae",,"Walt.","pínus, pine","Plantae","Coniferophyta","Pinopsida","Pinales","Pinaceae","Pinus","Uso florestal"
"Pinus maximinoi","3822","Pinus maximinoi H.E.Moore","Pinaceae",,"H. E. Moore","pinheiro, pínus, pine, pino candelillo, thinleaf pine","Plantae","Coniferophyta","Pinopsida","Pinales","Pinaceae","Pinus","Uso florestal"
"Pinus oocarpa","FB8Y","Pinus oocarpa Schiede ex Schltdl.","Pinaceae",,"Schiede ex Schltdl.","pinheiro acote, pínus, mexican mountain pine","Plantae","Coniferophyta","Pinopsida","Pinales","Pinaceae","Pinus","Uso florestal"
"Pinus patula","6QPQ","Pinus patula Schltdl. & Cham.","Pinaceae",,"Schiede ex Schltdl. & Cham.","mexican weeping pine, pínus","Plantae","Coniferophyta","Pinopsida","Pinales","Pinaceae","Pinus","Plantas ornamentais; Uso florestal"
"Pinus sp.",,,,,"L.","pinheiro-americano, pínus","Plantae","Coniferophyta","Pinopsida","Pinales","Pinaceae","Pinus","Uso florestal"
"Pinus taeda","GXYD","Pinus taeda L.","Pinaceae",,"L.","pinheiro-amarelo, pinheiro-americano, pínus, loblolly pine","Plantae","Coniferophyta","Pinopsida","Pinales","Pinaceae","Pinus","Uso florestal"
"Pithecellobium dulce","7NHZ","Pithecellobium dulce (Roxb.) Benth.","Fabaceae",,"(Roxb.) Benth.","espinheiro, ingá-doce, mata-fome, camachile, chiminango, madras thorn, manila tamarind","Plantae","Magnoliophyta","Magnoliopsida","Fabales","Fabaceae","Pithecellobium","Plantas ornamentais"
"Pittosporum undulatum","98Y8","Pittosporum undulatum Vent.","Pittosporaceae",,"Vent.","incenseiro, pau-incenso, australian cheesewood, mock orange, orange pittosporum, sweet pittosporum, vistorian box, vistorian laurel","Plantae","Magnoliophyta","Magnoliopsida","Rosales","Pittosporaceae","Pittosporum","Plantas ornamentais"
"Plagioscion squamosissimus","CLTX","Plagioscion squamosissimus (Heckel, 1840)","Sciaenidae",,"(Heckel, 1840)","corvina, pescada-branca, pescada-do-piauí, south american silver croaker","Animalia","Chordata","Actinopterygii","Perciformes","Sciaenidae","Plagioscion","Peixes de aquicultura"
"Platydoras armatulus","F22M","Platydoras armatulus Valenciennes, 1840","Doradidae",,"(Valenciennes in Cuvier & Valenciennes, 1840)","armado, armao, southern striped raphael","Animalia","Chordata","Actinopterygii","Siluriformes","Doradidae","Platydoras",
"Pleopis schmackeri","B8TW","Pleopis schmackeri (Poppe, 1889)","Podonidae",,"(Poppe, 1889)","cladócero, pulga-d'água","Animalia","Arthropoda","Maxillopoda","Onychopoda","Podonidae","Pleopis","Espécies marinhas"
"Podocoryna loyola","CQGF","Podocoryna loyola Haddad, Bettim & Miglietta, 2014","Hydractiniidae",,"Haddad, Bettim & Miglietta, 2014",,"Animalia","Cnidaria","Anthozoa","Anthoathecata","Hydractiniidae","Podocoryna","Espécies marinhas"
"Poecilia reticulata","5MWZ","Poecilia reticulata (Peters, 1859)","Poeciliidae",,"(Peters, 1859)","barrigudinho, barrigudinho-mexicano, lebstes, mexicano, gupi, guppy, rainbowfish","Animalia","Chordata","Actinopterygii","Cyprinodontiformes","Poeciliidae","Poecilia","Peixes de aquário"
"Poecilia sphenops","7WVJ","Poecilia sphenops Valenciennes, 1846","Poeciliidae",,"Valenciennes, 1846","molinésia-negra, black mollie, black molly, liberty mollie, mexican molly, molly, topote mexicano","Animalia","Chordata","Actinopterygii","Cyprinodontiformes","Poeciliidae","Poecilia","Peixes de aquário"
"Polybius navigator","9FG4","Liocarcinus navigator (Herbst, 1794)","Carcinidae",,"(Herbst, 1794)","caranguejo","Animalia","Arthropoda","Malacostraca","Decapoda","Portunidae","Polybius","Espécies marinhas"
"Polydora cornuta","CNGN","Polydora cornuta Bosc, 1802","Spionidae",,"Bosc, 1802","poliqueta","Animalia","Annelida","Polychaeta","Spionida","Spionidae","Polydora","Espécies marinhas"
"Polydora nuchalis","CG2Z","Polydora nuchalis Woodwick, 1953","Spionidae",,"(Woodwick, 1953)","poliqueta","Animalia","Annelida","Polychaeta","Spionida","Spionidae","Polydora","Espécies marinhas"
"Potamotrygon falkneri","6SWX","Potamotrygon falkneri Castex & Maciel, 1963","Potamotrygonidae",,"Castex & Maciel, 1963","arraia, arraia-pintada, chucho-de-río, largespot-river-stingray","Animalia","Chordata","Chondrichthyes","Myliobatiformes","Potamotrygonidae","Potamotrygon","Pets"
"Potamotrygon motoro","H2QT","Potamotrygon motoro (Müller & Henle, 1841)","Potamotrygonidae",,"Müller and Henle, 1841","arraia, arraia-de-fogo, arraia-pintada, raia, black-river-stingray, chucho-de-río, freshwater-stingray, raya-común, raya-pintada-de-las-piedras","Animalia","Chordata","Chondrichthyes","Myliobatiformes","Potamotrygonidae","Potamotrygon","Pets"
"Procambarus clarkii","H5LD","Procambarus clarkii (Girard, 1852)","Cambaridae",,"(Girard, 1852)","lagostim-exótico, lagostim-vermelho, pitu, red swamp crawfish","Animalia","Arthropoda","Malacostraca","Decapoda","Cambaridae","Procambarus","Pets"
"Prochilodus costatus","HJXK","Prochilodus costatus Valenciennes, 1850","Prochilodontidae",,"Valenciennes, 1850","curimatá-pioa","Animalia","Chordata","Actinopterygii","Characiformes","Prochilodontidae","Prochilodus","Pesca desportiva"
"Prochilodus lineatus","5M5","Prochilodus lineatus (Valenciennes, 1836)","Prochilodontidae",,"Valenciennes, 1836","corimbatá, curimba, curimbatá, grumatã, carimbatá, lamepiedras, sábalo","Animalia","Chordata","Actinopterygii","Characiformes","Prochilodontidae","Prochilodus","Peixes de aquicultura; Pesca desportiva"
"Prosopis juliflora","291408","Prosopis juliflora","Fabaceae",,"(Sw.) DC.","algaroba, algarrobo, mesquite, thorny kiawe","Plantae","Magnoliophyta","Magnoliopsida","Fabales","Fabaceae","Prosopis","Plantas forrageiras; Plantas ornamentais"
"Prosopis pallida","F5VC","Prosopis pallida (Humb. & Bonpl. ex Willd.) Kunth","Fabaceae",,"Kunth","algarroba, algarrobo","Plantae","Magnoliophyta","Magnoliopsida","Fabales","Fabaceae","Prosopis","Plantas ornamentais"
"Pseudodiaptomus trihamatus","FMDD","Pseudodiaptomus trihamatus Wright, 1937","Pseudodiaptomidae",,"(Wright, 1937)","copépode","Animalia","Arthropoda","Hexanauplia","Calanoida","Pseudodiaptomidae","Pseudodiaptomus","Espécies marinhas"
"Pseudoplatystoma corruscans","GKH9","Pseudoplatystoma corruscans (Spix & Agassiz, 1829)","Pimelodidae",,"(Spix & Agassiz, 1829)","pintado, spotted sorubim","Animalia","Chordata","Actinopterygii","Siluriformes","Pimelodidae","Pseudoplatystoma","Peixes de aquicultura; Pesca desportiva"
"Pseudoplatystoma corruscans x P. reticulatum",,,,,,"cachapinta, forma híbrida de surubim, pintachara","Animalia","Chordata","Actinopterygii","Siluriformes","Pimelodidae","Pseudoplatystoma","Pesca desportiva"
"Pseudoplatystoma fasciatum","GCW3","Pseudoplatystoma fasciatum (Linnaeus, 1776)","Pimelodidae",,"(Linnaeus, 1776)","cachara, barred sorubim, tiger catfish","Animalia","Chordata","Actinopterygii","Siluriformes","Pimelodidae","Pseudoplatystoma","Peixes de aquicultura; Pesca desportiva"
"Pseudoplatystoma reticulatum","6B6","Pseudoplatystoma reticulatum Eigenmann & Eigenmann, 1889","Pimelodidae",,"Eigenmann & Eigenmann, 1889","cachara","Animalia","Chordata","Actinopterygii","Siluriformes","Pimelodidae","Pseudoplatystoma","Peixes de aquicultura; Pesca desportiva"
"Pseudopolydora achaeta","CLJL","Pseudopolydora achaeta Radashevsky & Hsieh, 2000","Spionidae",,"Radashevsky & Hsieh, 2000",,"Animalia","Annelida","Polychaeta","Spionida","Spionidae","Pseudopolydora","Espécies marinhas"
"Pseudopolydora antennata","CKGF","Pseudopolydora antennata (Claparède, 1869)","Spionidae",,"(Claparède, 1869)","poliqueta","Animalia","Annelida","Polychaeta","Spionida","Spionidae","Pseudopolydora","Espécies marinhas"
"Pseudopolydora diopatra","75ZF","Pseudopolydora diopatra Hsieh, 1992","Spionidae",,"Hsieh, 1992",,"Animalia","Annelida","Polychaeta","Spionida","Spionidae","Pseudopolydora","Espécies marinhas"
"Pseudopolydora paucibranchiata","6YZR","Pseudopolydora paucibranchiata (Okuda, 1937)","Spionidae",,"(Okuda, 1937)",,"Animalia","Annelida","Polychaeta","Spionida","Spionidae","Pseudopolydora","Espécies marinhas"
"Psidium guajava","GN88","Psidium guajava L.","Myrtaceae",,"L.","goiaba, goiabeira, guava, guava tree","Plantae","Magnoliophyta","Magnoliopsida","Myrtales","Myrtaceae","Psidium",
"Pteris vittata","CQQD","Pteris vittata L.","Pteridaceae",,"L.","samambaia, chinese ladder brake","Plantae","Pteridophyta","Filicopsida","Polypodiales","Pteridaceae","Pteris","Plantas ornamentais"
"Pterodoras granulosus","HZ28","Pterodoras granulosus Valenciennes, 1821","Doradidae",,"(Valenciennes in Humboldt & Valenciennes, 1821)","abotoado, armado, capetão, granulated catfish","Animalia","Chordata","Actinopterygii","Siluriformes","Doradidae","Pterodoras","Pesca desportiva"
"Pterois volitans","928L","Pterois volitans (Linnaeus, 1758)","Scorpaenidae",,"Linnaeus","peixe-leão, firefish, lionfish","Animalia","Chordata","Actinopterygii","Scorpaeniformes","Scorpaenidae","Pterois","Peixes de aquário"
"Pterygoplichthys ambrosettii","FBKQ","Pterygoplichthys ambrosettii (Holmberg, 1893)","Loricariidae",,"(Holmberg, 1893)","cascudo","Animalia","Chordata","Actinopterygii","Siluriformes","Loricariidae","Pterygoplichthys","Peixes de aquário"
"Pygocentrus nattereri","CFQB","Pygocentrus nattereri Kner, 1858","Serrasalmidae",,"(Kner, 1858)","piranha-caju, piranha-vermelha, red pirana","Animalia","Chordata","Actinopterygii","Characiformes","Characidae","Pygocentrus","Peixes de aquário"
"Pygocentrus piraya","G9X2","Pygocentrus piraya (Cuvier, 1819)","Serrasalmidae",,"(Cuvier, 1819)","piranha-amarela, piranha-preta, piranha-rodoleira, rodoleira","Animalia","Chordata","Actinopterygii","Characiformes","Characidae","Pygocentrus","Peixes de aquicultura"
"Pyromaia tuberculata","3SYB","Pyromaia tuberculata (Lockington, 1876)","Inachoididae",,"(Lockington, 1877)","caranguejo-aranha, spider crab","Animalia","Arthropoda","Malacostraca","Decapoda","Majidae","Pyromaia","Espécies marinhas"
"Pyropia suborbiculata","HDHD","Pyropia suborbiculata (Kjellm.) J.Sutherland, H.Choi, M.Hwang & W.Nelson",,,"(Kjellman) J.E.Sutherland, H.G.Choi, M.S. Hwang & W.A.Nelson, 2011","alga, alga do sushi, nori","Plantae","Rhodophyta","Bangiophyceae","Bangiales","Bangiaceae","Pyropia","Espécies marinhas"
"Pyrrhura coerulescens","6KHC","Pyrrhura coerulescens Neumann, 1927","Psittacidae",,"Neumann, 1927","tiriba-pérola, pearly parakeet","Animalia","Chordata","Aves","Psittaciformes","Psittacidae","Pyrrhura","Pets"
"Rapana venosa","5JTN","Rapana venosa (Valenciennes, 1846)","Muricidae",,"(Valenciennes, 1846)","asian rapa whelk, busano veteado, rapana veiné, thomas rapa whelk, veined rapa whelk","Animalia","Mollusca","Gastropoda","Neogastropoda","Muricidae","Rapana","Espécies marinhas"
"Rattus norvegicus","9VMW","Rattus norvegicus (Berkenhout, 1769)","Muridae",,"(Berkenhout, 1769)","gabirú, ratazana, rato, rato-de-esgoto, norway rat, rat surmulot","Animalia","Chordata","Mammalia","Rodentia","Muridae","Rattus",
"Rattus rattus","PLW","Rattus rattus (Linnaeus, 1758)","Muridae",,"(Linnaeus, 1758)","ratazana, rato, rato-de-telhado, black-rat, ship-rat","Animalia","Chordata","Mammalia","Rodentia","Muridae","Rattus",
"Rhamphichthys hahni","9SCH","Rhamphichthys hahni (Meinken, 1937)","Rhamphichthyidae",,"(Meinken, 1937)","espadão, tatu","Animalia","Chordata","Actinopterygii","Gymnotiformes","Rhamphichthyidae","Rhamphichthys","Pesca desportiva"
"Rhaphiolepis loquata","B7MF","Eriobotrya japonica (Thunb.) Lindl.","Rosaceae",,"B.B.Liu & J.Wen","ameixa-amarela, ameixeira, nêspera, nespereira, japanese medlar, loquat, néflier du japon, níspero","Plantae","Magnoliophyta","Magnoliopsida","Rosales","Rosaceae","Rhaphiolepis",
"Rhinella jimi","5Q2N","Rhinella diptycha (Cope, 1862)","Bufonidae",,"(Stevaux, 2002)","sapo-cururu, cururu toad","Animalia","Chordata","Amphibia","Anura","Bufonidae","Rhinella",
"Rhithropanopeus harrisii","5VZ9","Rhithropanopeus harrisii Gould, 1841","Panopeidae",,"(Gould, 1841)","caranguejo, brackish water crab, harris mud crab","Animalia","Arthropoda","Malacostraca","Decapoda","Panopeidae","Rhithropanopeus",
"Ricinus communis","D4RB","Ricinus communis L.","Euphorbiaceae",,"L.","carrapateiro, carrapato, castor, caturra, mamona, mamoneira, palma-de-cristo, rícino, tortago, castor bean, castor oil plant, higuerilla, palma christi","Plantae","Magnoliophyta","Magnoliopsida","Malpighiales","Euphorbiaceae","Ricinus",
"Robinia pseudoacacia","6YDB","Robinia pseudoacacia L.","Fabaceae",,"Linnaeus","falsa-acácia, robínia, black locust","Plantae","Magnoliophyta","Magnoliopsida","Fabales","Fabaceae","Robinia","Plantas ornamentais"
"Roeboides descalvadensis","CVG9","Roeboides descalvadensis Fowler, 1932","Characidae",,"Fowler, 1932","dentudo","Animalia","Chordata","Actinopterygii","Characiformes","Characidae","Roeboides","Peixes de aquário"
"Roystonea oleracea","3S94","Roystonea oleracea (Jacq.) O.F.Cook","Arecaceae",,"(Jacq.) O.F. Cook","palmeira-imperial, palmeira-real, Caribbean royal palm, imperial palm","Plantae","Magnoliophyta","Liliopsida","Arecales","Arecaceae","Roystonea","Plantas ornamentais"
"Rubus fruticosus","351908","Rubus fruticosus","Rosaceae",,"L.","amoreira-preta, blackberry, brombeerstrauch, ronce-des-bois","Plantae","Magnoliophyta","Magnoliopsida","Rosales","Rosaceae","Rubus",
"Rubus niveus","275682","Rubus niveus","Rosaceae",,"Thunb.","amora-roxa, framboesa-negra, frambuesa, ceylon raspberry, hill raspberry","Plantae","Magnoliophyta","Magnoliopsida","Rosales","Rosaceae","Rubus",
"Rubus rosifolius","349378","Rubus rosifolius","Rosaceae",,"Sm.","amora-vermelha, framboesa, morango-silvestre, framboise, framboise marron, framboise pays, framboisier, frambueso de Africa, Mauritius raspberry, roseleaf raspberry, thimbleberry","Plantae","Magnoliophyta","Magnoliopsida","Rosales","Rosaceae","Rubus",
"Rubus ulmifolius","375962","Rubus ulmifolius","Rosaceae",,"Schott","amora-preta, elm-leaf blackberry, zarzamora","Plantae","Magnoliophyta","Magnoliopsida","Rosales","Rosaceae","Rubus",
"Saccostrea cucullata","7CQ5","Saccostrea cuccullata (Born, 1778)","Ostreidae",,"(Born, 1778)","ostra, hooded oyster, natal rock oyster","Animalia","Mollusca","Bivalvia","Ostreoida","Ostreidae","Saccostrea","Espécies marinhas"
"Saimiri sciureus","DVTG","Saimiri sciureus (Linnaeus, 1758)","Cebidae",,"(Linnaeus, 1758)","macaco-de-cheiro, mico-de-cheiro, common squirrel monkey","Animalia","Chordata","Mammalia","Primates","Cebidae","Saimiri","Pets"
"Salix x rubens","5C7S","Salix × rubens Schrank","Salicaceae",,"Schrank","chorão, vime, vimeiro, willow","Plantae","Magnoliophyta","Magnoliopsida","Malpighiales","Salicaceae","Salix",
"Salminus brasiliensis","35KD","Salminus brasiliensis (Cuvier, 1816)","Bryconidae",,"(Cuvier, 1816)","dourado, jaw characin","Animalia","Chordata","Actinopterygii","Characiformes","Characidae","Salminus","Pesca desportiva"
"Salvator merianae","7PQD","Salvator merianae (Duméril & Bibron, 1839)","Teiidae",,"(Duméril & Bribon, 1839)","lagarto-teiú, teiú, teju, common tegu","Animalia","Chordata","Reptilia","Squamata","Teiidae","Salvator",
"Sansevieria hyacinthoides","544S","Dracaena hyacinthoides (L.) Mabb.","Asparagaceae",,"(L.) Druce","espada-de-são-jorge, african bowstring hemp, iguanatail","Plantae","Magnoliophyta","Liliopsida","Asparagales","Asparagaceae","Sansevieria","Plantas ornamentais"
"Sansevieria trifasciata","K84","Dracaena trifasciata (Prain) Mabb.","Asparagaceae",,"Prain (1903)","espada-de-são-jorge, língua-de-sogra, rabo-de-lagarto, sansevéria, Dwarf Snake Plant, mother-in-law's tongue, variegated snake plant, viper's bowstring hemp","Plantae","Magnoliophyta","Liliopsida","Asparagales","Asparagaceae","Sansevieria","Plantas ornamentais"
"Sansibia sp.",,,,,"Alderslade, 2000","xenia blue","Animalia","Cnidaria","Anthozoa","Alcyonacea","Xeniidae","Sansibia","Espécies marinhas"
"Satanoperca pappaterra","3CLT","Satanoperca pappaterra (Heckel, 1840)","Cichlidae",,"(Heckel, 1840)","cará, porquinho, zoiudo","Animalia","Chordata","Actinopterygii","Cichliformes","Cichlidae","Satanoperca","Peixes de aquicultura; Pesca desportiva"
"Schefflera actinophylla","B5PG","Heptapleurum actinophyllum (Endl.) Lowry & G.M.Plunkett","Araliaceae",,"(Endl.) Harms","árvore-guarda-chuva, árvore-polvo, cheflera, australian umbrella tree, ivy palm, octopus tree, Queensland umbrella tree, umbrella tree","Plantae","Magnoliophyta","Magnoliopsida","Apiales","Araliaceae","Schefflera","Plantas ornamentais"
"Schefflera arboricola","BYPS","Heptapleurum arboricola Hayata","Araliaceae",,"(Hayata) Merr.","cheflera-pequena, dwarf schefflera","Plantae","Magnoliophyta","Magnoliopsida","Apiales","Araliaceae","Schefflera","Plantas ornamentais"
"Schizolobium parahyba","J6FQ","Schizolobium parahyba (Vell.) Blake","Fabaceae",,"(Vellozo) S. F. Blake","bacurubu, bacuruvu, birosca, ficheira, gapuruvu, garapuvu, guapiruvu, guapuruvu, guarapuvu, guavirovo, igarapobu, pau-de-vintém, copté, gallinazo, plumajillo, zorra","Plantae","Magnoliophyta","Magnoliopsida","Fabales","Fabaceae","Schizolobium","Plantas ornamentais"
"Schizoporella errata","ZFY","Schizoporella errata (Waters, 1878)","Schizoporellidae",,"(Waters, 1878)","briozoário, branching bryozoan","Animalia","Bryozoa","Gymnolaemata","Cheilostomata","Schizoporellidae","Schizoporella","Espécies marinhas"
"Scinax x-signatus","GLYR","Scinax x-signatus (Spix, 1824)","Hylidae",,"(Spix, 1824)","perereca-de-banheiro, venezuelan snouted treefrog","Animalia","Chordata","Amphibia","Anura","Hylidae","Scinax",
"Scylla serrata","D5SC","Scylla serrata (Forsskål, 1775)","Portunidae",,"(Forskal, 1775)","siri, mud crab","Animalia","Arthropoda","Malacostraca","Decapoda","Portunidae","Scylla",
"Sechium edule","3G8P","Sicyos edulis Jacq.","Cucurbitaceae",,"(Jacq.) Sw.","chuchu, cayota, chayote","Plantae","Magnoliophyta","Magnoliopsida","Violales","Cucurbitaceae","Sechium",
"Selaginella kraussiana","C5LD","Selaginella kraussiana (Kunze) A.Braun","Selaginellaceae",,"(Kunze) A. Braun","musgo-tapete","Plantae","Tracheophyta","Lycopodiopsida","Selaginellales","Selaginellaceae","Selaginella","Plantas ornamentais"
"Senecio madagascariensis","GVNW","Senecio madagascariensis Poir.","Asteraceae",,"Poir.","senecio, fireweed","Plantae","Magnoliophyta","Magnoliopsida","Asterales","Asteraceae","Senecio",
"Senna macranthera","J5PB","Senna macranthera (DC. ex Collad.) H.S.Irwin & Barneby","Fabaceae",,"(Collad.) Irwin et Barn.","aleluia, cabo-verde, fedegoso, ibixuna, mamangá, manduirana, pau-fava, tararaçu","Plantae","Magnoliophyta","Magnoliopsida","Fabales","Fabaceae","Senna","Plantas ornamentais"
"Serrasalmus maculatus","CHS6","Serrasalmus maculatus Kner, 1858","Serrasalmidae",,"Kner, 1858","pirambeba, piranha, piranha-preta, ruby red pirana","Animalia","Chordata","Actinopterygii","Characiformes","Characidae","Serrasalmus","Peixes de aquicultura"
"Serrasalmus marginatus","5QCW","Serrasalmus marginatus Valenciennes, 1836","Serrasalmidae",,"Valenciennes, 1847","piranha, spotted piranha","Animalia","Chordata","Actinopterygii","Characiformes","Characidae","Serrasalmus",
"Serrasalmus spilopleura","529W","Serrasalmus spilopleura Kner, 1858","Serrasalmidae",,"(Kner, 1858)","piranha, speckled piranha","Animalia","Chordata","Actinopterygii","Characiformes","Characidae","Serrasalmus","Peixes de aquário; Pesca desportiva"
"Sesbania virgata","9R2Y","Sesbania virgata (Cav.) Poir.","Fabaceae",,"(Cav.) Poir.","cambaí-amarelo, feijãozinho, mãe-josé, saranzinho, wand riverhemp","Plantae","Magnoliophyta","Magnoliopsida","Fabales","Fabaceae","Sesbania",
"Sidneioides peregrinus","5CJ6","Sidneioides peregrinus Kremer, Metri & Rocha, 2011","Polyclinidae",,"Kremer, Metri & Rocha, 2011","ascídia","Animalia","Chordata","Ascidiacea","Enterogona","Polyclinidae","Sidneioides","Espécies marinhas"
"Silurus glanis","35PH","Silurus glanis Linnaeus, 1758","Siluridae",,"Linnaeus, 1758","siluro-europeu, sheatfish","Animalia","Chordata","Actinopterygii","Siluriformes","Siluridae","Silurus","Peixes de aquicultura; Pesca desportiva"
"Sorubim lima","577","Sorubim lima (Bloch & Schneider, 1801)","Pimelodidae",,"(Bloch & Schneider, 1801)","bico-de-pato, surubim, duckbill catfish, shovel-nosed catfish","Animalia","Chordata","Actinopterygii","Siluriformes","Pimelodidae","Sorubim","Peixes de aquário; Pesca desportiva"
"Spathodea campanulata","GHQT","Spathodea campanulata P. Beauv.","Bignoniaceae",,"P. Beauv.","árvore-da-bisnaga, tulipa-africana, tulipeiro-africano, african-tulip-tree","Plantae","Magnoliophyta","Magnoliopsida","Scrophulariales","Bignoniaceae","Spathodea","Plantas ornamentais"
"Sphaeroma serratum","D63M","Sphaeroma serratum (Fabricius, 1787)","Sphaeromatidae",,"(Fabricius, 1787)","bicho-de-contas, isopoda","Animalia","Arthropoda","Malacostraca","Isopoda","Sphaeromatidae","Sphaeroma","Espécies marinhas"
"Steindachnerina brevipinna","CB27","Steindachnerina brevipinna (Eigenmann & Eigenmann, 1889)","Curimatidae",,"(Eigenmann & Eigenmann, 1889)","biru, curimba, saguiru","Animalia","Chordata","Actinopterygii","Characiformes","Curimatidae","Steindachnerina","Pesca desportiva"
"Sterculia foetida","94FP","Sterculia foetida L.","Malvaceae",,"Linneaus","chichá, chichá fedorento, java olive, peon, poon tree, skunk tree, wild indian almond","Plantae","Magnoliophyta","Magnoliopsida","Malvales","Sterculiaceae","Sterculia","Plantas ornamentais"
"Stragulum bicolor","3MP9","Stragulum bicolor Ofwegen & Haddad, 2011","Clavulariidae",,"(van Ofwegen & Haddad, 2011)","octocoral","Animalia","Cnidaria","Anthozoa","Alcyonacea","Clavulariidae","Stragulum","Espécies marinhas"
"Striatobalanus amaryllis","CP44","Striatobalanus amaryllis (Darwin, 1854)","Archaeobalanidae",,"(Darwin, 1854)","barnacle, craca","Animalia","Arthropoda","Maxillopoda","Sessilia","Archaeobalanidae","Striatobalanus","Espécies marinhas"
"Sturnus vulgaris","92ZH","Sturnus vulgaris Linnaeus, 1758","Sturnidae",,"Linnaeus, 1758","estorninho, common starling, estornino pinto, étourneau sansonnet, european starling","Animalia","Chordata","Aves","Passeriformes","Sturnidae","Sturnus",
"Styela plicata","DXBL","Styela plicata (Lesueur, 1823)","Styelidae",,"(Lesueur, 1823)","ascídia-solitária","Animalia","Chordata","Ascidiacea","Pleurogona","Styelidae","Styela","Espécies marinhas"
"Sus scrofa","7GXB","Sus scrofa Linnaeus, 1758","Suidae",,"(Linnaeus, 1758)","javali, porco-monteiro, feral pig","Animalia","Chordata","Mammalia","Artiodactyla","Suidae","Sus",
"Swietenia macrophylla","S7S","Swietenia macrophylla King","Meliaceae",,"King","mogno, acajou, aguano, big-leaf mahogany, broadleaved mahogany, caoba, Honduras mahogany, sky fruit tree","Plantae","Magnoliophyta","Magnoliopsida","Sapindales","Meliaceae","Swietenia",
"Syngonium angustatum","BX9","Syngonium angustatum Schott","Araceae",,"Schott","singônio, arrowhead vine, goosefoot","Plantae","Magnoliophyta","Liliopsida","Alismatales","Araceae","Syngonium","Plantas ornamentais"
"Syngonium podophyllum","HJQ4","Syngonium podophyllum Schott","Araceae",,"Schott","singônio, arrowhead plant","Plantae","Magnoliophyta","Liliopsida","Alismatales","Araceae","Syngonium","Plantas ornamentais"
"Syzygium aromaticum","69DX","Syzygium aromaticum (L.) Merr. & L.M.Perry","Myrtaceae",,"(L.) Merr. & L.M.Perry","craveiro, cravo-da-índia, clove","Plantae","Magnoliophyta","Magnoliopsida","Myrtales","Myrtaceae","Syzygium",
"Syzygium cumini","7GBZ","Syzygium cumini (L.) Skeels","Myrtaceae",,"(L.) Skeels","azeitona-da-terra, jambolão, jamelão, murta, black plum, ciruelo de Java, damson plum, guayabo pesgua, jambolan plum, Jambolanapflaume","Plantae","Magnoliophyta","Magnoliopsida","Myrtales","Myrtaceae","Syzygium","Plantas ornamentais"
"Syzygium jambos","GMFG","Syzygium jambos (L.) Alston","Myrtaceae",,"(L.) Alston","jambeiro, jambosier, jambrosade, jamrosa, jamrosat, manzana rosa, pomarrosa, rose apple, yambo","Plantae","Magnoliophyta","Magnoliopsida","Myrtales","Myrtaceae","Syzygium","Plantas ornamentais"
"Syzygium malaccense","8B6B","Syzygium malaccense (L.) Merr. & L.M.Perry","Myrtaceae",,"(L.) Merr. & LM Perry","jambo-rosa, jambo-vermelho, malay apple, mountain apple","Plantae","Magnoliophyta","Magnoliopsida","Myrtales","Myrtaceae","Syzygium","Plantas ornamentais"
"Taliepus dentatus","5RLX","Taliepus dentatus (Milne-Edwards, 1834)","Epialtidae",,"(H. Milne Edwards, 1834)","panchote","Animalia","Arthropoda","Malacostraca","Decapoda","Majidae","Taliepus","Espécies marinhas"
"Tecoma stans","7MP4","Tecoma stans (L.) Juss. ex Kunth","Bignoniaceae",,"(L.) Juss. ex Kunth","amarelinho, guarã-guarã, ipê-amarelo-de-jardim, ipê-de-jardim, ipê-mirim, ipêzinho-de-jardim, sinos-amarelos, yellow bells, yellow elder","Plantae","Magnoliophyta","Magnoliopsida","Scrophulariales","Bignoniaceae","Tecoma","Plantas ornamentais"
"Temora turbinata","Z2L","Temora turbinata (Dana, 1849)","Temoridae",,"(Dana, 1849)","copépode","Animalia","Arthropoda","Hexanauplia","Calanoida","Temoridae","Temora","Espécies marinhas"
"Terminalia catappa","523F","Terminalia catappa L.","Combretaceae",,"L.","amendoeira, cantanhola, castanheira, chapéu-de-sol, sete-copas, sombreiro, Almendro, india almond, tropical almond","Plantae","Magnoliophyta","Magnoliopsida","Myrtales","Combretaceae","Terminalia","Plantas ornamentais"
"Tetragonia tetragonoides","3NTB","Tetragonia tetragonoides (Pall.) Kuntze","Aizoaceae",,"(Pall.) Kuntze","espinafre-da-nova-zelândia, New Zealand spinach, warrigal spinach","Plantae","Magnoliophyta","Magnoliopsida","Caryophyllales","Aizoaceae","Tetragonia",
"Tetragonopterus argenteus","264627","Tetragonopterus argenteus","Characidae",,"(Cuvier, 1817)","sauá","Animalia","Chordata","Actinopterygii","Characiformes","Characidae","Tetragonopterus","Peixes de aquicultura"
"Tetrapanax papyrifer","GGP7","Tetrapanax papyrifer (Hook.) K.Koch","Araliaceae",,"(Hook.) K. Koch","árvore-do-papel-de-arroz, rice paper plant","Plantae","Magnoliophyta","Magnoliopsida","Apiales","Araliaceae","Tetrapanax","Plantas ornamentais"
"Thespesia populnea","9KZW","Thespesia populnea (L.) Sol. ex Corrêa","Malvaceae",,"(L.) Soland. ex Correa","tespésia, portia-tree, seaside-manhoe","Plantae","Magnoliophyta","Magnoliopsida","Malvales","Malvaceae","Thespesia","Plantas ornamentais"
"Thunbergia alata","D9Z3","Thunbergia alata Bojer ex Sims","Acanthaceae",,"Bojer ex Sims","amarelinha, bunda-de-mulata, bunda-de-negro, carólia, cipó-africano, cu-de-cachorro, erva-de-cabrita, jasmim-da-itália, jasmim-sombra, maria-sem-vergonha, olho-de-poeta, olho-preto, suzana-dos-olhos-negros, black-eye susan vine","Plantae","Magnoliophyta","Magnoliopsida","Scrophulariales","Acanthaceae","Thunbergia","Plantas ornamentais"
"Thunbergia grandiflora","HZ8W","Thunbergia grandiflora Roxb.","Acanthaceae",,"Roxb.","azulzinha, tumbérgia-azul, bengal trumpet","Plantae","Magnoliophyta","Magnoliopsida","Scrophulariales","Acanthaceae","Thunbergia","Plantas ornamentais"
"Tithonia diversifolia","5C2F","Tithonia diversifolia (Hemsl.) A.Gray","Asteraceae",,"(Hemsl.) A. Gray","boldo-Japonês, girassol Mexicano, margaridão-Amarelo, titônia, mexican sunflower, petit fleur soleil, tree marigold","Plantae","Magnoliophyta","Magnoliopsida","Asterales","Asteraceae","Tithonia","Plantas ornamentais"
"Trachelyopterus galeatus","HQ6K","Trachelyopterus galeatus (Linnaeus, 1766)","Auchenipteridae",,"(Linnaeus, 1766)","cangati, capatinho","Animalia","Chordata","Actinopterygii","Siluriformes","Auchenipteridae","Trachelyopterus","Peixes de aquário; Pesca desportiva"
"Trachelyopterus lucenai","6TR5","Trachelyopterus lucenai Bertoletti, Pezzi da Silva & Pereira, 1995","Auchenipteridae",,"(Bertoletti, Pezzi da Silva & Pereira, 1995)","porrudo, peñarol","Animalia","Chordata","Actinopterygii","Siluriformes","Auchenipteridae","Trachelyopterus",
"Trachemys dorbigni","39MP","Trachemys dorbigni (Duméril & Bibron, 1835)","Emydidae",,"(Duméril and Bibron, 1835)","tigre-d'água, brazilian slider, orbigny's slider","Animalia","Chordata","Reptilia","Testudines","Emydidae","Trachemys","Pets"
"Trachemys scripta","HLPP","Trachemys scripta (Schoepff, 1792)","Emydidae",,"(Schoepff, 1792)","tartaruga-americana, tartaruga-de-orelha-vermelha, gelbwangen-schmuckschildkroete, red-eared slider, red-eared slider terrapin","Animalia","Chordata","Reptilia","Testudines","Emydidae","Trachemys","Pets"
"Trachydoras paraguayensis","4VKD","Trachydoras paraguayensis Eigenmann & Ward, 1907","Doradidae",,"(Eigenmann & Ward in Eigenmann, McAtee & Ward, 1907)","armadinho","Animalia","Chordata","Actinopterygii","Siluriformes","Doradidae","Trachydoras","Peixes de aquário"
"Tradescantia fluminensis","DDYL","Tradescantia fluminensis Vell.","Commelinaceae",,"Vell.","trapoeraba","Plantae","Magnoliophyta","Liliopsida","Commelinales","Commelinaceae","Tradescantia","Plantas ornamentais"
"Tradescantia zebrina","6FR5","Tradescantia zebrina Heynh. ex Bosse","Commelinaceae",,"Heynh. ex Bosse","judeu-errante, lambari, trapoeraba-roxa, wandering jew","Plantae","Magnoliophyta","Liliopsida","Commelinales","Commelinaceae","Tradescantia","Plantas ornamentais"
"Trichopodus trichopterus","8D32","Trichopodus trichopterus (Pallas, 1770)","Helostomatidae",,"(Pallas, 1770)","gourami, tricogaster, tricogaster-azul, golden gourami, marbled gourami, opaline gourami, three spot gourami","Animalia","Chordata","Actinopterygii","Perciformes","Osphronemidae","Trichogaster","Peixes de aquário"
"Tricopsis vittata","HQVN","Trichopsis vittata (Cuvier, 1831)","Osphronemidae van-der",,"(Cuvier, 1831)","croaking gourami, talking gourami","Animalia","Chordata","Actinopterygii","Perciformes","Osphronemidae","Tricopsis","Peixes de aquário"
"Triportheus angulatus","7QBY","Triportheus angulatus (Spix & Agassiz, 1829)","Triportheidae",,"(Spix & Agassiz, 1829)","sardinha, sardinha-papuda, sapanama, sardina","Animalia","Chordata","Actinopterygii","Characiformes","Characidae","Triportheus","Pesca desportiva"
"Triportheus nematurus","GLF2","Triportheus nematurus (Kner, 1858)","Triportheidae",,"(Kner, 1858)","sardela, sardinha","Animalia","Chordata","Actinopterygii","Characiformes","Characidae","Triportheus","Pesca desportiva"
"Triportheus signatus","FWK5","Triportheus signatus (Garman, 1890)","Triportheidae",,"(Garman, 1890)","piaba, sardela, sardinha","Animalia","Chordata","Actinopterygii","Characiformes","Characidae","Triportheus","Pesca desportiva"
"Tubastraea coccinea","8RWW","Tubastraea coccinea Lesson, 1829","Dendrophylliidae",,"Lesson, 1829","coral laranja, coral-sol, dont- coraux- récifaux, orange cup coral, orange tube coral, sunflower coral","Animalia","Cnidaria","Anthozoa","Scleractinia","Dendrophylliidae","Tubastraea","Espécies marinhas"
"Tubastraea tagusensis","5CZQ","Tubastraea tagusensis (Wells, 1982)","Dendrophylliidae",,"Wells, 1982","coral-sol, dont- coraux- récifaux, hard-coral, stony-coral","Animalia","Cnidaria","Anthozoa","Scleractinia","Dendrophylliidae","Tubastraea","Espécies marinhas"
"Ulex europaeus","9SYJ","Ulex europaeus L.","Fabaceae",,"L.","tojo, gorse","Plantae","Magnoliophyta","Magnoliopsida","Fabales","Fabaceae","Ulex","Plantas ornamentais"
"Urena lobata","FZ73","Urena lobata L.","Malvaceae",,"L.","carrapicho-do-mato, guaxima-roxa, malva-roxa, aramina, caesar weed, cousin urène, hibiscus burr, jute africain","Plantae","Magnoliophyta","Magnoliopsida","Malvales","Malvaceae","Urena","Plantas ornamentais"
"Urochloa arrecta","9KS3","Urochloa arrecta (Hack. ex T.Durand & Schinz) Morrone & Zuloaga","Poaceae",,"(Hack. ex T.Durand & Schinz) Morrone & Zuloaga","braquiária-da-água, braquiária-do-brejo, capim-gabriel, tanner-grass","Plantae","Magnoliophyta","Liliopsida","Poales","Poaceae","Urochloa","Plantas forrageiras"
"Urochloa brizantha","PMX","Urochloa brizantha (Hochst. ex A.Rich.) R.D.Webster","Poaceae",,"(Hochst. ex A. Rich.) R.D. Webster","braquiária, braquiária-do-alto, braquiária-do-morro, braquiárião, capim-marandu","Plantae","Magnoliophyta","Liliopsida","Poales","Poaceae","Urochloa","Plantas forrageiras"
"Urochloa dictyoneura","DLKF","Urochloa dictyoneura (Fig. & De Not.) Veldkamp","Poaceae",,"(Fig. & De Not.) Veldkamp","braquiária, braquiária-passo-passo, braquiarinha, capim-agulha, espetudinha, grama-do-pará, quicuio-da-amazônia","Plantae","Magnoliophyta","Liliopsida","Poales","Poaceae","Urochloa","Plantas forrageiras"
"Urochloa distachya","34J7","Urochloa distachya (L.) T.Q.Nguyen","Poaceae",,"(L.) T.Q.Nguyen","braquiária, grama-do-gabriel","Plantae","Magnoliophyta","Liliopsida","Poales","Poaceae","Urochloa","Plantas forrageiras"
"Urochloa eminii","CCGS","Urochloa eminii (Mez) Davidse","Poaceae",,"(Mez) Davidse","braquiária, capim-braquiária","Plantae","Magnoliophyta","Liliopsida","Poales","Poaceae","Urochloa","Plantas forrageiras"
"Urochloa mutica","FPX5","Urochloa mutica (Forssk.) T.Q.Nguyen","Poaceae",,"(Forssk.) R.D. Webster ex Zon","angolinha, bengo, braquiária, capim-angola, capim-bengo, capim-branco, capim-das-ilhas, capim-de-cavalo, capim-de-corte, capim-de-lastro, capim-de-pará, capim-de-planta, capim-fino, capim-planta, erva-do-pará, admirable, egipto","Plantae","Magnoliophyta","Liliopsida","Poales","Poaceae","Urochloa","Plantas forrageiras"
"Urochloa plantaginea","V2D","Urochloa plantaginea (Link) R.D.Webster","Poaceae",,"(Link) R.D. Webster","capim-são-paulo","Plantae","Magnoliophyta","Liliopsida","Poales","Poaceae","Urochloa","Plantas forrageiras"
"Urochloa sp.",,,,,"Palisot","braquiária","Plantae","Magnoliophyta","Liliopsida","Poales","Poaceae","Urochloa","Plantas forrageiras"
"Urochloa subquadripara","XDV","Urochloa subquadripara (Trin.) R.D.Webster","Poaceae",,"(Trin.) R.D. Webster","braquiária, grama-do-grabriel, tenner-grass, tanner grass","Plantae","Magnoliophyta","Liliopsida","Poales","Poaceae","Urochloa","Plantas forrageiras"
"Urochloa trichopus","BRKR","Urochloa trichopus (Hochst.) Stapf","Poaceae",,"(Hochst.) Stapf","capim-urocloa, common urochloa, gonya grass","Plantae","Magnoliophyta","Liliopsida","Poales","Poaceae","Urochloa","Plantas forrageiras"
"Vibrio cholerae","338530","Vibrio cholerae Pacini, 1854","Vibrionaceae",,"Pacini 1854","vibrião-colérico","Monera","Proteobacteria","Gamma Proteobacteria","Vibrionales","Vibrionaceae","Vibrio","Espécies marinhas"
"Watersipora subtorquata","8P6B","Watersipora subtorquata (d'Orbigny, 1852)","Watersiporidae",,"(dOrbigny, 1852)","briozoário, red-rust bryozoan","Animalia","Bryozoa","Gymnolaemata","Cheilostomata","Watersiporidae","Watersipora","Espécies marinhas"
"Xenopus laevis",,,,,"(Daudin, 1802)","rã-africana, african-clawed-frog, common-platanna, glatter-krallenfrosch, rana-de-garras-africana","Animalia","Chordata","Amphibia","Anura","Pipidae","Xenopus",
"Xiphophorus hellerii","C4BC","Xiphophorus hellerii Heckel, 1848","Poeciliidae",,"(Heckel, 1848)","espada, swordtail","Animalia","Chordata","Actinopterygii","Cyprinodontiformes","Poeciliidae","Xiphophorus","Peixes de aquário"
"Xiphophorus maculatus","B2G6","Xiphophorus maculatus (Günther, 1866)","Poeciliidae",,"(Günther, 1866)","plati-mickey, espada sureña, moon, moon fish, plati, platy, southern platy, southern platyfish","Animalia","Chordata","Actinopterygii","Cyprinodontiformes","Poeciliidae","Xiphophorus","Peixes de aquário"
"Xiphophorus variatus","BC6W","Xiphophorus variatus (Meek, 1904)","Poeciliidae",,"(Meek, 1904)","espada, plati, espada de valles, sunset platy, variable platyfish, variegated platy","Animalia","Chordata","Actinopterygii","Cyprinodontiformes","Poeciliidae","Xiphophorus","Peixes de aquário"
"Yucca filamentosa","GL6R","Yucca filamentosa L.","Asparagaceae",,"L.","agulha-de-adão, adam's needle, aiguille d'Adam, needle palm, spoonleaf yucca, yucca filamenteux","Plantae","Magnoliophyta","Liliopsida","Asparagales","Asparagaceae","Yucca","Plantas ornamentais"
"Zaprionus indianus","945L","Zaprionus indianus Gupta, 1970","Drosophilidae",,"(Gupta, 1970)","mosca, mosca-do-figo","Animalia","Arthropoda","Insecta","Diptera","Drosophilidae","Zaprionus",
"Zaprionus tuberculatus","CDXK","Zaprionus tuberculatus (Malloch, 1932)","Drosophilidae",,"Malloch, 1932",,"Animalia","Arthropoda","Insecta","Diptera","Drosophilidae","Zaprionus",
"Zoobotryon verticillatum","4J2Q","Amathia verticillata (delle Chiaje, 1822)","Vesiculariidae",,"(Della Chiaje, 1822)","briozoário, spaghetti bryozoan","Animalia","Bryozoa","Gymnolaemata","Ctenostomata","Vesiculariidae","Zoobotryon","Espécies marinhas"
